Type,ID,Title,S1,S2,S3,S4,S5,S6,S7,S8,Sentence
P0281,1,十大低糖水果排行榜,,,,,,,,,又想吃水果，又担心发胖，还要关心自己的血糖高低，那有哪些水果是低糖的 呢
P0888,2,肚子越大，脑子越小？肚子大可能“藏”着这些风险,,,,,,,,,尤其是腹型肥胖与高血压关系密切
P1010,3,身材决定寿命？研究发现：活过80岁的老人，身材大多有两个特征,,,,,,,,,为什么微胖更长寿呢
P0921,4,“胖死”成真！欧洲人拿什么拯救失控的体重…连“小瘦子”法国人都“膨胀”了？,,,,,,,,,在多数人的印象中，欧洲人比较“肥美”，“丰乳肥臀”的性感女神们更是让人过目不忘、垂涎不已
P0601,5,“梨形身材是基因彩票”上热搜，网友：谢谢，有被安慰到,,,,,,,,,Individuals with this H-shaped body type usually have low body fat and a lower risk of metabolic diseases. 沙漏形（X形）身材 特点：腰部细，胸部丰满，臀部曲线优美，肩部与臀部宽度相近
P1015,6,这4 种食物，“自带”黄体酮，女人 45 岁后要多吃，利于皮肤有弹性,,,,,,,,,3、黑米 现在很多人都不喜欢吃米饭，一方面 是担心热量高长胖，另一方面也是担心血 糖升高，但是女性不能不吃碳水，所以把 白米饭切换成黑米就是很好的选择
P0338,7,吴秀波退圈5年后称被骗破产 身材发福气质不再,,,,,,,,,身材发福，大腹便便，穿着依然时髦得体
P1059,8,“重”视体重，“轻”松生活：肥胖问题我们说清楚,,,,,,,,,正确的做法是：从小建立健康饮食习惯和规律运动，而不是放任“长胖”
P0885,9,职场有毒！24岁华人妹子上班1年增重40斤！辞职后的变化震惊全球网友…,,,,,,,,,城市化与人口流动正是导致中国上班族发胖的两大因素
P0568,10,"最严重的青少年肥胖爆发:中国胖娃3000万,速度罕见",,,,,,,,,在刘云曼的印象中，内分泌科、儿保科就有肥胖孩子，不过前来就诊的，主要都是学龄 儿童
P1043,11,那些一胖就胖肚子的人，后来都怎么样了？,,,,,,,,,过多的内脏脂肪会让腹部赘肉堆积，但这只是表层危害，它还会让代谢迟缓、内脏机能异常，肝功能衰退以及引发心脏病、高血压等心脑血管疾病
P1047,12,郑爽近照曝光:身材发福 穿名牌染黄发变精神小妹,,,,,,,,,从郑爽变胖来看，也 间接辟谣了“天生瘦”体质的说法，说明这些标签只不过为了明星人设服务，退圈就崩了
P0453,13,少女成長的轉折點,,,,,,,,,"少女成长的转折点 过胖或过瘦也都是导致少女月经异常,甚至引起月经不来的常见原因"
P0048,14,200斤女孩为美狂瘦至90斤 ！要么瘦，要么死,短期内的暴肥,,,,,,,,她也尝试过ALL IN（一种治疗ED的饮食方法，即想吃就吃，想吃什么吃什么），但身体完全承受不了过载的营养，短期内的暴肥和水肿更是折磨
P1009,15,身材决定寿命？研究发现：大腿粗、屁股大的人，可能更长寿,,,,,,,,,4、腰臀比 腰臀比（腰围/臀围）能反映中心型肥胖的程度
P0658,16,潘玮柏大走钟「胖到看不见脖子」 网笑：应该改名叫「潘玮厚」,,,,,,,,,」、「来香港吧，线在这款比较吃香」、「他嘴怎么这么馋」、「他的脖子呢
P0731,17,"澳洲超市最受欢迎的超级水果, 竟能解决困扰无数人的问题! $2就能买到",,,,,,,,,这里腹部肥胖有明确标准，女性腰围达到或超过35英寸，男性达到或超过40英寸
P1059,18,“重”视体重，“轻”松生活：肥胖问题我们说清楚,,,,,,,,,❓问：女性更容易胖，是因为激素吗
P0087,19,一个月只吃赛百味，小哥成功减肥：做对这些，快餐瘦身比吃药快8倍,,,,,,,,,无论如何，减肥的首要目的，应该是健康， 而弗里亚斯也通过肉测把容易发胖且没营养的选项给大家列出来了：碳酸饮料，饼干，白面包...
P1098,20,韩庚演唱会被嘲吃相难看！脸僵像王阳身材像黄渤，舞都跳不动了,,,,,,,,,只能说他现在壮硕发福的身材再加上这套黑西装，越来越像黄渤了，有种公司团建 聚会，小组长喝多了，KTV给老板露一手的感觉
P0949,21,被傳復胖 賈玲生日照曝光,,,,,,,,,贾玲一点也没有复胖的迹象
P0192,22,侮辱or玩笑？华人也在用的“修图神器”引发争议，已紧急下架,,,,,,,,,大家拿自己的胖瘦对比图，来激励或者是恐吓自己，不要变胖
P0870,23,【美女】163cmD杯女私教，身材超100分，根本顶不住啊,,,,,,,,,网友：这大概就是微胖中的极品身材
P1076,24,"阿娇2个月内体重如过山车,最新巡演体重失控又复胖",才过去没多久的时间,,,,,,,,但这才过去没多久的时间，阿娇就胖成了现在这样，着实令人意外，不知道是不是和最近的小三风波有关
P0100,25,七成高血压归因于“胖”！这种肥胖类型最危险……,,,,,,,,,门诊中，不少患者因血压升高前来就诊，寻找病因，其中不少人认为是生活工作压力大导致的，其实肥胖、腰粗的威胁更大
P0867,26,【美女】35岁翘臀姐姐，竟泡走26岁小鲜肉，这“水蜜桃“身材我沦陷了...,,,,,,,,,经历发胖＋抑郁的她，迎来的不是老公的安慰和鼓励，而是各种嫌弃和嘲讽
P0643,27,海航管控空姐体重:超重10%立即停飞 律师:违法,,,,,,,,,“如果纯粹因为视觉审美的考虑就剥夺体型偏胖的空乘正常工作的权利，这绝对是就业歧 视，出台、执行这样的规定对于作为劳动者的空乘，丝毫没有尊重
P0145,28,中年因“发福”变“大妈”？网友：不同阶段不同美，别身材焦虑,,,,,,,,,“中年因‘发福’变‘大妈’
P1063,29,重马胖女孩”意外出圈 曾是8块腹肌“追风少女”,,,,,,,,,”“重马胖女孩”也因此迅速走红，她的社交媒体账号也被挖出，名叫“健身女货在路上”
P0335,30,吴奇隆发福变油腻 与《英雄本色》女主亲如母子,,,,,,,,,其实在今年7月，吴奇隆接连被网民野生捕获，当时被拍下疑似凸腩发福的照片，事后照片在网络疯传，因发现他的肚腩颇为突出，与过往结实身材有很大出入，有网民留言：肉眼可见胖好多、肚子很明显、虽然胖了一点，但是还是很帅气的、肉眼可见的发福，要注意身材管理呀、吴奇隆发福了
P0041,31,"58岁王祖贤加拿大做义工被偶遇! 发福走样, 颜值暴跌? 网友吵翻了…",,,,,,,,,有网友感叹，从法会照片来看，58岁王祖贤的身材已经走样，发福了不少，侧面看都很臃肿的样子
P1035,32,逆龄美貌? 75岁王薇薇穿白裙出席颁奖会引发争议,,,,,,,,,有人质疑：“为何瘦可以被称赞，而稍微胖一点就会被批评
P1009,33,身材决定寿命？研究发现：大腿粗、屁股大的人，可能更长寿,,,,,,,,,这类肥胖被称之为“苹果型”肥胖，在男性步入中年时期时较为多见，与生活方式之间有直接关系
P0871,34,【美女】对不起！男人眼中的微胖，长这样,,,,,,,,,4、女生微胖的身材是福气的象征，因此微胖女生更讨长辈的欢心
P0406,35,奇葩！就因男友喜欢胖子！澳洲美女模特增肥至357斤！网友们都替她急死了！,,,,,,,,,主持人还提了一个所有人都好奇的问题：我们知道，你之所以会长胖，是因为杰夫喜欢你现在这样
P0625,36,汪峰带森林北在新疆过七夕，为她买珠宝男友力十足,,,,,,,,,汪峰的状态越来越好了，不仅人变年轻了还有幸福肥，谈了一年还如此腻歪，看来 森林北有望转正，也祝他们早日修成正果
P0055,37,2025体重新标准公布！100斤都算超重？,,,,,,,,,周末回家的时候就被楼下的嬢嬢说长胖了...但其实，我的体重是没有变化的
P0524,38,拒绝中年“发福”，从这12件小事入手，生活化“减脂”！,,,,,,,,,拒绝中年“发福”，从这12件小事入手，生活化“减脂”
P1009,39,身材决定寿命？研究发现：大腿粗、屁股大的人，可能更长寿,,,,,,,,,此外，“苹果型”肥胖人群多还会伴有糖尿病、高血压、高血脂，以及高尿酸血症等代谢异常，其中还有部分人群会罹患心血管疾病
P1009,40,身材决定寿命？研究发现：大腿粗、屁股大的人，可能更长寿,总是男人胖肚，女人胖腿,,,,,,,,参考资料： [1]《为啥总是男人胖肚，女人胖腿
P1094,41,青少年减重别盲目：“饿瘦”不可取，“养瘦”才科学！,,,,,,,,,所以，阳光+牛奶+适度补剂，比靠“喝水都长肉”的无奈要聪明多了🌞🥛
P0528,42,挺住，别躺平！30岁后的男人，减掉肚腩才能赢未来,,,,,,,,,2024年，不再逃避，减掉烦人的大肚子，从此让健康与自信伴随你每一天
P0658,43,潘玮柏大走钟「胖到看不见脖子」 网笑：应该改名叫「潘玮厚」,,,,,,,,,潘玮柏近日在苏州举办演唱会，有眼尖网友发现，他在南京场时还有明显下颚线，不料到了苏州 场时脖子与下巴乍看之下紧黏在一起，而变胖的潘玮柏也因为跳舞显得 笨拙
P1052,44,郭碧婷复工状态引热议 身材发福越来越像向太,,,,,,,,,从外观来看，裙身的造型很有特点，叠加与不规则的设计元素让这款小裙子充满潮流 感，但很容易产生增肥的视觉效果，会让身材略微丰满的女生看起来更加圆润
P0373,45,在澳洲，胖是可以被原谅的！,一来澳洲就,,,,,,,,为什么一来澳洲就会变胖呢
P0873,46,​美女微胖妹子腿粗到爆，却俘获几十万直男，网友：这身材致命,,,,,,,,,用节食得到的身材虽然纤细 但也充满着病态的虚弱 于是她决定终止节食计划 在友人的建议下 选择健身来让自己的身体重新 焕发健康的活力状态 说到做到的Grace 每周都会坚持去健身房 进行3~4次的力量训练 为了让身材更加的紧致有型 每次训练不到力竭绝不停歇 好看的翘臀都不是凭空而来的 Grace在健身房最常做的就是臀腿训练 对自己高标准严要求的她 每一个训练动作都力求完美 以达到最大限度的刺激肌肉生长 一个人的健身终究有些许孤独 每当Grace觉得太累难坚持的时候 就会叫好友一同前往健身 大家相互辅助相互鼓励相互监督 只为让自己变得更加优秀 Grace除了热爱撸铁之外 还是一名瑜伽爱好者 在一天的忙碌结束后 她都会选择做一套瑜伽 在放松身心的同时 也很好地锻炼了身体的柔韧性 在日复一日的挥洒汗水中 初尝了健身给身体带来变化的喜悦后 Grace对于健身愈加地积极和主动 没有什么事情是一蹴而就的 唯有坚持才能让人脱胎换骨 天气晴朗的时候 Grace喜欢去户外骑自行车 放松心情的同时 也完成当天的运动消耗量 每天早上 她都会去海边跑上几个来回 一边呼吸着新鲜空气 一边沐浴着温暖的阳光 开启美好的一天 跑完步后再来一组拉伸 在缓解肌肉紧张的同时 还能有效地促进肌肉的生长 为了更好地保持身材 Grace的饮食习惯也发生了改变 放弃了高油高脂的食物 吃起了营养均衡的健身餐 晨跑结束之后 早餐是美味健康的燕麦酸奶杯 午餐时遵循着 高蛋白、低碳水的饮食法则 晚餐通常都以沙拉为主 清爽、健康、不给肠胃 增加太多负担 在健身和饮食的双重坚持下 Grace的体重虽然重返130斤 但整个身形比之前更加的紧致健美 女性的曲线魅力展露无遗 如今的她不再在乎 他人的闲言碎语 重拾自信的她 真正体现了女生的阳光美和丰满美 对于体重过分在意 并用极端的方式去对待自己 并不能让你获得想要的美丽 唯有健身和健康的饮食 才能让你变成越来越好的自己 这样的“胖”女孩 你喜欢吗
P0047,47,87岁范曾找到了，37岁娇妻徐萌已怀孕生子,,,,,,,,,徐萌看起来胖了一大圈，和以往的好身材不一样，她穿着月子服，是一个产后的状态，看起来已经生完了孩子
P1009,48,身材决定寿命？研究发现：大腿粗、屁股大的人，可能更长寿,,,,,,,,,3、脖围 男性颈围应<38cm、女性<35cm，如果超过这个数值则说明颈部皮下脂肪过多
P0085,49,一个人胖不胖，看“圆度指数”，比 BMI 更靠谱,,,,,,,,,另外还有一类人会被 BMI 指数定义为体重正常甚至还偏低，他们远看瘦瘦的，侧面看瘦长的躯干上却挂着明显的大肚腩，一测体成分内脏脂肪超标，这类人就是“瘦瘦的高脂人群”，是 BMI 指数测不出的漏网之鱼
P0357,50,国家喊你减肥真相曝光：中国已成超重大国，胖下去后果太严重,,,,,,,,,研究显示，即使BMI正常，14%的人仍属腹型肥胖，尤其是男性，因激素影响更容易囤积内脏脂肪
P0251,51,减肥不能碰“瓜子”？坦白说：不想腰上长赘肉，3种食物莫要贪吃,,,,,,,,,02坦白说：不想腰上长赘肉，3种食物莫要贪吃 1. 奶茶 奶茶的推出直接赢得了人们的喜爱，大人小孩都喜欢喝，但是这样一杯奶茶所含的热量极高，相当于两碗米饭的热量
P1009,52,身材决定寿命？研究发现：大腿粗、屁股大的人，可能更长寿,,,,,,,,,肥胖与多种疾病的发生之间有之间关系，尤其是腹部型肥胖的人群更加需要警惕，对此要引起足够的重视，积极减重
P1008,53,身体胖寿命短？医生却说：恭喜你！这2个地方“胖”是好事！,大多从肚子开始发胖,,,,,,,,人一旦发胖了，大多从肚子开始发胖，而腹部有很多重要器官，腰越粗，则代表腹部脂肪越多，从而引发各种疾病
P0441,54,对比41岁贾玲和沈腾老婆后，才发现压力胖和幸福肥的差距一目了然,,,,,,,,,当网友们看到王琦的照片的时候，统一都惊呆了：王琦怎么胖成这样了
P0918,55,胖一点的老人和瘦一点的老人，谁更长寿？调查55万人后给出答案,,,,,,,,,》.人卫健康.2023-01-18 [2] 《50多万人研究发现：“微胖”的人更长寿
P1076,56,"阿娇2个月内体重如过山车,最新巡演体重失控又复胖",在那个时候体重开始不受控制,,,,,,,,而阿娇也就是在那个时候体重开始不受控制，因为余衍隆总带她出去吃夜宵，时间一久，阿娇就吃成了“阿爆”，当时阿娇上浪姐之前 胖到不敢认，后来在节目里高强度训练，阿娇才瘦了20斤
P0247,57,冯巩67岁大寿 贾玲搂恩师合影 复胖身形引关注,体重有反弹,,,,,,,,当然，贾玲用十足的毅力瘦下来，即使后来体重有反弹也真的再正常不过
P0179,58,体重120斤以上的女人，别再穿阔腿裤了！换成这3种打扮更时尚显瘦,,,,,,,,,实际上，体重超过120斤的女性穿阔腿裤不仅对显瘦没有帮助，反而会因为阔腿裤的视觉膨胀效果让女性穿得看起来更胖且更矮
P0108,59,不是错觉：过了这个年纪，长胖真的更容易,,,,,,,,,为什么年纪越大，人就越容易长胖呢
P0205,60,【健康知识】胖哪儿都不能胖这里！,,,,,,,,,随着体脂率的下降，你的腰腹赘肉也会逐渐消失，腰围也会慢慢下降
P0902,61,肥胖和代谢有关？每天做对这几件事，代谢变好人也轻盈！,,,,,,,,,代谢健康的人，食物更容易转化为能量而非脂肪，自然不易发胖
P0657,62,潘帅变潘叔？44岁潘玮柏中年发福不敢认，胖至200斤老10岁，网友：快减肥,,,,,,,,,虽然很难抵御美食的诱惑，但出道当歌手以后潘玮柏还是很自律，尤其每当要发新 歌拍MV，都会集中减肥一轮，以免上镜扮酷的样子因为脸肿沦为滑稽
P0770,63,生活養生小妙招,,,,,,,,,"肚脐放一物 入秋除湿气 入秋后,昼夜温差大,体内湿气可能会加重,容易出现便秘、乏力、倦怠、腹型肥胖等状况"
P0257,64,"减肥还能“健脑”!体重减少1%,大脑年轻了9个月",反弹,,,,,,,,一旦恢复正常饮食，特别容易反弹，且很可能比以前还胖
P0285,65,千亿儿媳！54岁李嘉欣高调宣布复出！传开工价5000万,,,,,,,,,对此，不少网友觉得李嘉欣之前太瘦了，如今胖一点状态反而更好了
P0303,66,发胖真有“分界线” 从这个年龄开始代谢急转直下,,,,,,,,,所以，若想有效预防长胖，首要之举便是改变能量收支状况，杜绝过量能量摄入，也就是我们常说的要 “管住嘴”
P0557,67,日本贵族胖哥减肥逆袭成最帅校草，人生刚开挂却意外被捕！,,,,,,,,,不过，让所有人没有想到的是这竟然也是他胖子之路的开始
P0039,68,56岁周立波近况曝光，豪宅内吃大餐老态尽显，发福秃顶撞脸潘长江，6年美国生活变化大,,,,,,,,,如今已经56岁的周立波，看起来比之前胖了一些，脸上的法令纹更加凸显，看起来尽显老态
P0345,69,哪种体型的人更长寿？研究发现：这个部位“细”点好！,,,,,,,,,研究发现了2个特点： 特点一：身材微胖更利于长寿 体重指数（BMI=体重÷身高的平方）每增加1千克/平方米，全因死亡风险降低 4.5%，体重指数在28千克/平方米左右时，死亡风险最低
P0271,70,别再嘲沈腾老婆胖了，这5位男星都娶了“胖老婆”，却个个很宠妻,,,,,,,,,王惠年轻时曾是唱京韵大鼓的，长相不俗，不过结婚生子后也开始发福很多，整个 人变得圆滚滚的，但不影响郭德纲对她的宠爱
P0888,71,肚子越大，脑子越小？肚子大可能“藏”着这些风险,,,,,,,,,"这种肥胖类型被称为腹型肥胖,也叫中心型肥胖或内脏型肥胖,而四肢相对于腹部并不会显 得胖"
P0888,72,肚子越大，脑子越小？肚子大可能“藏”着这些风险,,,,,,,,,② 肚子大“藏”着这些风险
P0357,73,国家喊你减肥真相曝光：中国已成超重大国，胖下去后果太严重,,,,,,,,,同志们，腰围太大，体重超标，有些还得了慢性病
P0274,74,"别超重!体重如果达到这个数,等于大脑早衰了12年",,,,,,,,,究竟有没有健康的胖人
P0698,75,澳洲如此“划分阶层”：你的身材竟然决定了你的阶级！,,,,,,,,,也有的十分肥胖，喜爱快餐
P0480,76,怎么减掉15斤赘肉？学习8个实用方法，让身材瘦下一圈,,,,,,,,,"体型偏胖的人怎么减肥?减肥需要方法,不能盲目节食,否则很容易导致暴饮暴食,减肥失 败"
P0347,77,唐代以胖为美？从唐代服饰探究其真假,,,,,,,,,盛唐气象养出了“圆脸丰腴身”，而唐朝的审美并没有仅仅局限于盛唐时期的“丰腴美”
P0502,78,成年女性逾半腰圍過粗 醫籲母親節用擁抱關心健康,,,,,,,,,演员赵小侨分享，自己以前怎么吃都不会胖，但人工生殖求子期间却开始发福，生下女儿后更所有心思都在孩子身上，直到感受到新陈代谢变慢，即使试过晚间空腹、积极运动等方法，都没有用，随便稍微吃顿丰盛一点的，就会小腹凸出
P1008,79,身体胖寿命短？医生却说：恭喜你！这2个地方“胖”是好事！,,,,,,,,,现如今，越来越多的研究证实，大腿粗才是“宝藏身材”，对身体来说腿粗反而是一件好事，或是长寿候选人
P0007,80,5 个专门胖肚子的坏习惯，你可能天天在做,,,,,,,,,生活中很多小事才是让你肚子加速变大的「罪魁祸首」 人体主要有两大脂肪仓库：皮下脂肪和内脏脂肪，对健康威胁最大的是超标的「内脏脂肪」
P0681,81,澳洲16 岁妹子只喝奶昔和软饮料从不喝水 胖成一座山，然后又狂瘦65kg 减掉 半个自己重生变女神,像吹气球一样胖了起来,,,,,,,,就这样，她就像吹气球一样胖了起来，一下子体重就涨到了135KG
P0085,82,一个人胖不胖，看“圆度指数”，比 BMI 更靠谱,,,,,,,,,比如，对于一些腰围较大的健身人群，BRI 指数还是会偏高（比如大级别举重运动员等），但这并不意味着他们存在更高的慢病风险
P0025,83,42天瘦25公斤！武汉31岁“肥仔医生”逆袭成4冠健美先生,,,,,,,,,登上健美舞台前，身高1米82的吴天根体重97.5公斤，曾确诊轻度脂肪肝，为了完成快速减脂和增肌塑形的目标，他为自己制定了「6小时睡眠＋2小时健身」的计划
P0723,84,澳洲研究：女性腰部有点赘肉，可降低骨折危险！身体上的这6个“缺陷”反而让你更健康,,,,,,,,,尤其是 在超重和肥胖人群中，这种关联尤为明显：男性腿围大于 55 厘米、女性腿围大于 54 厘米，更不容易患上高血压
P0459,85,巨石强森变“鹅卵石”:大肌霸的诸神黄昏,,,,,,,,,03：靓丽与畸形 畸形健美之外，畸形肥胖同样是“身体奇观”的猎奇密码
P0337,86,吴某凡监狱生活被曝！胖了20斤，当上小班长，天天创作正能量歌曲！粉丝组织劫狱！网友：电影都不敢这么演,,,,,,,,,那么小悠不禁感叹：原来颜值再高也经不住发福的摧残
P0158,87,乌龙胖?贾玲上镜胖十斤 网友晒出对比照,,,,,,,,,自瘦身以来，舆论场就形成微妙拉锯：有人觉得瘦后的她“幽默感似乎减弱了”、“像换了一个人”，格外怀念她圆润时期亲和力满格的喜剧形象
P0374,88,在瘦身营试图减180斤的中国网红翠花去世,,,,,,,,,她称六个月内瘦了72斤
P0871,89,【美女】对不起！男人眼中的微胖，长这样,,,,,,,,,不可否认，拥有微胖身材的女生，魅力十足
P0430,90,完蛋！澳洲科学家刚刚找到肥胖的终极原因！摸摸脑袋一切都懂了,变成,,,,,,,,白色脂肪就是让你变成大胖子的罪魁祸首
P0741,91,為電影瘦身50公斤賈玲自導自演《熱辣滾燙》,,,,,,,,,成功减肥100斤的贾玲侧影曝光，网友惊呼贾玲简直判若两人
P0883,92,《老情歌》吕方暴肥模样曝光 「胖到看不见脖子」身材大走钟,,,,,,,,,如今将重心转至家庭的他，鲜少在萤光幕前曝光，没想到 近来出席拼盘演唱会时，被发现身形明显肿了一大圈，与过往清秀帅气模样相比，根本天差地远
P0153,93,为何不瘦反胖？最容易犯的四个错误减肥习惯，你中招了吗？,,,,,,,,,过度进行有氧运动，容易造成肌肉内储存的脂肪变多，从而越运动越胖
P0100,94,七成高血压归因于“胖”！这种肥胖类型最危险……,体重飙升,,,,,,,,体重飙升对于健康的伤害不言而喻，不少地方开设“肥胖专科门诊”则从侧面印证：胖，似乎变得越来越普遍
P0430,95,完蛋！澳洲科学家刚刚找到肥胖的终极原因！摸摸脑袋一切都懂了,,,,,,,,,找对一身肥肉的罩门，才是王道
P0867,96,【美女】35岁翘臀姐姐，竟泡走26岁小鲜肉，这“水蜜桃“身材我沦陷了...,,,,,,,,,"幸运的是，她的努力没有白费， 从86公斤到47公斤，她甩掉了39公斤的肉， 从身材臃肿的""阿姨""，蜕变为一个性感小腰精"
P0084,97,"一个不吃晚饭的人,是怎样养成「易胖体质」的?",,,,,,,,,《生命时报》综合多位专家观点，告诉你不吃晚饭是如何养成“易胖体质”的
P1032,98,逆轉民眾代謝症候群 8成腰粗或肥胖民眾 參加計畫後超過5成有改善,,,,,,,,,8成腰围过粗或肥胖，接受管理后5成以上有改善 代谢症候群是三高（血压偏高、血糖偏高、血脂偏高）加二害（腰围过粗、好的胆固醇不足），5项中符合其中3项则代表有代谢症候群
P0303,99,发胖真有“分界线” 从这个年龄开始代谢急转直下,,,,,,,,,因为过多的脂肪会增加疾病的风险，也使我们的身材变得臃肿
P0303,100,发胖真有“分界线” 从这个年龄开始代谢急转直下,,,,,,,,,02 为什么年纪大了容易长胖
P1028,101,迪丽热巴生子风波:网友扒变化图 浮肿变胖超半年,,,,,,,,,掐指一算，早在2023年年初，热巴就卷入了未婚生子的风波，网友扒出她一系列身材变化图，发现一向身材管理在线的热巴莫名浮肿 变胖了许多，还被拍到多次用胳膊遮掩小腹 偏偏被曝未婚生子阶段，热巴正好超半年时间没有进组了，更是引发了网友的怀疑，有人直接把隐孕的赵丽颖、张碧晨和热巴放在一起 比较，质疑她们有一阶段的体态存在相似之处
P1059,102,“重”视体重，“轻”松生活：肥胖问题我们说清楚,悄悄演变,,,,,,,,别小看这些变化，肥胖可不是单纯的“胖一点”，它正在悄悄演变为一场全球范围的健康危机
P0271,103,别再嘲沈腾老婆胖了，这5位男星都娶了“胖老婆”，却个个很宠妻,,,,,,,,,除了沈腾之外，娱乐圈也有几位男星的老婆虽然身材发福，但他们和老婆的感情都 很好
P0273,104,"别看潘粤明现在胖若两人,顶顶跟他发福前一模一样",,,,,,,,,眼皮单、眼泡肿，肉鼻没型，法令纹“烙印”在鼻翼两侧，年龄感呼之欲出，面部平整度略差，一旦被赘肉占了地盘，便显圆显宽
P0321,105,吃播鼻祖减肥200斤轰动全网：攒了两年的假视频骗过所有网友，只为整个大活？？！,急速变胖,,,,,,,,（鳄梨急速变胖）甚至到了要戴呼吸机的程度：（鳄梨使用呼吸机继续吃播）出门也得靠电动车代步，他还说自己已经被列为了残疾人士……（移动要靠代步车）但即便这样，他还是在不停地吃
P1069,106,长得胖算什么，“体态崩了”才可怕！明明打扮精致，看着却更土了,,,,,,,,,所以，身材微胖的女人也不需要太焦虑，比起体重，更关键的是体态，我们要学会关注自己的体态，找到适合自己的锻炼方式和穿搭技巧，让自己的身体变得更加健康和自信，让体态变得越来越好
P0303,107,发胖真有“分界线” 从这个年龄开始代谢急转直下,,,,,,,,,吃得多了，运动还少了，能量就更不能消耗掉，也就更容易长胖了
P1098,108,韩庚演唱会被嘲吃相难看！脸僵像王阳身材像黄渤，舞都跳不动了,,,,,,,,,为了备战演唱会他很早就开始训练和瘦身，能看得出来和早前发福时相比确实有了 很大的变化，尤其是脸上，整整瘦了一大圈，之前的双下巴已经变成了刀锋般的下 颚线，只是这脸好像有些僵硬走形，连表情都做不动了，疑似是用了什么科技手 段，越来越像王阳了
P0022,109,39岁郭碧婷正式复出！虎背熊腰胖了50斤，复出原因疑曝光,,,,,,,,,只是昔日美人复出，状态却令人吐槽不已，网友直言郭碧婷发福明显，不止小腿肚子十分粗壮，手臂和脖颈 也是肉眼可见的很厚
P0051,110,"500磅肥胖女子起诉Lyft歧视,司机因担心爆胎而拒载",,,,,,,,,一位身材肥胖的说唱歌手起诉Lyft，称一名司机因担心她体型过大可能无法坐进车内，甚至可能“压爆轮胎”，而拒绝接她的订单
P0888,111,肚子越大，脑子越小？肚子大可能“藏”着这些风险,,,,,,,,,1. 心脏病 北京大学公卫学院研究人员发表在《中华流行病学杂志》上的一项研究发现，腰越 粗，发生冠心病、急性冠心病事件和死于冠心病的风险越高
P1047,112,郑爽近照曝光:身材发福 穿名牌染黄发变精神小妹,,,,,,,,,从照片状态来看，郑爽伙食质量不差，面颊丰盈很多，发福明显
P0509,113,才30岁，杭州小伙确诊癌症！以为只是胖！医生提醒：太危险,,,,,,,,,同时，由于小刘重度肥胖，颈部暴露困难，属于困难气道，给术中插管及后续的复 苏都增加了难度
P0982,114,谷歌工程师杀妻案开庭 陈立人入狱近半年明显发福,,,,,,,,,第二次认罪听证会 当日，他身穿红色囚服坐在法庭被告席上，明显可见略微有些发福，但似乎精神状态不佳，几次闭目养神
P0472,115,彻底放飞自我?阿娇最新演出胖成“阿爆”演出划水,,,,,,,,,在twins最新巡演新加坡站中，阿娇又一次被吐槽了，不仅胖成了“阿爆”，连演出也划水，全靠着阿Sa努力营业
P0888,116,肚子越大，脑子越小？肚子大可能“藏”着这些风险,,,,,,,,,2023年2月，新加坡研究人员在柳叶刀子刊发 表的《肥胖影响亚洲人群的认知功能》研究显示，肚子越大，脑子越傻
P0259,117,凤姐美国被偶遇坐公交车 身材发福体重近200斤,,,,,,,,,不少网友也都注意到凤姐的体型，都说她胖了，还有网友说她差不多有200斤了，胖的非常明显
P0126,118,中国人真的，越来越胖了,,,,,,,,,不过我们印象中，中国人很少有西方人那种从头胖到脚的情况，这是因为亚洲人跟其他人种比，腹部的脂肪更容易堆积，然后形成“腹部肥胖”，也叫“中心性肥胖”[8]
P0365,119,國會委員會籲全澳學校供餐 改善學生健康,,,,,,,,,而此症的高危人士包括： 腹部肥胖者：尤其是那些腰围超标的人
P0077,120,"TVB“最强body”又晒事业线,童年因肥胖自卑抑郁",,,,,,,,,而郭佩文更回忆起自己小时候也是一位胖妹子，因此也受到欺凌而患上社交恐惧症
P1023,121,这是黄晓明？暴肥15公斤「脸圆肚凸又秃头」自嘲：喝水都胖,,,,,,,,,但最近却 被发现胖了不少，还大了个肚子，活脱脱就像个发福中年男，让不少粉丝滤镜全碎
P0274,122,"别超重!体重如果达到这个数,等于大脑早衰了12年",,,,,,,,,河北省人民医院心内科主任医师郭艺芳也表示，从肥胖和健康角度来看，几乎可以说——不存在健康的胖人
P0441,123,对比41岁贾玲和沈腾老婆后，才发现压力胖和幸福肥的差距一目了然,,,,,,,,,"沈腾一家三口在酒店度假,沈腾的儿子侧脸曝光,能看出来身材胖乎乎的,神似沈腾和王琦 的结合体"
P1009,124,身材决定寿命？研究发现：大腿粗、屁股大的人，可能更长寿,,,,,,,,,肚子肥胖意味着内脏脂肪增多，这样一来很容易引起脂肪肝发生，没有及时干预容易让肝细胞功能持续下降，继而诱发其他的肝功能损伤出现
P0146,125,中年發福不是福 腰圍超標是警訊,,,,,,,,,"3.减少饮酒:不少男性有著啤酒肚,究竟是喝酒才导致大肚腩?还是肥胖导致?「啤酒肚」和喝啤酒并没有直接关系,但一罐啤酒等于半碗饭,而且饮酒总是会配下酒菜、炸物或烧烤等,一杯又一杯,一口又一口,肚子就这么吃出来,因此应该限制每天的饮酒量"
P0871,126,【美女】对不起！男人眼中的微胖，长这样,,,,,,,,,身材曲线优美、丰满、圆润，你为何如此优秀
P0583,127,杀人犯仅坐牢一年 体重飙升至400斤 竟获释回家减肥,,,,,,,,,毕竟，监狱不是福利机构，无法派专人照顾一个异常肥胖的罪犯
P0601,128,“梨形身材是基因彩票”上热搜，网友：谢谢，有被安慰到,,,,,,,,,在科学家看来，细腰肥臀的梨型身材，患代谢相关慢性病的风险较低，寿命更长
P1095,129,面相变了!贾玲最新露面 体重竟反弹回归原状,,,,,,,,,而且这次的贾玲和上次筹备《热辣滚烫》时截然不同，尽管复胖了，却只是跟大家开着关于身材的玩笑，压根没怎么提及自己的新电 影，全然没有了之前那种大张旗鼓宣传的架势，这前后的反差着实让人觉得诧异
P0259,130,凤姐美国被偶遇坐公交车 身材发福体重近200斤,,,,,,,,,可以看到，凤姐的身材明显发福，脸大了一圈，大肚腩抢镜，连腿都变得粗壮了，感觉胖了不止20斤，年龄感一下子出来了
P0521,131,报告：全球45%的人口正在努力减肥！一年“胖死”280万人！澳洲所在地的风水不好？大洋洲都要胖炸了！,,,,,,,,,全球每年“胖死”的人至少达280万人
P0040,132,58岁巩俐出席活动，网纱上衣搭鱼尾裙身材超绝，自然老去获赞,,,,,,,,,肩膀、背部和大臂都是中年人最容易变厚发福的部位，但是已经58岁的巩俐却保养得很好，身上没有一丝赘肉，身材凹凸有致
P0205,133,【健康知识】胖哪儿都不能胖这里！,,,,,,,,,在男性眼里肥嘟嘟胖出一大圈的啤酒肚才叫胖肚子
P0396,134,大腹便便同時出現這些症狀 當心是腫瘤,,,,,,,,,"中年以上的人,几乎都有腹部变大的现象,而真正腹腔内造成的腹胀原因还很多"
P0340,135,周末飞韩国打200块变美针 白领迷上特种兵医美,,,,,,,,,失恋后暴饮暴食导致发胖，怕没人喜欢，她便独自躺上手术台做抽脂手术，抽掉肚腩和大腿的脂肪
P0927,136,腹部、大腿還是手臂?,悄悄变大,,,,,,,,"规律运动能优先动员腹部脂肪,快走、游泳、重量训练都有效;饮食上少吃精致淀粉,多摄取蛋白质与膳食纤维,也能帮助控制:酒精是堆积内识脂防的“大魔王”,即使体重没变,啤酒肚却会悄悄变大,适度戒酒相当重要"
P0048,137,200斤女孩为美狂瘦至90斤 ！要么瘦，要么死,,,,,,,,,那时她投了6个社团，到了面试环节，所有社团的负责人都用同一个理由拒绝了她：“你的身材这方面不太行，进来以后对社团的面貌影响不好
P1045,138,郑伊健夫妇移居日本逛超市 50岁蒙嘉慧发福疑怀孕,,,,,,,,,因此被网友质疑已经怀孕了——不少网友表示蒙嘉慧的肚子有点鼓，猜测她已经怀孕了，但也有人表示蒙嘉慧应该只是发福了，因为她和郑伊健一样，都是丁克家族
P1043,139,那些一胖就胖肚子的人，后来都怎么样了？,一胖都会容易胖肚子,,,,,,,,为什么无论男女，一胖都会容易胖肚子
P0552,140,日本全球最瘦，却又全球最“寿”！日本人为啥这么瘦、又那么寿？,,,,,,,,,而反观我们的大洋彼岸，美国呢，肥胖率达到了32%，这边一条街胖子估计能抵得上日本全体胖子
P1038,141,過於謹慎能保護自己嗎?(三),,,,,,,,,"敏感不是坏 事,因为敏感的本身是用于防范自己不受侵害,结交朋友,尊重他人,比如在谈话时我们应该注意听 话者的感受,若对方比较肥胖,就不易赞美苗条;对方对所讲的话题无兴趣时,我们就应转说其它方 面"
P0192,142,侮辱or玩笑？华人也在用的“修图神器”引发争议，已紧急下架,,,,,,,,,Ta是黑人变性人，身材大码，且同时和另外一名变性人配偶并共同抚养着一名跨性别的子女
P0885,143,职场有毒！24岁华人妹子上班1年增重40斤！辞职后的变化震惊全球网友…,,,,,,,,,人的一生会遭遇无数麻烦，变胖也只不过是其中之一，它既不是不可避免的，也不是不可解决的
P0990,144,贾玲惊现巴黎奥运会 体重之谜再度引爆,又胖了,,,,,,,,"这次在巴黎奥运会这么重要的场合被发现又胖了,网友们可炸开了锅"
P1107,145,香港知名女星容貌大变，出席活动突然中途退场，患甲亢身体出问题,,,,,,,,,网上的照片、短视频流出之后，网友都在感慨：江欣燕发胖太明显
P0085,146,一个人胖不胖，看“圆度指数”，比 BMI 更靠谱,,,,,,,,,内脏脂肪超标者又称为中心型肥胖，其特点是看似“正常”，实际脂肪分布在腹腔内脏的一种肥胖状态，表现为整体看似“正常”，而腰围增加
P0684,147,澳洲254斤胖女减肥128斤！不吃药不节食，完克土澳长肥魔咒！,,,,,,,,,那时候，她的腿部堆积着大量的脂肪
P0601,148,“梨形身材是基因彩票”上热搜，网友：谢谢，有被安慰到,,,,,,,,,也有网友表示，“据说梨形身材长寿”
P0274,149,"别超重!体重如果达到这个数,等于大脑早衰了12年",,,,,,,,,可以说，没有一个胖人能一直完全健康地活着
P0059,150,"BMI:肥胖的伪标准,难道我们被骗了100多年吗?",,,,,,,,,如果腰围超过一半的身高，那么则有肥胖的风险
P0130,151,中国男人配不上中国女人？,,,,,,,,,官员在形象上也没有起好的表率作用 1、体型偏胖和穿着不得体让很多官员成为审美重灾区 在中国官场，流行一种穿法：把裤子提到腰以上，配上扎进裤子的白衬衣
P0347,152,唐代以胖为美？从唐代服饰探究其真假,,,,,,,,,根据出土的杨玉环画像来看，杨玉环本人的身材是十分匀称的，并没有“虎背熊腰”“脸似大饼”，反而处处都显得刚刚好，让人情不自禁想要对其身姿的完美赞扬一番
P0341,153,周華健身材變化引熱議 曬「腹肌」幽默回應,,,,,,,,,随著周华健发胖照片的流出，不少网友发现，周华健的身材与他年轻时相比，确实大了很多
P0245,154,内马尔最新照片大变样 明显发福成“肉马尔”,,,,,,,,,可以明显看到，内马尔身材有些发福，尤其是脸部明显发胖，显得“肉嘟嘟”
P0839,155,笑话天地2,,,,,,,,,"女人胖是丰满,瘦是苗条,高是修长,矮是玲珑!男人胖是猪,瘦是排骨,高是竹竿,矮是冬瓜"
P0987,156,贝克汉姆妻子分享子女们大合影 女儿小七显发福,,,,,,,,,” 塔娜·霍尔丁和克鲁兹同龄，两人于去年5月开始约会，塔娜身材高大，还有一些偏胖，但克鲁兹第一次见到她时，就被对方身上的淳朴 所打动，展开热烈追求
P0357,157,国家喊你减肥真相曝光：中国已成超重大国，胖下去后果太严重,,,,,,,,,别等胖到不能回头，赶紧行动吧
P0012,158,23岁女硕士砸2万相亲 婚介包装四旬男冒充小鲜肉,,,,,,,,,他体型发福，给人的感觉油腻
P0620,159,毒蘑菇厨子四次企图谋害前夫 曾任空中交通管制员,,,,,,,,,他说：“她胖了一些，但看起来非常眼熟，而且她的名字也跟我们记忆中一样，当时我们有90%到95%的把握认为这是同 一个人，当我们在报纸上看到她的母亲姓斯卡特时，我们就完全确定了
P0422,160,孕婦產檢因「體重超標」心碎 污名化影響女性參與醫療,,,,,,,,,尽管现在超过一半的澳洲女性体型较大，但孕妇仍然持续遭受体重偏见
P0019,161,33岁张含韵被骂“爆肥”！1.62米55公斤，本人晒秤自嘲“真的胖”,,,,,,,,,网友说她“脸有点浮肿”，她开朗回应：“不是浮肿，是真的胖，哈哈
P0601,162,“梨形身材是基因彩票”上热搜，网友：谢谢，有被安慰到,,,,,,,,,不久前，话题“原来梨形身材是基因彩票”冲上热搜，引发网友热议
P1074,163,關曉彤胖成27歲少婦 網友辣評,,,,,,,,,身上的肉肉一堆，完全遮不住她的粗壮手臂
P0524,164,拒绝中年“发福”，从这12件小事入手，生活化“减脂”！,,,,,,,,,作为一个中年人，我深知随着年龄增长，身体的新陈代谢逐渐减慢，容易出现发福的情况
P1046,165,"郑伊健爱妻在日4年胖27斤,希望观众接受全新的她",,,,,,,,,如今蒙嘉慧中年发福，但她和郑伊健的感情稳定，无需刻意保持体型去取悦任何人
P0723,166,澳洲研究：女性腰部有点赘肉，可降低骨折危险！身体上的这6个“缺陷”反而让你更健康,,,,,,,,,5. 骨架大——骨质疏松来得晚 不少女性羡慕骨架小的女生，骨架大了感觉长点肉就显壮
P0100,168,七成高血压归因于“胖”！这种肥胖类型最危险……,,,,,,,,,中国成年人的平均腰围同样越来越大，从1993年的76厘米、2007年的80.7厘米，增加到2015~2017年的83.4~83.5厘米
P0577,169,最纯艳星知三当三陷“不伦恋”如今身材发福变残,,,,,,,,,但纵使身材发福，盈盈一笑间，熟悉的美人神韵依然在
P0371,170,"在所有肥胖的危害里,「精神疾病」是我没想到的",,,,,,,,,人人都有让自己感到焦虑或压力的事，但肥胖人群可能多了一个：自己比别人胖
P0321,171,吃播鼻祖减肥200斤轰动全网：攒了两年的假视频骗过所有网友，只为整个大活？？！,,,,,,,,,（鳄梨减肥成功了）这简直让人不敢相信自己的眼睛，明明6天前他刚在小号上更新，视频里依旧体型肥胖臃肿，这才过去6天，怎么可能就换了一个人
P0942,172,"营养专家推荐秋吃坚果,每天一把有助护心",,,,,,,,,所以，早餐吃一把坚果长胖风险低，相反会抑制午餐和晚餐的食欲，对控制体重有益无害
P0600,173,梨形身材才是最完美身材！中了基因彩票 寿命更长,,,,,,,,,与之相对，最不健康的是“标准苹果”，上半身肉多得很，腿上却没多少脂肪
P0441,174,对比41岁贾玲和沈腾老婆后，才发现压力胖和幸福肥的差距一目了然,,,,,,,,,贾玲自曝曾经自己由于身材问题，被某导演指着鼻子痛骂：“你别说话了，像猪一 样
P0472,175,彻底放飞自我?阿娇最新演出胖成“阿爆”演出划水,,,,,,,,,当然有粉丝赶紧解释，说毕竟阿娇长胖了蹦不动，但变胖这件事又不是观众的责任
P0574,177,最新研究：长胖真的会让人变傻！,,,,,,,,,长胖会让大脑变“傻”     《柳叶刀》子刊曾发表研究发现，内脏脂肪增加0.27千克，认知年龄可衰老0.7年
P0743,178,热搜爆了！贾玲大波浪晚礼服惊艳网友！专家：贾玲减肥的案例普通人可以复刻,,,,,,,,,有的人会抱怨自己是“易胖体质”，很难减肥
P0525,179,拒身材焦虑 手撕病态美?她被控性骚扰!搞体重羞辱,,,,,,,,,在这之前，Lizzo曾斥责她们在表演前喝酒，而当时克里斯托反驳了她，不由得让人觉得这两件事有关系…… 除此之前，三人还指控Lizzo的团队对待舞蹈队的黑人成员与其他成员不同，“只有对待身材丰满的有色人种女性舞者，才会以这种（恶劣的）方式交谈”
P0406,180,奇葩！就因男友喜欢胖子！澳洲美女模特增肥至357斤！网友们都替她急死了！,,,,,,,,,杰夫喜欢的胖女孩可不是大众认知中的那种微胖美女
P0623,181,汪小菲三胎来了?马筱梅穿连衣裙小腹隆起,,,,,,,,,最近马筱梅状态发福，直播时还被网友发现会动不动恶心反胃，被怀疑是不是怀孕了，虽然此前马筱梅曾怒斥营销号不要乱写，但最近狗仔拍到她和汪小菲参加朋友喜宴，身材确实有明显变化
P0722,182,澳洲牛奶好，但很多人都选错了！长寿专家建议，这样选才最好,,,,,,,,,健康又不长胖的脱脂牛奶，成了不少减肥人士的“最佳”选择
P0239,183,关晓彤最新状态惹争议:发福脸肿 年龄感尽显,,,,,,,,,但关晓彤才26岁，正是年轻的时候，看上去显老也正是因为体型富态，才给人一种“姨感”
P1059,184,“重”视体重，“轻”松生活：肥胖问题我们说清楚,,,,,,,,,❓问：孩子胖点是不是“长个儿”的表现
P0924,185,脂肪肝泛滥背后，是中国人的代谢危机,,,,,,,,,从外形上看，全身型肥胖者胖得比较“均匀”
P0133,186,“中国肥胖地图”火了:41%中国男人超重 这个省最苗条,,,,,,,,,中年发福一词，用在男性似乎更为贴切
P0528,187,挺住，别躺平！30岁后的男人，减掉肚腩才能赢未来,,,,,,,,,男性比女性更容易积累腹部内脏脂肪，导致常见的“啤酒肚”
P0261,188,出現這些症狀 其實你正在「發福」,正在「发福」,,,,,,,,"是否常常觉得很快就饿、久坐易累,或是容易便秘?这些徴兆的出现,你可能正在「发福」"
P0752,189,爆火的减肥针：花6千瘦33斤，身体垮了,,,,,,,,,使用替尔泊肽的9个月里，小齐花了2万多元，瘦了40多斤，看着肚子上一点点消失的赘肉，体重秤上逐渐下降的数字，小齐觉得心满意足，她松了口气：“我终于可以不当胖子了
P0451,190,小李子为爱减肥？恋爱后怒减小肚子，瘦出下颌线,吹气球…时胖时瘦,,,,,,,,要知道这几年肉肚的小李子可是常常长这样的… 这么一看，不光是瘦了，而且是大瘦特瘦… 众所周知，小李子年轻的时候经常在电影里展示精瘦健美身材，但人到中年之后，就开始吹气球…时胖时瘦
P0086,191,一个容易长胖的人，可能是蛋白质没吃够,,,,,,,,,蛋白质缺乏易长胖 《英国皇家学会会志：生物科学》刊登澳大利亚一项研究证实，“蛋白质杠杆假说”是导致肥胖的重要机制，蛋白质摄入不足更容易长胖
P0960,192,許光漢飛韓國頂零下21度拍攝 自嘲吃澱粉有點變胖,,,,,,,,,谈到韩国拍戏的经验，许光汉表示，韩国剧组拍摄节奏比较紧凑，其中几天气温更低到摄氏零下21度，晚上在湖边拍打戏时，暖身好了后，等换一个镜头身体又变冷了，而他在饮食上没什么水土不服，只是韩国食物多以淀粉为主，似乎有点变胖
P0146,193,中年發福不是福 腰圍超標是警訊,,,,,,,,,"如果肚子已经看起来很大,务必努力「瘦腰」,以防疾病找上身"
P0462,194,常吃这4类食物的人，肚子最容易长肉！,,,,,,,,,梨肚 梨肚的特征是腰细、下腹赘肉多，像个梨
P0871,195,【美女】对不起！男人眼中的微胖，长这样,,,,,,,,,） 03：@Cuiyingxiu 一直以来，瘦并不是那么好看，反而微胖更加性感
P0592,196,杨钰莹终究发福了!穿搭时尚难掩浮肿 却依然清纯,,,,,,,,,无论身材丰腴臃肿的女性还是腰部赘 肉横生的女性去穿着都非常友好，遮肉显瘦的同时也更是有种人在衣中晃的慵懒感，夏天在室内的空调房里去穿再合适不过了
P0399,198,“天然泻药”被发现，一周吃几次，排出宿便降体重，简直福音,,,,,,,,,我每天为了瘦小肚腩坚持运动，后来一个运动认识的朋友告诉我，平时应该多吃一些有助于排宿便的菜，这样可以清除肠道，让体内的油脂变少，才不会积累小肚腩
P0004,199,3类人的肝脏属于“易胖体质”，肝癌风险也在升高,,,,,,,,,03 你的内脏迫切该减脂了 肝脏真的胖不起
P0181,200,何洁与家人清迈度假，体重反弹胖了有15斤，打扮倒是没那么土气了,反弹了,,,,,,,,身着白色背心的何洁露出的手臂肉肉的，肩膀宽厚并没有腰身，而按照何洁之前说的瘦到了90斤的说法，她现在这体重应该是反弹了，用网友的话来说看着胖了有15斤
P0169,201,什么时候才能停止对马思纯身材的审视？,,,,,,,,,因为生病吃药导致身材一度浮肿发胖的马思纯，有自己的一套有效的减肥经验——坚持下去就会发现自己焕然一新的一面
P0871,202,【美女】对不起！男人眼中的微胖，长这样,,,,,,,,,如果你还不明白，那么接下来，让我们一起感受一下微胖女孩的魅力
P0164,203,亚洲首富之子减肥超200斤，又胖回去了！近照曝光,似乎又胖回来了,,,,,,,,然而，人们惊讶地发现，婚前派对上的他似乎又胖回来了
P0807,204,研究发现，大脑神经元变形与中年肥胖有关,,,,,,,,,果然，中年大鼠（6个月大）的MC4R纤毛比它们的年轻兄弟（9周大）短得多
P0101,205,三分之二澳人超重或肥胖 营养师提醒重点关注中央肥胖,,,,,,,,,Lisa说：“如果脂肪堆积在腰部的话就比较危险，这就是我们说的中央肥胖，确实是会升高患很多慢性疾病的几率
P0085,206,一个人胖不胖，看“圆度指数”，比 BMI 更靠谱,,,,,,,,,按照我国人群标准，男性腰围≥90cm，女性≥85cm 即可诊断为中心型肥胖
P0816,207,研究显示:面包燕麦酸奶...长期吃这类食物会变胖还变傻,,,,,,,,,与此同时，越来越多的研究都在警告人们，摄入糖份的危害，它不仅让人变得肥胖，过度紧张、还会引起糖尿病、高血压、心脏病、通风等疾病
P0365,208,國會委員會籲全澳學校供餐 改善學生健康,,,,,,,,,代谢综合症的诊断标准通常包括以下5个主要风险因素，患者具有其中三项或以上，则被确认患上代谢综合症： 腹部肥胖 高血压 高血糖 高三酸甘油脂 低高密度脂蛋白（HDL）胆固醇 Advertisement 代谢综合症对健康影响深远，主要包括： 增加心血管疾病风险：如冠状动脉疾病、心脏病发作
P0394,209,大叔因跟好莱坞明星莱昂纳多惊人相似意外走红！近期却不幸失业因为，发福了...,,,,,,,,,刚出道时候的宣传人设就是胖版小李子 疫情期间的样子： 他曾发誓要在 2021 年减肥，并表示他将在“2022 年新年”之前“达到最佳状态”，但如今，这位大叔体重仍然没下来
P1095,210,面相变了!贾玲最新露面 体重竟反弹回归原状,,,,,,,,,想当初，胖胖的贾玲浑身肉感十足，笑起来那憨态可 掬的模样特别招人喜欢，可如今减肥成功后再一笑，却好似把一些之前未曾注意到的缺点暴露了出来
P0605,211,欧阳娜娜「腰间肉溢出」画面疯传！网一看全愣了：太尴尬,,,,,,,,,」、「腰上勒的那两坨肉太尴尬了」
P0146,212,中年發福不是福 腰圍超標是警訊,肚子变大,,,,,,,,"中年发福和肚子变大是许多中年人会面临的问题,如果习以为常或轻忽不管,健康容易逐渐走下坡"
P0645,213,清华学霸杀妻案又开庭！拖了359天还没初审，凶手却养得白白胖胖…,,,,,,,,,去年6月7日，第二次认罪听证会，陈终于入座法庭被告席，且明显有些发福
P0009,214,7个不起眼的小习惯，其实可以养肝,,,,,,,,,体重超标的人，很多都胖在了肚子上，尤其是肝脏、肠道等内脏
P1059,215,“重”视体重，“轻”松生活：肥胖问题我们说清楚,,,,,,,,,腹部肥胖、内脏脂肪多也可能埋下健康隐患
P0685,216,澳洲专家建议“封杀”圣诞老人！说会教坏小孩！原因竟然是因为太胖？？？,,,,,,,,,辣妈看来 圣诞老人一直以来都是圣诞节 的传统形象代表 胖乎乎又慈祥的老爷爷 是每个孩子美好童年的回忆 我们可以接受花式圣诞老爷爷 但是真没必要一票否决哦
P0130,217,中国男人配不上中国女人？,,,,,,,,,政商界男性普遍发福，与他们常去的地方有关
P1084,218,陈飞宇曝私照后复出，自曝225斤瘦下来全靠跑步，因太胖被排挤,,,,,,,,,他曾透露因为太胖，自己在中学过得非常痛苦，不仅被同学排挤，体育成绩也特别 差，久而久之性格也开始自卑了
P0869,219,【美女】130斤的健身小姐姐有多绝？！大码的“粗腿肥臀”太炸了,,,,,,,,,好身材绝对没有固定的模板，并不是体重越轻就越好看，多肉微胖也照样吸人眼 球
P0245,220,内马尔最新照片大变样 明显发福成“肉马尔”,,,,,,,,,近日，还在养伤中的巴西球星内马尔现身罗马里奥58岁生日派对，从现场照片来看，内马尔略显发福，不知是角度问题还是真的长胖了
P0524,221,拒绝中年“发福”，从这12件小事入手，生活化“减脂”！,,,,,,,,,但我拒绝中年的发福，我决心通过一些生活中的小事来控制体重，实现健康减脂
P1069,222,长得胖算什么，“体态崩了”才可怕！明明打扮精致，看着却更土了,,,,,,,,,但当你问到身材和体态哪个更重要时，我想说，体态才是最关键的，胖一点没关系，只要你有好的体态，你的气质就不会差到哪里去，不信的话来看看这些老年人，即便身材没有年轻人紧致，但是体态良好，一站在那里就是人群中的焦点，所以我们千万不能让自己的体态崩掉
P0027,223,43岁贾玲近照曝光！和汪顺一起打球，身材苗条年轻有活力，没复胖,疑似复胖了,,,,,,,,自打贾玲减肥成功之后，只要她露面，媒体就会拿着放大镜审视她，顺便来一句“贾玲疑似复胖了”，以此来吸引眼球
P0888,224,肚子越大，脑子越小？肚子大可能“藏”着这些风险,,,,,,,,,"研究发现: 肚子越大,可能脑子越小 2019年,英国拉夫堡大学研究人员在临床神经病学杂志上发表的研究显示,肥胖和腰臀比 高(衡量腹部脂肪的一种衡量标准)的人的大脑体积要比那些健康的人小一些"
P0985,225,賈玲「增胖激瘦」不喊苦 下部作品曝光,,,,,,,,,她透露，自己提前三年增重，直到有观众心疼说，「胖点也没什么，但是你要注意身体」的时候，「我觉得这个戏可以拍了」
P1032,226,逆轉民眾代謝症候群 8成腰粗或肥胖民眾 參加計畫後超過5成有改善,,,,,,,,,目前计划管理的病人中，有超过8成腰围过粗或肥胖、超过8成血压偏高、7成5三酸甘油脂偏高、7成高密度脂蛋白胆固醇偏低、超过5成饭前血糖偏高，约2成有吸烟行为
P1075,227,防止肥胖，要像猪一样吃饭,吹气一样地胖起来了,,,,,,,,果葡糖浆大量出现在加工食品和甜饮料里｜编辑拍摄 然后人类就吹气一样地胖起来了——当然还有其他多重因素， 但果糖在里面绝对有贡献
P0426,228,孩子胖胖的，是好事吗？,,,,,,,,,生活中，你是不是经常听到这样的话，“小孩子胖哪叫胖啊”“小时候胖不用减肥，以后长大了自然就会瘦了”
P0126,229,中国人真的，越来越胖了,,,,,,,,,老一辈儿人喜欢的大胖小子，终究变成了大小胖子
P0013,230,24岁中国妹子火上外媒！工作1年长胖40斤，她一怒之下辞职，前后转变惊呆网友...,,,,,,,,,工作的同时大家一定得注意个人健康问题，如果有“过度肥”“过度劳累”的趋势，就一定要时刻警醒了： 要知道在“过度”后，人体患心脏病、糖尿病、高血压等严重健康问题的风险将大大增加
P1052,231,郭碧婷复工状态引热议 身材发福越来越像向太,,,,,,,,,郭碧婷不光身材圆润，脸上同样是多肉状态，在镜头中有种肿胀的感觉
P0345,232,哪种体型的人更长寿？研究发现：这个部位“细”点好！,,,,,,,,,所以，身 材偏瘦、腰围越粗，则死亡风险最高
P0888,233,肚子越大，脑子越小？肚子大可能“藏”着这些风险,,,,,,,,,"近年来,不断有研究发现,腰粗、长大肚腩的危害真的很 大"
P0190,234,你要瘦下来，最起码在思想上,,,,,,,,,我不想从科学的角度来讨论这个问题，而是从精神或者观念的角度来讨论：中国人是该告别“膨胀时代”了，不但是肉体上的肥胖，也包括精神世界的膨胀和油腻
P1046,235,"郑伊健爱妻在日4年胖27斤,希望观众接受全新的她",,,,,,,,,幽默表示可以很拽的说，只是她不想减肥而已，因为没有原因需要减肥，她忍不了美食的诱惑，体重仍有上升的空间，还说“肥仔”也可以拍东西，知道观众的接受力很大，只是大家习惯拿她从前的她作比较，她自己其实没有压力
P1110,236,"马云现身设家宴:身材发福,豪宅庭院内景曝光",,,,,,,,,马云已经久违现身了，如今58岁 的马云看上去有点发福，尤其是脸胖了一大圈，整个人看上去有点憔悴
P0685,237,澳洲专家建议“封杀”圣诞老人！说会教坏小孩！原因竟然是因为太胖？？？,,,,,,,,,总之，在澳洲不需要教孩子们成为胖子，也不需要教孩子们讨厌胖子
P0357,238,国家喊你减肥真相曝光：中国已成超重大国，胖下去后果太严重,偷着胖,,,,,,,,这不是“胖得显眼”，而是“偷着胖”——很多人看似不胖，腰围却超标，内脏脂肪早已埋下健康隐患
P0487,239,惊了！最新数据：全澳超4成上班族体重超标！上班没时间管理自己的身材？一套动作10分钟，相当于跑步3000米，健身房1小时,,,,,,,,,太贵了：请私教一节课就要上千，买装备还要做好功课，很麻烦... 脂肪越囤越多，把身材撑大▼ 而椅子轻瑜伽，却能完美解决上面的问题
P0979,240,【读者投稿】走去走来 -,,,,,,,,,肥壮得像怪物，难怪认不出来
P0920,241,"胖子终于有救了! 澳洲药房推神奇黑科技! 做个简单小测试, 肉就没了...",,,,,,,,,来澳洲， 很多人都控制不住地长胖了， 有人感叹是澳洲让人体重增加， 但是， 专家最新研究， 其实变胖可能是基因作祟
P0309,242,台南男腋下汗腺發炎化膿逾2年 手術切除植皮獲改善,,,,,,,,,叶敬淳指出，化脓性汗腺炎与体型肥胖、抽烟习惯、家族史等因素有关，肥胖者因皮肤皱折多，加上免疫反应不稳定，易导致皮肤毛囊阻塞发炎，抽烟也会增加毛囊阻塞机率，导致组织反复发炎，汗腺较发达民众应提高警觉，透过早期诊断与治疗，有助减缓病情进展
P0271,243,别再嘲沈腾老婆胖了，这5位男星都娶了“胖老婆”，却个个很宠妻,,,,,,,,,后来虽然江嘉年身材发福，面容苍老，长相身材都并不出众，但梁家辉对妻子是一 如既往地宠爱，而且经常会在亲吻妻子，看得出来他对江嘉年的爱意是非常真诚 的
P0108,244,不是错觉：过了这个年纪，长胖真的更容易,发福界线”,,,,,,,,这不禁让人疑惑，难道说，身体在 25 岁后就悄然设下了一道“发福界线”
P0924,245,脂肪肝泛滥背后，是中国人的代谢危机,,,,,,,,,外形看起来并不肥胖的中国人，怎么就摊上了脂肪肝
P1050,246,郭碧婷《浪姐5》路透，近状曝光胖了一圈，双下巴明显超有贵妇范,,,,,,,,,近日，郭碧婷录制《浪姐5》的路透视频被媒体释出，近状曝光身材胖了一圈，气质也发生了很大的变化
P0004,247,3类人的肝脏属于“易胖体质”，肝癌风险也在升高,长胖,,,,,,,,你的肝脏是怎样长胖的
P0405,248,奇葩！300斤网红坐飞机要求免费加3座，还以命相逼地勤推自己下机？网友：又胖又作！,,,,,,,,,所以杰琳提到的胖人出行需要的轮椅、超大型床、大号马桶等，确实也有一定增设的必要
P1046,249,"郑伊健爱妻在日4年胖27斤,希望观众接受全新的她",,,,,,,,,蒙嘉慧过去4年不时分享隐居照片，被网友发现腹部隆起怀疑有喜了，当时蒙嘉慧自嘲是吃胖了，如今也再度澄清怀孕传闻
P0045,250,68岁林青霞疑不穿内衣惹争议 身材发福似大妈,,,,,,,,,人总是会老的林青霞也不例外，即使如今的林青霞已经像有些网友所说的那样，身材发福与普通大妈无异
P1010,251,身材决定寿命？研究发现：活过80岁的老人，身材大多有两个特征,,,,,,,,,偏瘦的老年人很可能是营养吸收较差导致的偏瘦，而微胖的老年人则说明可正常吸收营养，身体的免疫力自然也会好一些
P0513,252,打死也不回国！凤姐现状再曝光，牙齿脱落没钱补，称当初被电视节目糟蹋了…,,,,,,,,,最近网上又曝凤姐近况，15年的美国生活，已经胖成垃圾汉堡喂大的美国人的模样，身材臃肿，牙齿又脱落...... 1 至今没有获得美国绿卡，多次强调“仍在努力” 掐指一算，凤姐罗玉凤，今年已经40岁了
P0924,253,脂肪肝泛滥背后，是中国人的代谢危机,,,,,,,,,而中心型肥胖者四肢可能比较纤细，但腹部突出，这种特殊的体型在日常生活中也常被称作“苹果型身材”
P0205,254,【健康知识】胖哪儿都不能胖这里！,,,,,,,,,可是在女性眼里，微微凸起的小腹就算胖肚子
P0176,255,伊能靜巴黎狂吃甜點稱發福了,,,,,,,,,影片中她开箱喜欢的纯白色饭店布置、分享了多套穿搭，但穿著较贴身连身裙的她，小腹部分似乎有些微凸
P0042,256,"60岁水均益现身加拿大,身材发福,大腹便便遭嘲笑",,,,,,,,,其实在去年的时候，就有美女晒出与水均益的合照，但是当时他的肚子还是平的，并没有这么大
P0890,257,肥肉长在哪里最危险？50岁后脂肪长在这个部位或更易老年痴呆！,,,,,,,,,腰臀比：男性腰臀比例大于0.9、女性大于0.8，表明是内脏脂肪过剩的高危人群，大于1.0即为腹型肥胖
P0642,258,海南航空关于要”过重“空姐停飞的规定在中国引起公愤,,,,,,,,,体重没有超过标准5%的空姐会被航空公司每个月进行检查，预防他们变胖
P0883,259,《老情歌》吕方暴肥模样曝光 「胖到看不见脖子」身材大走钟,体重再 度直线飙升,暴肥,,,,,,,没想到才事隔半年，他于日前出席黑龙江的拼盘演唱会时，只见体重再 度直线飙升，登台献唱《弯弯的月亮》时，不仅身形明显暴肥一圈，脸部也圆润不少，几乎是过往的2倍 大
P0918,260,胖一点的老人和瘦一点的老人，谁更长寿？调查55万人后给出答案,,,,,,,,,上海中医药大学附属岳阳中西医结合医院史晓主任医师指出：老年人稍微胖点能更好的抵抗疾病，降低死亡率
P0108,261,不是错觉：过了这个年纪，长胖真的更容易,,,,,,,,,如果仅仅追求减少重量，而不去降低体脂肪比例，甚至造成肌肉流失，就会降低自己的代谢率，形成难瘦易胖体质，这和减肥的根本目标是背道而驰的
P0347,262,唐代以胖为美？从唐代服饰探究其真假,,,,,,,,,“胖”之女身，缘由多之 唐代之所以欣赏女子体态之“丰腴”，除了与女性服饰有关之外，还有着许多其他的缘由
P0024,263,"41岁发福松弛的蒋欣,打脸了多少“假冻龄”女神",,,,,,,,,蒋欣在《梦想城》里还看得出微微发福，加上她本来骨架子就比较大，所以身材看起来有些丰腴，不过好在在剧里蒋欣出演的“商业精 英”并没有过度强调时尚靓丽的穿着打扮
P0472,264,彻底放飞自我?阿娇最新演出胖成“阿爆”演出划水,,,,,,,,,真心建议阿娇能拿出来之前参加《浪姐》的那种劲头，尊重每一次的表演，对得起观众的期待，变胖了还可以再努努力瘦回来，但要是 心态变得懒惰不尊重舞台敷衍了事，最终只会败光观众的好感
P0545,265,新西兰亚裔肥胖危机：住得越久越胖？三大原因揭示真相！澳洲健康产品推荐助力改善体重管理,,,,,,,,,结语：如何摆脱“越住越胖”的魔咒
P0884,266,"老戏骨林雪健康令人担忧!体重飙升,做运动表情痛苦",,,,,,,,,只不过，林雪一起身，那庞大的肚腩便脱颖而出，尽管其努力提了提裤子，但还是没能够遮盖住大肚子
P0247,267,冯巩67岁大寿 贾玲搂恩师合影 复胖身形引关注,,,,,,,,,至于网友们疯传的贾玲复胖20斤，潼娅也给出了肯定的证实，坦言贾玲并没有复胖，现在仍然像电影里一样瘦
P1072,268,长期被“冤枉”的5 个好东西 以为有害，其实可以放心吃,,,,,,,,,04 全脂牛奶 全脂牛奶更容易长胖，用脱脂奶代替 更好
P0227,269,全球女性罩杯排名出炉：挪威D罩登顶，澳洲平均B罩,,,,,,,,,研究人员认为，这种差异可能是因为遗传因素，挪威女性可能天生倾向于拥有较大的胸围，这与通常认为体 重较大的女性胸围也较大的趋势有所不同
P0837,270,立冬鍋物儀式感小心血壓失控 別睡前4小時進補,,,,,,,,,这名女性本来就患有高血压、中度肥胖，在投入减重行列后，开始改变饮食习惯，饭后到附近操场散步，2个月内成功从80公斤减到72公斤，血压却持续上升，甚至达160/90毫米汞柱（mmHg）
P0521,271,报告：全球45%的人口正在努力减肥！一年“胖死”280万人！澳洲所在地的风水不好？大洋洲都要胖炸了！,重复肥胖”,,,,,,,,而现代生活方式带来的诸多变化，包括饮食结构、睡眠、压力和生活规律等，都会刺激调定点上升，引发“重复肥胖”
P0237,272,全英最胖小镇：80%都胖子，全镇仅一家蔬果店？！胖到走红后，他们不愿意了...,,,,,,,,,他是加拿大人，我喜欢，但对他来说，他家乡的肥胖人群更多，美国的胖子也比这里要多得多
P0888,273,肚子越大，脑子越小？肚子大可能“藏”着这些风险,,,,,,,,,《中国成人超重和肥胖症预防控制指 南》明确规定： 男性腰围≥85厘米 女性腰围≥80厘米 即为超标 即使那些体重在正常范围的人，如果腰上堆积太多脂肪，也同样有较高的疾病风 险
P0933,274,英国最胖的城镇:麦当劳门前车辆排长队,,,,,,,,,走在街头，你会发现这里的居民普遍体型偏胖，五分 之四的人口被归类为超重或肥胖
P0060,275,BMI無肥胖少女高血脂 醫：有家族遺傳飲食要忌口,,,,,,,,,15岁的小宜爱甜食和油炸物，BMI值不到肥胖，为正常偏过重，直到学校健康检查发现血脂肪异常才惊觉不妙，被医师提醒有家族遗传，饮食要忌口，幸好调整习惯后，血脂数值已正常
P0927,276,腹部、大腿還是手臂?,,,,,,,,,"有人身材像苹果,脂肪集中在腰腹;有人像梨子,脂肪多长在大腿和臀部"
P0629,277,"没想到!如果胖得「稳定」,其实是一种长寿优势",,,,,,,,,由于肚子往往跟着体重一起长，怎么才能做到适量增重的同时不增大腰围呢
P0202,278,健康生活 仁心仁術  髖關節僵硬(Stiff Hip),,,,,,,,,当然如果你很 胖和有肚腩的话就例外
P0086,279,一个容易长胖的人，可能是蛋白质没吃够,,,,,,,,,很多人害怕长胖，会在饮食中限制肉蛋奶等食物的摄入量，尽量少吃甚至不吃
P0290,280,华人惊恐发现，来了澳洲以后体重开始超标！全球肥胖榜，澳洲排名靠前，据说与地理位置有关？,,,,,,,,,而且肥胖也会慢慢压垮我们的身体，过重的体重会导致身体里的骨头无法负重，以至于身体骨骼慢慢变形
P0328,281,吃面食和吃米饭哪个容易胖？主食这样搭配，控糖又不胖！,,,,,,,,,吃面食的人，确实更易发胖 2022年发表在《营养素》上的一项研究发现，在男性群体中，相较于更倾向于吃面食的人群而言，经常选择米饭作为主食者其全身性肥胖及中心性肥胖的风险显著降低
P0918,282,胖一点的老人和瘦一点的老人，谁更长寿？调查55万人后给出答案,,,,,,,,,如今，很多年轻人为了健康着想，会刻意控制体重，但对于中老年人而言，体重微胖的人可能会更健康和长寿
P0192,283,侮辱or玩笑？华人也在用的“修图神器”引发争议，已紧急下架,,,,,,,,,反对使用“胖胖滤镜”的人表示：“我认为，人们完全有权利因为‘胖’或‘肉肉的’被当作侮辱而感到不适
P1095,284,面相变了!贾玲最新露面 体重竟反弹回归原状,复胖,,,,,,,,出于对她的关心，一些网友开始去查找贾玲近期出席的其他活动情况，这一查才发现，原来她的 “复胖” 早有端倪
P0869,285,【美女】130斤的健身小姐姐有多绝？！大码的“粗腿肥臀”太炸了,,,,,,,,,恰到好处的肉感，赏心悦目的曲线，这是多少lsp梦寐以求的身材，又是多少健身女 孩希望达到的目标
P0335,286,吴奇隆发福变油腻 与《英雄本色》女主亲如母子,,,,,,,,,反而53岁的吴奇隆身形 胀爆了不少，脸上留低了不少岁月痕迹，霎眼间差点认不出来，被网民吐槽男神崩坏了
P1009,287,身材决定寿命？研究发现：大腿粗、屁股大的人，可能更长寿,,,,,,,,,今天全部说清楚…》.科普中国.2020-09-13 [2]《腰围越大痴呆越早
P0459,288,巨石强森变“鹅卵石”:大肌霸的诸神黄昏,眼瞅着….变成了,,,,,,,,曾记否，外服最强胖子“鳄梨小哥”，眼瞅着从拉小提琴的文艺素食青年，变成了鲸吞万物的超级肉墩
P0164,289,亚洲首富之子减肥超200斤，又胖回去了！近照曝光,再次发胖,,,,,,,,随后，健康专家们指出，阿南特患有哮喘和服用类固醇可能是他再次发胖的原因
P0421,290,子宮內膜過厚恐罹癌 醫籲多囊等6族群定期檢查,,,,,,,,,医师提醒，子宫内膜太厚需高度警觉罹癌风险，吁多囊性卵巢症候群、早发月经或晚停经者、从未怀孕或不孕女性、肥胖者（BMI大于30）、糖尿病与高血压患者及有子宫内膜癌家族史者等族群，应定期检查子宫内膜状态，以预防癌症风险
P0451,291,小李子为爱减肥？恋爱后怒减小肚子，瘦出下颌线,,,,,,,,,啤酒肚和双下巴一个不差，给卡米拉拍照时可以看出，后背手臂的脂肪丰厚，毫无锻炼痕迹… 2022年底，他和23岁的女演员维多利亚·拉马斯短暂约会期间，穿黑色都盖不住挺起的肚腩
P0247,292,冯巩67岁大寿 贾玲搂恩师合影 复胖身形引关注,,,,,,,,,只是瘦下来的贾玲，除了两个小酒窝没变，其他五官都没有胖乎乎时候的她可爱，眼角的皱纹明显，皮肤肉眼可见的松弛垮塌了
P0475,293,徐静蕾首回应秘密生女传闻 晒49岁近照认胖了很多,,,,,,,,,」并配图三张在家里玩VR健身游戏supernatural的 照片，画面中，徐静蕾身穿格子衬衫和贴腿七分裤，戴着VR眼镜，随着情境手足舞蹈，相当投入，眼尖的 网友发现，徐静蕾的身形较为丰腴，双下巴也冒出来，便留言：「好像是胖了一点啊哈哈」，想不到钓出徐静 蕾本尊回复：「特别的，不是一点
P0347,294,唐代以胖为美？从唐代服饰探究其真假,,,,,,,,,在女子服饰的开放化之后，男子眼中的女子会显得更加“多肉”，女子的体态会展现得更加明显，这也是为何说出唐代女子胖才好看的观点
P0126,295,中国人真的，越来越胖了,,,,,,,,,〓 2018 年一个抽查约18 万人的研究结果发现，中国成年居民中知晓自身体重状况者不到一半，知晓腰围者仅有约十分之一 / [31] 这样就造成很多人四肢不胖，但肚子大的问题
P0928,296,良医支招减重秘籍：吃对动好心情佳，告别肥胖就这么简单！,,,,,,,,,想要甩掉赘肉、远离肥胖困扰
P0848,297,總是吃不停 四招趕走假食慾,,,,,,,,,"」开始指导患者饮食后,我发现很多人都是因为「假食欲」 而变胖"
P0645,298,清华学霸杀妻案又开庭！拖了359天还没初审，凶手却养得白白胖胖…,,,,,,,,,尽管 此次庭上出具了尸检报告，但辩护律师以忙于其他案件为由，又双叒申请了择期开 庭... 去年10月5日，第三次认罪听证会上，陈立人甚至都胖了不少，脸颊饱满，手臂粗 壮
P0135,299,中国胖子，即将反超美国,,,,,,,,,二者间有一点差异，但即便标准略有不同，中国人逐渐变胖的大趋势还是很明显的
P0427,300,孩子身体出现这个变化，可能大脑正在偷偷变笨！要警惕,78% 的胖孩子成年后可能会继续肥胖,,,,,,,,美国有一项长期追踪的研究发现，78% 的胖孩子成年后可能会继续肥胖[4]
P0427,301,孩子身体出现这个变化，可能大脑正在偷偷变笨！要警惕,,,,,,,,,结果发现：BMI 显示超重和肥胖的孩子，和 BMI 正常的孩子相比，大脑明显出现了变化[1]
P0490,302,惊人报告！澳洲超市里的这些东西，吃多了中风早死风险飙升！吓得手里可乐都掉了！,,,,,,,,,胖一点还能勉强接受，中风早死就算了吧
P0005,303,4成過年變胖均增1.7公斤 營養師：冬天瘦身黃金時期,,,,,,,,,国内近4成民众过完农历年后变胖，平均增1.7公斤
P0420,304,「婉君」俞小凡復出想拍戲 最近煩惱是「吃不胖」,,,,,,,,,平日她多会在餐厅帮忙招呼客人，下午上健身房，数十年如一日的修长身材其实让她很苦恼，「我真的怎么吃都不胖，还想要别人教教我怎么吃胖」
P0130,305,中国男人配不上中国女人？,,,,,,,,,” 除了动力不足，中国男人改善外表的能力也不够 1、政商界男性更需要去会所而不是健身房 官员的身材欠佳，商人的也好不到哪里去，不是有句话叫“脑袋大脖子粗，不是老板是伙夫”吗
P0274,306,"别超重!体重如果达到这个数,等于大脑早衰了12年",,,,,,,,,2023年，国际权威期刊《衰老与疾病》刊登的研究显示，内脏脂肪（表现为大肚子）和皮下脂肪（能捏起来的肉）升高，与脑容量减少有关
P0567,307,曾因救人昏迷又遇丧女，南京胖哥切胃瘦100斤后再生子，本人回应“生死5年”：我在苟活，但并不卑微,,,,,,,,,事发后，“南京胖哥”邱绍春的故事在网上传播
P0491,308,惊人的因果定律：人品好的人，根本不会吃亏,,,,,,,,,别盯着他人的短处不放：在矮的人面 前不谈身高，在胖的人面前不谈身材，在 皮肤黑的人面前不谈肤色…… 身处山顶别瞧不起山下的人：与穷人 交谈不炫耀金钱，与孤寡老人交流不炫耀 儿孙满堂，与不幸之人交谈不炫耀自己的 幸福…… 做人，唯有尊重别人，才会被人尊重
P0125,309,中国亲戚逼疯外国小哥！崩溃发帖：为啥见面第一句就是评价我长相？评论亮了...,,,,,,,,,人们只是单纯地在说，有时候如果你比一般人胖一点、单眼皮，或者身高比较矮，别人拿你的外貌开玩笑其实很常见
P1008,310,身体胖寿命短？医生却说：恭喜你！这2个地方“胖”是好事！,,,,,,,,,但有两个部位发胖却是例外，即臀部、大腿
P0888,311,肚子越大，脑子越小？肚子大可能“藏”着这些风险,,,,,,,,,而对于腹 型肥胖导致的高血压患者来说，随着体重的下降，血压也会有不同程度的下降
P0831,312,私教立即请回家，看到的人都别错过...,,,,,,,,,为了拥有好身材，每天吃得比兔子少，跳绳跑步不带停，可往体重秤上一站，体重稳如泰山甚至还重了
P0347,313,唐代以胖为美？从唐代服饰探究其真假,,,,,,,,,因此，胖并不能作为唐朝的真正审美特征，况且，唐朝时期被称赞的美女本不胖，只是相较于其他女子会显得更加“珠圆玉润”而已
P0079,314,USANA优莎纳蛋白营养粉——甩掉游泳圈，赢回人生C位,,,,,,,,,胖得越久，糖尿病风险越高，可能得终身“抱”着药瓶子
P0108,315,不是错觉：过了这个年纪，长胖真的更容易,,,,,,,,,高能量食物吃得多了，能量摄入也随着升高，自然就更容易长胖
P0552,316,日本全球最瘦，却又全球最“寿”！日本人为啥这么瘦、又那么寿？,,,,,,,,,相反，运动最积极的美国，40%的人健身到嗨，可胖子还是比日本多了好几倍，所以，日本人“瘦”真跟运动没多大关系
P0059,317,"BMI:肥胖的伪标准,难道我们被骗了100多年吗?",东亚人的体脂量更大，且更倾向于内脏肥胖,,,,,,,,这主要因为哪在相同的BMI人群中，东亚人的体脂量更大，且更倾向于内脏肥胖
P0179,318,体重120斤以上的女人，别再穿阔腿裤了！换成这3种打扮更时尚显瘦,,,,,,,,,一次显瘦多种风格! 即使微胖女性在穿搭方面选择了时尚又显瘦的衣物，但如果它们搭配不当依然会显得怪异并让人直观地认为她们没品位
P0345,319,哪种体型的人更长寿？研究发现：这个部位“细”点好！,,,,,,,,,”太多肥肉脂肪聚集在腰腹部，意味着腹 型肥胖，腰围增加、超标
P0239,320,关晓彤最新状态惹争议:发福脸肿 年龄感尽显,,,,,,,,,但几乎每次关晓彤工作室晒出她的vlog，都能看见她为了身材努力的样子，甚至还搭配饮食，但是面部状态依旧很难维持，整个上半身也多次被吐槽很壮
P0682,321,澳洲42岁母亲体重高达247斤！多次减肥无果，心态爆炸的她不运动减下100斤！从此人生像开了挂一样！,,,,,,,,,我就要做一个有骨气的胖子
P0871,322,【美女】对不起！男人眼中的微胖，长这样,,,,,,,,,（浑圆的曲线简直不要太吸睛啊
P0657,323,潘帅变潘叔？44岁潘玮柏中年发福不敢认，胖至200斤老10岁，网友：快减肥,,,,,,,,,而且潘玮柏不但在演唱会上庆祝生日，还摆出了两排人形立牌，都是自己以前各个 时期的造型，其中一张，就是他穿红西装的胖子图
P1012,324,辛芷蕾在国外带火了一种贵妇穿法：短外套+短裤，微胖圆脸真优雅,,,,,,,,,搭配高腰短裤 下半身配上一条高腰的短裤和上衣，材质面料相同，颜色也相同，这样可以保持上 下的整体统一协调性，宽松的短裤还能藏住屁股大的问题，微胖身材可以试试
P0057,325,3900万新病例？儿童肥胖正在改写一代中国人的健康轨迹,,,,,,,,,这些肥胖的孩子所带来的，可能是一代更胖的国人
P0057,326,3900万新病例？儿童肥胖正在改写一代中国人的健康轨迹,,,,,,,,,这就是肥胖的轨迹效应，所谓“一胖误终身”
P0840,327,第一批打司美格鲁肽减肥的人，已被反弹劝退,越来越胖,,,,,,,,” 反弹，被减肥药捆绑的年轻人 不可否认的是，人类确实越来越胖了
P0993,328,赌王女儿何超盈暴瘦？结婚时发福似两百斤，减肥速度堪比贾玲,,,,,,,,,四太大女何超盈结婚生娃时胖成球，婚后立马瘦成一道闪电
P0305,329,“只吃汉堡也能瘦”“只喝奶茶也能瘦”？真相出人意料,,,,,,,,,“饮食不规律，一顿饥一顿饱反而更容易长肉” 程璐是艺考生，在高中时为了艺考曾严格控制体重
P0731,330,"澳洲超市最受欢迎的超级水果, 竟能解决困扰无数人的问题! $2就能买到",,,,,,,,,这项研究成果刊登在《美国心脏协会杂志》上，研究人员找了969名25岁及以上、腹部肥胖的成年人来参与试验
P0760,331,王宝强将再当爹？冯清现身公司有助理陪伴，肚子凸起明显疑怀孕,,,,,,,,,穿着十分宽松，丝毫不能够体现身材，重点是冯清整个人都变得很大只，似乎发福发胖了不少，尤其是冯清肚子也有点凸起，看上去就是怀孕的既视感
P0535,332,整天滑3C不離手 兒童青少年脂肪肝比例增,,,,,,,,,「许多家长以为脂肪肝是大人病，甚至认为孩子胖一点是在为长高储备能量
P0303,333,发胖真有“分界线” 从这个年龄开始代谢急转直下,悄然设下了一道“发福界线”,,,,,,,,这不禁让人疑惑，难道说，身体在25岁后就悄然设下了一道“发福界线”
P0273,334,"别看潘粤明现在胖若两人,顶顶跟他发福前一模一样",,,,,,,,,别看现在潘粤明胖若两人，糙成叔，恍若退圈般变样，年轻那会却是教科书式的“鲜肉”
P0980,335,调查：10年间德国严重超重人数增加近1/3,,,,,,,,,更令人担忧的是，25岁至34岁之间极度肥胖的年轻男性数量不断增加
P1012,336,辛芷蕾在国外带火了一种贵妇穿法：短外套+短裤，微胖圆脸真优雅,,,,,,,,,"人们的审美是在一直变化的,很多人都觉得瓜子脸,大眼睛才是真正的美女,但是也有一些 美女可能长着一张圆润的脸蛋,她们的身材可能也没有那么的苗条,比如辛芷蕾就是圆脸微 胖 的 代 表 , 虽 然 她 有 着 圆 圆 的 脸 蛋 的 和 微 胖 的 身 材 , 但 是 她 候穿上了短外套和高腰短裤更是显得相当的贵气"
P0924,337,脂肪肝泛滥背后，是中国人的代谢危机,,,,,,,,,中心型肥胖的形成，主要是由于脂肪过多堆积在腹腔 比起BMI，衡量中心型肥胖常用的指标是腰围、腰臀比（腰围除以臀围）
P1002,338,趙露思抑鬱症未癒 近況公開,,,,,,,,,"据报道,赵露思因为健康亮红灯而瘦到 36.9公斤,不过最近微长了点肉,胖了4公 斤"
P0682,339,澳洲42岁母亲体重高达247斤！多次减肥无果，心态爆炸的她不运动减下100斤！从此人生像开了挂一样！,,,,,,,,,她和普通的胖仙女们一样，喜欢从食物中寻找安慰，爱吃甜食，不爱运动，并且一度把油炸薯片当成自己的一日三餐...... 生活习惯不规律是一方面，另外几乎家族中的大部分人都超重，而且Kim从小就比同龄孩子大一个size然而她也并没有放弃治疗，像很多猪猪女孩们一样，尝试过各种各样的减肥方式
P1070,340,长期不运动，身体会发生哪些变化？人生变好，从坚持运动开始！,腰腹部更容易囤积赘肉,,,,,,,,1 腰腹部更容易囤积赘肉 上班长时间久坐，在家也总是坐着、躺着……日常摄入的热量没法及时消耗，赘肉不找上你才怪
P1029,341,追求长寿第一步：把自己吃胖一丢丢,,,,,,,,,两位体重一样的女性，哪位看起来更健康呢 另外，研究者还提出，高血压、糖尿病之类的疾病，对偏瘦的人更具攻击性，更难治一点，因为他们没法跟微胖的人一样，后者 光是靠减掉多余的体重，就能对疾病有较好的控制，甚至彻底逆转疾病
P0018,342,30歲男每天10顆慢病藥 手術加調整生活減100公斤,,,,,,,,,术后15个月，体重降至80公斤，身体质量指数（BMI）改善至26.7，多项共病症状几乎完全缓解，血糖回稳，血压与血脂都恢复正常，脂肪肝改善，不再受睡眠呼吸中止症状所苦
P0474,343,"徐静蕾退圈后长居美国:到处吃喝玩乐,模样发福",,,,,,,,,或许就是“心宽体胖”，徐静蕾眼瞅着也发福了一些，看上去虎背熊腰的，腿比起之前也粗了不少
P0019,344,33岁张含韵被骂“爆肥”！1.62米55公斤，本人晒秤自嘲“真的胖”,,,,,,,,,此前，她在录制综艺时曾表示，自己有多年的“减肥焦虑”，“可能体重没长多少，但脸看起来就像胖了十斤
P1085,345,陳展鵬唔覺老婆發福 郭珮文不介意身材,,,,,,,,,单文柔早前被指发福孕味浓，他否认：「佢好惨，暂时没有怀孕，太太喜欢笑才错觉面形较圆，在我眼中一点也不肥，最紧要她健康，身形不必太瘦
P0734,346,澳洲这个家家必备的食物，其实一直都被冤枉了！,,,,,,,,,然而，如今它却常被贴上“高碳水”“易发胖”的标签，甚至被一些人视为饮食大敌
P0983,347,"谷歌杀妻案最新: 清华学霸胖到认不出, 前女友关键“日记”提交",,,,,,,,,和被捕后第一次出庭时两颊凹陷的照片(上图右)相比，陈立人明显胖了不少
P0871,348,【美女】对不起！男人眼中的微胖，长这样,,,,,,,,,这也难怪，微胖的女生更受男性青睐
P0871,349,【美女】对不起！男人眼中的微胖，长这样,,,,,,,,,2、微胖女生的触摸手感太好了，软绵绵的
P0192,350,侮辱or玩笑？华人也在用的“修图神器”引发争议，已紧急下架,,,,,,,,,它在更大尺度上，让社会变得更容忍嘲笑和恐惧胖人
P0192,351,侮辱or玩笑？华人也在用的“修图神器”引发争议，已紧急下架,,,,,,,,,” “胖人不是某个喜剧TikTok滤镜，也不是你节食前的‘前’照片，或者搞笑的‘减肥后’照片
P0371,352,"在所有肥胖的危害里,「精神疾病」是我没想到的",,,,,,,,,2、肺部 与体重正常者相比，腹部肥胖者肺功能损害几率高两倍，慢阻肺和睡眠呼吸暂停等呼吸道疾病发病率更高
P1048,353,郭晶晶全家云南避暑 霍启刚大肚腩发福明显,,,,,,,,,话说路人能够巧遇“晶刚夫妇”真的很惊喜，但这拍摄角度却把霍启刚拍得又矮又胖，别人都是短袖短裤，霍启刚的穿搭还停留在春 季，把自己裹得严严实实，倒还凸现了自己的大肚腩，富家公子的气质一下子不见了
P0994,354,赵丽颖裙子显土 殷桃脸肿发福 李沁星光闪闪,,,,,,,,,殷桃后台与他人聊天时，更显“脸大”，看来小姐姐是发福了，需要稍稍克制一下自己，恢复面部纤瘦感才好
P0169,355,什么时候才能停止对马思纯身材的审视？,,,,,,,,,也许有着“性感如红姑”称号的钟楚红，放在今天都会被归为微胖女星的标签里，被经纪公司按头要求减肥
P0205,356,【健康知识】胖哪儿都不能胖这里！,,,,,,,,,所以肚子胖的朋友，即使体重正常也得好好减哦
P0991,357,贾玲承认瘦身100斤，海报与近照胖若两人，袁弘曝训练量高达三倍,,,,,,,,,"如果路演的时候见到我,有机会能不 能上台抱抱我,虽然我现在抱起来可能会有点“硬”,但我真的好想你们!大年初一见! 前几日，贾玲一张剧照曝光，近照中的她瘦身大成功，不论是脸部还是身上，那种 肉肉的感觉全都没了，整个人简直瘦了好几圈"
P0932,358,"英国最胖的人:体重890斤创世界纪录,成功减重‘三个贾玲’!被美国女子求爱追到英国…",,,,,,,,,作为肥胖症研究专家，他见过不少胖子，但当他见到保罗时还是大吃一惊
P0588,359,李湘機場被偶遇 身材「富態」,,,,,,,,,大陆知名主持人李湘，近日在机场被拍到飞英国给女儿王诗龄陪读，身穿碎花洋装，身材丰满，从影片看来，李湘身材又胖了一圈
P0536,360,文章恋情曝光后首现身，左手戴戒指疑似二婚，与绯闻女友多次同台,,,,,,,,,这次现身活动现场，文章看起来胖了很多，有中年发福的迹象
P1068,361,"长在这两个部位的脂肪,其实是一种优势",,,,,,,,,正常来说，男性腰围应小于90厘米、女性小于85厘米，超过该范围就属于腹型肥胖
P0779,362,當猪長着 翅膀,,,,,,,,,"一辆豪华汽车缓缓驰近,车停,一对父子走下车,西装笔挺的父亲指了指,后面的侍从立即拿起大鱼、八爪鱼,对于那几条小鱼视若无睹,Jafaar设法引起小主人的注意,这个6、7岁的胖小子一 若他父亲,仰头高傲地走过,不屑一顾"
P0192,363,侮辱or玩笑？华人也在用的“修图神器”引发争议，已紧急下架,,,,,,,,,少有本来就身材丰满的人，让自己变得更胖一些
P0030,364,46岁孙燕姿演唱会被吐槽服装太丑，太胖了...,,,,,,,,,最主要的是显得孙燕姿好胖呀
P0328,365,吃面食和吃米饭哪个容易胖？主食这样搭配，控糖又不胖！,,,,,,,,,同样是碳水，为什么吃面食更容易胖
P0347,366,唐代以胖为美？从唐代服饰探究其真假,,,,,,,,,虽然从《仕女图》《捣练图》中研究得出唐朝女子之“肥胖”，体态之丰腴，但是这并不能囊括整个唐朝的审美，一个朝代真正的审美特征是不会局限于只有“胖”的
P0871,367,【美女】对不起！男人眼中的微胖，长这样,,,,,,,,,"网络上,关于「#微胖」的话题,频频上热搜; 如果,骨感是高级,那么微胖绝对是性感;身材凹凸有致、性感丰满的女生总让会让人爱不 释手!当然，我们说的微胖，不是让你敞开了吃，那样只能叫肥宅"
P0356,368,国家喊你减肥，真的是为你好，能帮你省大钱！,,,,,,,,,肥胖是“富贵病”
P1063,369,重马胖女孩”意外出圈 曾是8块腹肌“追风少女”,,,,,,,,,重返赛道找回阳光自信 从有着8块腹肌的教练到160斤的“重马胖女孩”，这些年，李利经历了什么
P0888,370,肚子越大，脑子越小？肚子大可能“藏”着这些风险,,,,,,,,,与腰不粗的胖人相比，腰粗的胖人腰围每增加9.5厘米，发生冠心病、急性冠心病事 件和死于冠心病的风险分别增高29%、30%、32%
P0487,371,惊了！最新数据：全澳超4成上班族体重超标！上班没时间管理自己的身材？一套动作10分钟，相当于跑步3000米，健身房1小时,,,,,,,,,如果你常常因为忙碌而忽略自己，让自己身材发胖、关节疼痛、弯腰驼背、睡眠质量差... 那么，请你一定别错过这堂让你蜕变的椅子轻瑜伽课
P0013,372,24岁中国妹子火上外媒！工作1年长胖40斤，她一怒之下辞职，前后转变惊呆网友...,,,,,,,,,当厨师是一段痛苦的经历，我在餐馆工作时与之共事的每个人都因压力和过度劳累而超重 社畜吐槽：上班让人累丑了 小欧的经历之所以能引起国内外网友们的集体共鸣，无关其他，只因为不管国内国外，一旦上班就不得不染上“班味”，走向“过劳肥”
P1095,373,面相变了!贾玲最新露面 体重竟反弹回归原状,反弹复胖,,,,,,,,在集体照里，她总是用自己的格子衬衫巧妙地挡住身体，不管周围大 家的站位如何变动，她就稳稳地站在冯巩身边，尽量不让自己的全貌被镜头捕捉到，旁人也只能从她露出来的手部去推测，她大概率是 体重反弹复胖了
P0234,374,全红婵不去学校上课！变壮遭网友质疑：半退役？还能参加奥运会？,,,,,,,,,从照片来看，扎起小辫子的全妹显得 更壮实，肩宽甚至堪比苏炳添，被网友称为“虎背熊腰”
P0247,375,冯巩67岁大寿 贾玲搂恩师合影 复胖身形引关注,,,,,,,,,贾玲似乎也有所准备，在集体大合影中，她机智地用格子衫外套挡住了身体的大半部分，而在多张合影中，不管同学们的站位有任何改变，贾玲始终都站在冯巩身边，还微微侧身，无法让人直观地感受到她的身形变化，只是从手部状态来看，贾玲还是略有复胖的
P0654,376,減重後被說復胖 賈玲分享運動日常,,,,,,,,,从画面来看，贾玲身材依旧纤细，手臂和大腿线条更加结实，绝无「小腹隆起」
P0084,377,"一个不吃晚饭的人,是怎样养成「易胖体质」的?",长胖更快,,,,,,,,宵夜来补偿，部分人夜里饿得睡不着，再补一顿“夜宵”，长胖更快
P0916,378,肿瘤患者到底“胖点好”还是“瘦点好”？营养师表示,,,,,,,,,但对于肿瘤患者而言，胖一点就一定是坏事吗
P0337,379,吴某凡监狱生活被曝！胖了20斤，当上小班长，天天创作正能量歌曲！粉丝组织劫狱！网友：电影都不敢这么演,越来越（圆润),,,,,,,,有网友称，探监时看到旁边有个年轻帅哥特别眼熟，仔细瞧了很久才敢确认，这个帅哥竟然是越来越圆润的吴某凡
P0271,380,别再嘲沈腾老婆胖了，这5位男星都娶了“胖老婆”，却个个很宠妻,越来越（发福),,,,,,,,不过也是在结婚生子之后，王琦退圈做了“家庭主妇”，身材也越来越发福了
P0163,381,亚洲首富之子为结婚，18个月减肥216斤，婚礼还没办，又胖回去了,再次发胖,,,,,,,,健康专家们指出，阿南特患有哮喘和服用类固醇可能是他再次发胖的原因
P1094,382,青少年减重别盲目：“饿瘦”不可取，“养瘦”才科学！,,,,,,,,,胖乎乎在小时候可能被叫“可爱”，但长大后，可能变成健康的“定时炸弹”
P0215,383,傳統中醫對腦中風的預防之道,,,,,,,,,"另有一些人,整天伏案用脑、情绪过于紧张、身体肥胖,缺乏运动和休息者,也需特别注意"
P0290,384,华人惊恐发现，来了澳洲以后体重开始超标！全球肥胖榜，澳洲排名靠前，据说与地理位置有关？,,,,,,,,,再加上超市的各种促销策略，垃圾食品和油炸食品往往有很多折扣，结果就是，澳洲人越吃越胖
P0685,385,澳洲专家建议“封杀”圣诞老人！说会教坏小孩！原因竟然是因为太胖？？？,,,,,,,,,辣妈开场一到每年的11月12月多少澳洲孩子都开始眼巴巴的等着Santa的到来圣诞树，圣诞老人，和圣诞礼物这三个圣诞套娃真的是缺一不可呀少了一个都好像快乐少一半了一提到圣诞老人我们脑海中总会浮现一个 戴着红色小帽，有着雪白大胡须大大的肚子，胖胖的身材和蔼可亲的老人形象 但今年澳洲竟然开始嫌弃起了圣诞老人
P0626,386,"汪峰接女儿,身材发福!8岁醒醒走路带风神似章子怡",,,,,,,,,尽管52岁的汪峰整个人看起来十分臃肿，但不愧是圈内人，穿衣风格还是相当的前卫，黑白搭配的休闲风穿搭显得很减龄
P0621,387,比伯空降来表演 全场疯狂!结果却是个假的,,,,,,,,,但要说做到和比伯完全一样，肯定是不可能的，首先唱功就无法媲美，再加上他还变胖了
P0927,388,腹部、大腿還是手臂?,,,,,,,,,"也就是说,梨形身材虽然让人烦恼衣服不好挑,却可能在默默守护健康"
P0430,389,完蛋！澳洲科学家刚刚找到肥胖的终极原因！摸摸脑袋一切都懂了,,,,,,,,,10秒神奇测试有的人喝水胖，有的人吃肉胖，有的人不吃蛋白质反而还会胖
P0072,390,"“S码的我，穿不进中国的XL！”百万美国网友齐吐槽, 中国衣服小的太变态了...",,,,,,,,,相信时常在国内淘宝的小姐妹们，最近应该都遇到了同一个诡异的现象，那就是自己好像莫名胖了
P0159,391,"乐基儿出席时尚活动:腹肌好美,42岁越胖越有幸福感",,,,,,,,,当晚的乐基儿红唇加分不少，尽显“大码”女人的个人魅力，妩媚又不失飒气，超爱
P1023,392,这是黄晓明？暴肥15公斤「脸圆肚凸又秃头」自嘲：喝水都胖,,,,,,,,,对此，黄晓明近日出席电影记者会时，自称是易胖体 质，光喝水就会变重
P0686,393,澳洲人的地域黑太精确！四位数字把你看得透透的！破解方法只有一个！,,,,,,,,,这份调查的数据显示，28.7%的西澳人身体肥胖，仅比澳大利亚首领地的肥胖率高一些
P0336,394,吴彦祖变“苏大强”?近照曝光被指身材发福变秃,,,,,,,,,近日，一代男神吴彦祖的一张新图在网络曝光，颜值大变引发热议 图片中，48岁的吴彦祖穿白色T恤比V，发际线明显后移有点秃，身材也较以往露面时发福不少
P0022,395,39岁郭碧婷正式复出！虎背熊腰胖了50斤，复出原因疑曝光,,,,,,,,,要知道向太年轻时也是明艳四射的大美人，如今因为身体原因吃药导致发福，但眉眼间依稀可见当年的风采
P0104,396,上体重秤吧!科学告诉你 每天称重一次 最容易减肥,很快又回到,,,,,,,,相比之下，那些不常称重的人，其中不少很快又回到了“胖纸”的行列
P0235,397,全红婵遭网暴：新华字典都不会查！回农村老家吧,,,,,,,,,9月13日，全红婵正式进入暨南大学，成为一名大学生，但是她明显变胖、变壮，引起不小争议
P0478,398,微胖入秋别这么穿！显胖又土气，真的太丑了！,,,,,,,,,所以按照这个思路的话，非常简单，我还是推荐微胖的姐妹尝试一些大领口的衣服，这样就会起到一个视觉转移的作用
P0534,399,擺脫病態性肥胖 健保機械手臂輔助手術助減重,,,,,,,,,医师提醒，身体质量指数（BMI）超过40称为病态性肥胖，健保署已将机械手臂辅助手术纳入给付，帮助患者摆脱恶梦
P0069,400,Rebel Wilson承认在减肥期间用过Ozempic，最近因为压力而复胖14公斤,,,,,,,,,现年44岁的Wilson 在2020年曾减肥35公斤，虽然最近因为压力大而复胖了14公斤，但是她自爆曾经在减肥期间短暂使用过那种针剂
P0487,401,惊了！最新数据：全澳超4成上班族体重超标！上班没时间管理自己的身材？一套动作10分钟，相当于跑步3000米，健身房1小时,,,,,,,,,甚至买菜时被人叫大妈▼ 不甘心就此胖下去的我，远赴美国进修运动管理专业，希望找到省时又高效的速瘦变美方法
P0684,402,澳洲254斤胖女减肥128斤！不吃药不节食，完克土澳长肥魔咒！,,,,,,,,,就在小伙伴们纷纷受到土澳高热量食品的诅咒变成小胖子的时候，人家澳洲一位菇凉居然就默默地减肥，瘦了下来
P0899,403,肥胖兼三高易患代謝綜合症 增患慢性病風險,,,,,,,,,可能导致非酒精性脂肪肝疾病：与腹部肥胖和胰岛素抗性有关
P0408,404,女性出現這種情況 反映玉體欠安,,,,,,,,,"体质偏寒的,不应再喝冰凉饮料,不宜多吃生冷瓜果+至于肥胖或循环欠佳者,多多运动,是让您重拾健康的不二法门"
P1069,405,长得胖算什么，“体态崩了”才可怕！明明打扮精致，看着却更土了,,,,,,,,,⑵身材微胖的女人改善好体态，状态能年轻十岁 体态好为什么能显年轻
P0145,406,中年因“发福”变“大妈”？网友：不同阶段不同美，别身材焦虑,,,,,,,,,中年发福并不意味着失去美丽，而是我们进入了一个更加成熟和丰富的人生阶段
P0628,407,沈腾儿子6岁生日宴在高级餐厅举行，小狮子蹦蹦跳跳，白白胖胖,,,,,,,,,婚后诞下儿子后 身材严重发福，不知道她是否身体原因，还是根本就不在意别人的眼光，自己舒服 就好
P0373,408,在澳洲，胖是可以被原谅的！,变胖,,,,,,,,"没人注意身材，没人在意打扮，就算你美到倾国倾城，也不会有人多看你一眼，久而久之，太好看就成了街上的""另类""，不注意身材和衣品反而成了理所当然，""变胖""就不知不觉攻破了你的心理防线，就算你能在这样的环境中保持自我，下面这些可真的不一定能扛得住，生活悠闲，心宽体胖"
P0625,409,汪峰带森林北在新疆过七夕，为她买珠宝男友力十足,,,,,,,,,森林北靠颜值吃饭，自然不会让自己发福，然而她的生图还是一次次翻车
P0992,410,贾玲被质疑体重反弹，最新机场生图流出，网友：傻眼了,,,,,,,,,贾玲自嘲：我帮她兜底，以后大家说最胖小龙女就是我啦
P0169,411,什么时候才能停止对马思纯身材的审视？,,,,,,,,,林青霞有小肚子，也不妨碍她成为一代巨星
P0924,412,脂肪肝泛滥背后，是中国人的代谢危机,,,,,,,,,中心型肥胖的形成，主要是由于脂肪过多堆积在腹腔
P0239,413,关晓彤最新状态惹争议:发福脸肿 年龄感尽显,,,,,,,,,不少网友已经开始担心她的新剧了，关晓彤近几年作品反响平平，好不容易又拍了新戏，路透曝光之后，关晓彤的身材就引起网友热 议，如今再加上肿胀的面部状态，如果关晓彤想靠这部剧重新振作的话，那她还是得在管理身材的同时也管理一下生活习惯了
P0629,414,"没想到!如果胖得「稳定」,其实是一种长寿优势",,,,,,,,,适当超重的前提是腰腹不能胖 2024年，中国疾病预防控制中心研究团队发表在《欧洲心脏杂志》上的一项研究发现，适当超重但腰细的人，死亡风险更低
P1095,415,面相变了!贾玲最新露面 体重竟反弹回归原状,再度 “变胖,,,,,,,,再度 “变胖” 与新电影的低调姿态 如今，让人意想不到的是，曾经的 “瘦导演” 贾玲竟又朝着 “胖导演” 的方向变化了，这一变化也让不少人猜测，她是不是又要为 新电影《转念花开》造势了
P0895,416,肥胖人群越来越多，都是脂肪惹的祸？这2个原因才是关键！,越来越多,,,,,,,,"我秃了、没精神啊 脸好粗糙 …肥胖人群越来越多,都是脂肪惹的祸?这2个原因才是关键! 如果仕减肥过程中做了降低代的瑞误 工作,比如一-盲目节食,就会直接降 低代谢,自然也就瘦不下来了"
P0406,417,奇葩！就因男友喜欢胖子！澳洲美女模特增肥至357斤！网友们都替她急死了！,,,,,,,,,我增胖不是为了他，而是为了我自己
P0656,418,港星陈键锋时隔两年晒自拍!满脸肉变发福中年男,,,,,,,,,陈键锋因脑血管遗传病影响而淡出娱乐圈，生活变得低调，去年有网民在贴出一张陈键锋现身加拿大机场的照片，见他一头金发兼凸腩，被指与单立文撞样
P0932,419,"英国最胖的人:体重890斤创世界纪录,成功减重‘三个贾玲’!被美国女子求爱追到英国…",,,,,,,,,保罗的身材实在是太胖了，门都出不去，最后只好拆墙才把他抬出来，甚至救护车都装不下他
P0051,420,"500磅肥胖女子起诉Lyft歧视,司机因担心爆胎而拒载",,,,,,,,,当她上前与司机对质时，据称司机告诉她，她的体型过大，无法坐进车的后座，还声称她的体重可能会损坏车辆轮胎
P0433,421,定期健康檢查 數據紅字莫慌張 三高異常、代謝症候群 讓專業醫事人員幫助您,,,,,,,,,国民健康署吴昭军署长提醒，若是发现血糖异常且有以下任两项因子（腹部肥胖、血压偏高、空腹三酸甘油脂偏高、高密度胆固醇偏低），即代表已有代谢症候群
P0445,422,【專家話你知】破除常見糖尿病迷思,,,,,,,,,肥胖人士患糖尿病的机会较大，但也有某些糖尿病的患者体型较纤瘦
P1089,423,陸飲食結構研究：麵比飯易發胖,,,,,,,,,一项研究称，吃面比吃饭更容易发胖
P0922,424,胖瘦由“菌”决定！增加肠道「瘦菌」，日本美慈利：这些食物让你越吃越瘦！,,,,,,,,,拟杆菌门可以在我们体内阻断游离脂肪酸进入到脂肪细胞内，而是将游离脂肪酸送给肌肉细胞，让肌肉来消耗游离脂肪酸，而不是储存到脂肪细胞内变成我们身上的赘肉，这样就可以避免你的身体发胖了
P0347,425,唐代以胖为美？从唐代服饰探究其真假,,,,,,,,,在杨玉环这样“胖”的情况下，唐明皇还专宠她，对于统治者的“顺从”使得欣赏“丰腴”的一种审美趋势发展了起来，更令后世百姓认为唐代“以胖为美”
P0797,426,"知名港星现身任贤齐演唱会!体重飙升,肚大如球",又胖,,,,,,,,一身黑色时尚套装现身的林雪看起来精神不错，59岁的他已经头发花白，体型上和过往一样，依旧很胖，很多网民更表示，一段时间没见林雪，他似乎又胖了不少
P0552,427,日本全球最瘦，却又全球最“寿”！日本人为啥这么瘦、又那么寿？,,,,,,,,,再加上他们从“骨感即美”这个审美角度硬把自己往瘦里逼，你看昭和时代流行健康丰腴的美人，可到了平成年间，骨感美就上了台面，女性不瘦成竹竿都不好意思出门，街上走两步，都怀疑自己“超重”了
P0970,428,让你更受欢迎的7 条社交法则,,,,,,,,,跟矮人 不谈身高，跟胖人不说体重，跟穷人不提 钱财，跟老人不聊年龄
P0048,429,200斤女孩为美狂瘦至90斤 ！要么瘦，要么死,,,,,,,,,许多女孩在青春期迎来身材焦虑，电视上女性的曼妙身材和发育期发胖的自己形成鲜明对比，身边无论家人、朋友，甚至不相识的路人，都可以对你的身材指指点点
P0043,430,62岁千百惠去世原因曝光，患病后发胖到150斤，知三当三晚年凄凉,,,,,,,,,这些年，千百惠的病情就一直不稳定，反反复复发作，而通过她发布的视频可以看出，在2个月前，千百惠也胖了不少
P0401,431,太極八卦功夫 特有的圓運動,,,,,,,,,"配合 「专气致柔」的道家腹式深呼吸, 促使内脏器官进行自我推拿按摩运 动,内部脂肪也就不会积存下来, 这样肚腹自然平坦没有大肚腩,身 材适中不肥不瘦,活动时就灵活敏 捷多了"
P0484,432,怕被医生嫌弃胖，澳洲女性越发不敢看病了...,,,,,,,,,医生却一口断言 “肥胖女性夸大疼痛”，并说只要减重，问题就能解决
P0726,433,澳洲致命威胁，正在逼近,,,,,,,,,澳人食物份量增长高达 66%，这在澳人 “发福” 过程中起到了关键作用
P0686,434,澳洲人的地域黑太精确！四位数字把你看得透透的！破解方法只有一个！,,,,,,,,,这下西澳人全澳胖子最多的名号算是实锤了
P1082,435,陈妍希「一天只吃一顿饭」 遭批制造容貌焦虑引发争议,,,,,,,,,女星陈妍希凭借电影《那些年，我们一起追的女孩》沉佳宜一角爆红，成为「国民初恋」，不过她主演古装 剧《神雕侠侣》时，却因脸颊微肉被网友笑亏是「小笼包」，所以之后她只要稍微水肿就会遭到酸民嘲笑
P1031,436,"退圈12年后,51岁刀郎发福油腻 网友:撞脸范伟",,,,,,,,,和看起来没多少变化的妻子相比，刀郎的变化可谓是非常的大，脸肉眼可见的圆润，双下巴清晰可见，尤其是站起来的时候，更是明显
P0169,437,什么时候才能停止对马思纯身材的审视？,,,,,,,,,普通身材被贴上“胖”的标签，丰满更成为一种“原罪”
P0524,438,拒绝中年“发福”，从这12件小事入手，生活化“减脂”！,,,,,,,,,果然，中年人心痛的“点”，就连眼前的体重都是“失控”的
P0014,439,24岁大胃王胖到去世！狂吃成600斤“肉山”-,,,,,,,,,（Kultur在家接受治疗） 今年1月，土耳其知名主播Testo Taylan前去探望他，交谈期间，Kultur全程躺在床上，面部肥肉挤压导致眼睛都无法睁开，看得人十分心酸
P0357,440,国家喊你减肥真相曝光：中国已成超重大国，胖下去后果太严重,,,,,,,,,男性腰围≥90厘米、女性≥85厘米就算“腹型肥胖”
P0257,441,"减肥还能“健脑”!体重减少1%,大脑年轻了9个月",,,,,,,,,节食减肥：饿成易胖体质 严控摄入热量，体重自然下降，但身体也会做出调整以适应“不良环境”，最明显的就是基础代谢降低
P0179,442,体重120斤以上的女人，别再穿阔腿裤了！换成这3种打扮更时尚显瘦,,,,,,,,,而且这种下装所需注意的搭配技巧也很少，更利于微胖女性使用
P0399,443,“天然泻药”被发现，一周吃几次，排出宿便降体重，简直福音,一胖就总是先胖这个小肚腩,,,,,,,,随着年龄的增长，我你是否也有着跟我一样的烦恼，那就是越来越容易发胖，而且一胖就总是先胖这个小肚腩，真是愁死我了
P1075,444,防止肥胖，要像猪一样吃饭,,,,,,,,,而且猪猪还发展出了“顺应生理时钟、不容易发胖的自然进食法” ，而人类已经不幸失去了这种本能
P0036,445,52岁港星陈慧珊现身大学，皮肤松垮身材发福似大妈，被指面带苦相,,,,,,,,,她穿了一件白色的衬衣，加咖绿色的长裙，裙子虽然说不上出彩，但也没有出错，但她所穿的白衬衣，却将人衬托得非常臃肿，因此当她微微发福的脸颊，配上这身衣服后，才会看起来身材发福似大妈
P0192,446,侮辱or玩笑？华人也在用的“修图神器”引发争议，已紧急下架,,,,,,,,,有人让AI帮自己修改自己的健身图，并配文“这下春节能管住嘴了”，言外之意是不想变成照片中胖胖的那个人
P0921,447,“胖死”成真！欧洲人拿什么拯救失控的体重…连“小瘦子”法国人都“膨胀”了？,,,,,,,,,除此之外，快餐文化也被看成是法国人变胖的症结之一
P0406,448,奇葩！就因男友喜欢胖子！澳洲美女模特增肥至357斤！网友们都替她急死了！,,,,,,,,,小两口的感情也越来越好，每天都到处虐狗，只要出门就会先在家拍一张合照，随着时间的流失，增加的不仅仅是他们之间的感情，还有罗西的体重，虽然可能看脸可能还看不太出来，但是罗西已经成了所有人眼中的胖女人了
P0932,449,"英国最胖的人:体重890斤创世界纪录,成功减重‘三个贾玲’!被美国女子求爱追到英国…",,,,,,,,,不幸的是，他的庞大身躯使得所有的行动都变得十分显眼，第一次出手就被捕
P0568,450,"最严重的青少年肥胖爆发:中国胖娃3000万,速度罕见",,,,,,,,,在刘云曼所在儿童肥胖门诊，医生们一般不直接用“胖”形容肥胖儿童，而是代之以“大体重”
P0345,451,哪种体型的人更长寿？研究发现：这个部位“细”点好！,,,,,,,,,即使没有腹型肥胖，也可以多运动防患 于未然
P0310,452,台南男體重腰圍都破百 患重度脂肪肝減重助改善,,,,,,,,,奇美医院内分泌新陈代谢科主治医师吴尚贤今天在院内卫教宣导会表示，患者久坐又缺乏运动，导致身形较胖，体检结果显示空腹血糖和三酸甘油脂偏高，肝指数也异常，于是到门诊就医
P0035,453,51岁袁立现身公益:肥胖变化大 穿短裙伤疤显眼,,,,,,,,,对比起以 前的大明星模样，现在的袁立身材发福明显，看上去虎背熊腰的，脸颊也圆润了好几圈
P1008,454,身体胖寿命短？医生却说：恭喜你！这2个地方“胖”是好事！,,,,,,,,,臀部大，脑血管好 臀部肌肉发达，可降低摔倒的风险
P0606,455,歧视胖人？韩国地铁扶梯标识惹大量争议,,,,,,,,,还有人称，鼓励人们锻炼 身体固然没错，但可以选择更好的呈现方式，不该羞辱身形较胖的人士
P0347,456,唐代以胖为美？从唐代服饰探究其真假,,,,,,,,,故而对于其他朝代来说唐朝存在的“胖美人”更多，女子体态展现得更加明显，所以才会认为唐朝是以胖为美
P0437,457,家长暴怒: 绝不沉默! 华人7岁娃在名校遭高年级同学群殴! 脸朝下倒地…,,,,,,,,,9月17日上午，家在多伦多的一位华人妈妈在社交媒体Po文，讲述了自己年仅7岁的孩子在学校惨遭霸凌的经历，她说一群七年级的男生在课间休息时间，围殴她刚上小学二年级的儿子，原因竟然是因为“儿子有点胖”
P1056,458,醫師分享兩招 改善異位性皮膚炎,,,,,,,,,"有点胖胖的她,在脖子两侧,还有脱屑及黑色素沉淀"
P0179,459,体重120斤以上的女人，别再穿阔腿裤了！换成这3种打扮更时尚显瘦,,,,,,,,,微喇裤应该比工装裤更受微胖女性青睐，因为同时具备遮肉作用和显腿长效果是微瘦女性不太理解的微胖女性对微喇裤热爱的重要原因之一
P1010,460,身材决定寿命？研究发现：活过80岁的老人，身材大多有两个特征,,,,,,,,,这说明，老年人微胖体型更有利于长寿
P0899,461,肥胖兼三高易患代謝綜合症 增患慢性病風險,,,,,,,,,而此症的高危人士包括： 腹部肥胖者：尤其是那些腰围超标的人
P0108,462,不是错觉：过了这个年纪，长胖真的更容易,,,,,,,,,随着年纪的增长，人体内的激素也会发生变化，同样会导致人更容易变胖
P1008,463,身体胖寿命短？医生却说：恭喜你！这2个地方“胖”是好事！,,,,,,,,,大腿粗，降低糖尿病风险
P0568,464,"最严重的青少年肥胖爆发:中国胖娃3000万,速度罕见",像气球吹的一样,一下子就胖起来了,几乎每年20斤的速度，体重一直长,,,,,,而上文中小月的妈妈则清楚记得，“从小学开始，像气球吹的一样，她一下子就胖起来了，几乎每年20斤的速度，体重一直长……” “她们学校禁止带零食，在家里也会控制一下饮食，我还特意告诉她们老师，中午不给她加饭，但体重还是涨”
P0115,465,世界最胖男人一辈子被肥胖困扰，多次减肥失败，曾经抑郁自杀，如今只想好好活下去…,,,,,,,,,他开始把生活不如意的压力发泄到食物上，开始暴饮暴食，加上家族的肥胖基因，在保罗意识到情况恶化时，他就已经严重肥胖了
P1075,466,防止肥胖，要像猪一样吃饭,,,,,,,,,③曾经遭遇过饥荒（自己过度节食也算）后，身体更容易长肥肉
P0592,467,杨钰莹终究发福了!穿搭时尚难掩浮肿 却依然清纯,,,,,,,,,与内娱现在满是白幼瘦的审美相比，杨钰莹现在中年发福的微胖身材显真实自然也更显和谐舒适
P0452,468,"小贝一家现身巴黎,女儿发福,贝嫂拄双拐却仍拒搀扶",又胖,,,,,,,,此前一段时间，小七出镜时瘦了很多，而这次，不知道是不是衣服搭配的原因，她看起来似乎又胖了不少，小肚子上的赘肉十分明显，腰和腿也有变粗迹象
P1064,469,金正恩、普京和习近平,,,,,,,,,小习和他的一帮废物点心正在忙于内斗，正好给了三胖普京以可乘之机
P0884,470,"老戏骨林雪健康令人担忧!体重飙升,做运动表情痛苦",,,,,,,,,不过，目前林雪的体重变得如此肥胖，对于自己未来的演艺事业或许也会受到影响
P0243,471,养「背」就是在养五脏六腑!医生力荐3个方法,,,,,,,,,腰部赘肉过多会导致身体前凸，背部压力增加
P0328,472,吃面食和吃米饭哪个容易胖？主食这样搭配，控糖又不胖！,,,,,,,,,主食这样吃，既控糖又不易发胖 1.优选蒸和煮的 北京中西医结合医院营养科主治医师牛文翠2022年在医院公众号刊文中表示，主食加工方法越简单越好，优选蒸和煮
P0305,473,“只吃汉堡也能瘦”“只喝奶茶也能瘦”？真相出人意料,突然变胖,,,,,,,,“我每次吃东西时会去想我能不能保持身材、我会不会突然变胖、我能不能继续瘦
P0588,474,李湘機場被偶遇 身材「富態」,又胖了,,,,,,,,李湘在机场被拍到，身材又胖了一圈
P0569,475,最新！谷歌工程师杀妻案再开庭，律师再用“拖延战术”，凶手等得都发福了！,,,,,,,,,陈立人的辩护律师施罗德称，发福是由于自由受限，无法进行正常锻炼
P0007,476,5 个专门胖肚子的坏习惯，你可能天天在做,,,,,,,,,各位肚子胖的人士： 你  危  险 了
P0641,477,浪漫,,,,,,,,,还有怕长胖时分外诱人的蛋糕和炸薯条
P0347,478,唐代以胖为美？从唐代服饰探究其真假,,,,,,,,,然而，对于杨贵妃这一人物形象却总是会与“胖”这个词相挂钩，还会将其作为代表来推测我国古代的唐朝是“以胖为美”
P0192,479,侮辱or玩笑？华人也在用的“修图神器”引发争议，已紧急下架,,,,,,,,,但是这却激怒了本身身材就胖乎乎的人
P1031,480,"退圈12年后,51岁刀郎发福油腻 网友:撞脸范伟",,,,,,,,,在去年的时候，参加活动的刀郎也被媒体拍到过，那时候的他就已经发福了不少，看着就像是一位普通的路人，和之前停留在大众印象中的刀郎形象大相径庭，甚至有网友觉得刀郎长得像范伟了
P0380,481,墨尔本大学新发现！神奇细胞帮你燃脂减肥，人人都有可能瘦！这下有新希望了！,,,,,,,,,而二月出的新闻，新的研究发现人的胖瘦是天注定的，小时候生下来脑袋大的人就容易胖
P1075,482,防止肥胖，要像猪一样吃饭,,,,,,,,,然而，猪猪非常厉害的一点是， 虽然变成了“易发胖体质”，但现实里真正变得严重肥胖的猪猪却并不多
P0627,483,沈腾一家现身海南 妻子王琦发福 6岁儿子白胖,,,,,,,,,不都说“心宽体胖”，从王琦现在状态也能看出婚后日子过得是比较舒适惬意的
P0822,484,研究预测：澳人体重每十年增3公斤,,,,,,,,,” 研究人员注意到乘客体型增大与航空座椅之间的关系，并引用一些研究，这些研究发现过去 30 年体型尺寸的变化导致航空座椅的尺寸成为新问题，无法容纳多达 68% 的男性和 22% 的女性
P0564,485,暴瘦50斤的马思纯，比贾玲还吓人？,,,,,,,,,然后这是两年前的马思纯，是不是胖若两人
P0179,486,体重120斤以上的女人，别再穿阔腿裤了！换成这3种打扮更时尚显瘦,,,,,,,,,它的设计既能避免平裙带来的严重踩败感，又能突出腰身使整体造型更加优雅，同时由于包裹设计可以隐藏过多甚至多余的肉感，因此将女性对身材缺陷带来自卑心理影响约减至最低，成为一种让每位女性都可以穿得自信优雅气质更佳的裙子
P0989,487,“贾玲在手机里胖了十斤”，那个快乐的贾玲又回来了,,,,,,,,,曾经那个以圆润可爱形象深受喜爱的喜剧演员，为了《热辣滚烫》中的角色，她在2023年做出了一个惊人决定：先增重40斤，让角色更真实、更接地气
P0478,488,微胖入秋别这么穿！显胖又土气，真的太丑了！,,,,,,,,,还有一点就是，如果是微胖的姐妹一定不要买落肩款的T恤，相信我真的会超级灾难的
P0588,489,李湘機場被偶遇 身材「富態」,,,,,,,,,李湘过去也曾被嘲「富态」，本人曾回怼：「我瘦过，你富过吗
P0063,490,G胖变G瘦后玩家担心其健康状况:他出事游戏业将巨变,,,,,,,,,也正是因为这个特征，国内玩家经常以“G胖”这个昵称来称呼他
P1043,491,那些一胖就胖肚子的人，后来都怎么样了？,,,,,,,,,当内脏脂肪过多时，就容易造成“四肢不胖、肚子胖”的现象，像怀了一颗大西瓜，也就是腹型肥胖
P0031,492,"47岁李湘前凸后翘体重飙涨,神秘男相伴疑有新恋情",又恢复到了发胖,,,,,,,,不过，远远望去也能感受到李湘的身材又恢复到了发胖阶段了
P0205,493,【健康知识】胖哪儿都不能胖这里！,,,,,,,,,那么我们怎样能减小我们的大肚腩呢
P0602,494,梨形身材是基因彩票引发热议 身材关乎多种健康问题,,,,,,,,,与之相对，最不健康的是“标准苹果”，上半身肉多得很，腿上却没多少脂肪
P0347,495,唐代以胖为美？从唐代服饰探究其真假,,,,,,,,,故而，真正要说唐朝的审美特征就是“以胖为美”是不够妥当的，每个时代的主流审美也有着一定的发展期，我们只能说“以丰腴为美”可以算是唐朝繁盛时期女性形象的生动体现而已
P0007,496,5 个专门胖肚子的坏习惯，你可能天天在做,,,,,,,,,肚子越大，肿瘤越多，命越短…… 保证腰围正常，真的太重要了 但，一个令众多小伙伴困扰的问题是…… 首先要承认 脂肪堆积和基因有关 有一些人，天生就更容易胖肚子 性别也会对脂肪的分布造成影响 由于激素水平差异 男生通常更容易肚子大 而年轻女生更容易胖屁股、胖腿绝经期后的女性，因为激素水平改变，也会变得更容易胖肚子，但基因和性别并不是全部的真相
P0584,497,"李克勤携妻现身纽约:疑送儿子入学,妻子被赞冻龄",,,,,,,,,李克勤的身形多年来都没有太大的变化，依旧没有发福的迹象，他的肤色偏黑，就快到退休年纪的李克勤皮肤状态还是不错的，而与他同行的妻子卢淑仪则是戴着墨镜，穿着黑色的T恤搭配长裤，一头长发披散在肩头，看起来仍气质满分
P1043,498,那些一胖就胖肚子的人，后来都怎么样了？,,,,,,,,,这样做可以预防“长肚子” 1.关注体重和腰围 如何判断自己是否肥胖
P0045,499,68岁林青霞疑不穿内衣惹争议 身材发福似大妈,,,,,,,,,正所谓人红是非多，在“吐槽”完林青霞“身材发福”后，她又被扣上了“不懂谦让”的帽子
P0163,500,亚洲首富之子为结婚，18个月减肥216斤，婚礼还没办，又胖回去了,,,,,,,,,据悉，阿南特自小就体型偏肥胖
P0192,501,侮辱or玩笑？华人也在用的“修图神器”引发争议，已紧急下架,,,,,,,,,还有人配文说“我的脖子去哪里了，哈哈哈”
P0087,502,一个月只吃赛百味，小哥成功减肥：做对这些，快餐瘦身比吃药快8倍,,,,,,,,,我这一个月除了赛百味啥都不吃，结果给我惊呆了” 弗里安·弗里亚斯（Frian Frias）表示，做这个挑战的灵感来源于其他内容创作者，刚好自己也有点微胖，所以希望吸流量又希望减肥的他就决定吃赛百味了
P0885,503,职场有毒！24岁华人妹子上班1年增重40斤！辞职后的变化震惊全球网友…,,,,,,,,,虽然，她的变化并没有自己自嘲的“丑得惨绝人寰”那么严重，虽然体重增加，但从五官上依旧能看出是个美女
P0247,504,冯巩67岁大寿 贾玲搂恩师合影 复胖身形引关注,,,,,,,,,许久没有露面的她，整个人看起来松弛了好多，只是不知道是否是角度的问题，脸蛋看起来圆润了一点，脖子也变粗了，在这些的衬托下反倒显得头身比有一点奇怪，连发际线也有微微地上移
P0028,505,44岁女星回应“胖若两人”：焦虑症吃药导致,,,,,,,,,只可惜现在的美人正在饱受抑郁症和焦虑症的折磨，不得已接受现在敦实憨厚的自己，但是她能够在胖到认不出时的形象高调复出，说明于娜真的很真诚
P0347,506,唐代以胖为美？从唐代服饰探究其真假,,,,,,,,,当时，从另一方面来讲，如果作为中国古代公认的四大美女之一的杨玉环却是胖到离谱的女子，这样的状态对于后世的百姓审美来说，是难以站得住脚的
P0922,507,胖瘦由“菌”决定！增加肠道「瘦菌」，日本美慈利：这些食物让你越吃越瘦！,,,,,,,,,所以说，我们身体的肥胖其实与肠道内的细菌分布有着很大的关系，肠道内的厚壁菌门如果比拟杆菌门多的话，你的身体就会更高效地从食物中摄入热量，导致身体很容易发胖
P0530,508,揭秘米饭与面食：哪个更容易让你胖？澳洲减肥保健品推荐,,,,,,,,,例如，亚洲人由于基因因素，对碳水化合物的消化吸收能力较强，因此可能更容易发胖
P0468,509,张凌赫撞脸这些「天王级男神」！ 自曝曾因太胖遭女生嫌弃,,,,,,,,,张凌赫也分享对白鹿的印象是「好看人又好，还有就是爱笑」，并爆料她私下一面，「鹿姐经常会损 你、嘲笑你，但是我又不能说什么，毕竟是鹿姐，我也说不过她，而且鹿姐比较严格，她会盯着我说『你今 天头套歪了、你这两天少吃点又胖了』
P1076,510,"阿娇2个月内体重如过山车,最新巡演体重失控又复胖",,,,,,,,,要知道，就在不到两个月前，twins在内地巡演的时候，当时的阿娇还是比较瘦的状态，下颌线清晰可见，手臂肩膀也看不出多余的赘 肉，给人一种很苗条的感觉
P0919,511,胖到認不出 42歲姚迪罕見現身,,,,,,,,,有网友分享了姚笛罕见参加活动的照片，42岁的她胖了很多
P0507,512,我認識的紅二代作家:風流總被雨打風吹去,,,,,,,,,"李讷个子非常高,胖呼呼的身材,穿戴非常老土,像北方农村的大妈"
P0328,513,吃面食和吃米饭哪个容易胖？主食这样搭配，控糖又不胖！,,,,,,,,,而对于女性而言，虽然整体肥胖差异不明显，但在腹型肥胖方面同样观察到了类似的趋势
P0347,514,唐代以胖为美？从唐代服饰探究其真假,,,,,,,,,在盛唐时期，贵族女子十指不沾阳春水，“养”的身形不断变胖
P1023,515,这是黄晓明？暴肥15公斤「脸圆肚凸又秃头」自嘲：喝水都胖,,,,,,,,,黄晓明笑称减肥是他终 生的事业，如果不当演员的话，应该是幸福的胖子，「因为我真的是易胖体质，我试过晚上什么都不吃，第二天起来光喝水，体重还会往上涨一斤（0.5公斤）的那种人，很可怕、很可怕
P0762,516,王思聪日本逛街 头发斑秃又胖了 新女伴风格大变,,,,,,,,,抬头时下巴和脖子连到一 起显然是又胖了
P0124,517,中国三成胖人为腹型肥胖 专家:减重不要求快,,,,,,,,,由于人种特点，中国肥胖症患者主要以腹型肥胖为主，也叫中心性肥胖
P0031,518,"47岁李湘前凸后翘体重飙涨,神秘男相伴疑有新恋情",,,,,,,,,照片被曝光后，很多网友看到如今的李湘，纷纷表示：“为什么这么胖，还能前凸后翘
P1059,519,“重”视体重，“轻”松生活：肥胖问题我们说清楚,,,,,,,,,三、别小看肥胖，它是一种慢性病⚠️ 现代医学已明确：肥胖是一种慢性、复发性、进展性的疾病，不是简单的“胖点儿”或“缺乏自律”，而是会全身“连锁反应”的健康问题
P0274,520,"别超重!体重如果达到这个数,等于大脑早衰了12年",,,,,,,,,研究的结论是：大多数肥胖者最终都会产生各种健康问题，想做个“健康的胖人”没那么容易
P0564,521,暴瘦50斤的马思纯，比贾玲还吓人？,,,,,,,,,当然，那时候她极力自证是为戏变肥
P1052,522,郭碧婷复工状态引热议 身材发福越来越像向太,,,,,,,,,可能停工太久的缘故，重新面对镜头的郭碧婷显得温柔有余，但精神不足，整个人的仪态不够挺拔，再加上背部过厚，感觉有些驼背 对于刚刚复工的郭碧婷来说，这种状态已经很不错了，毕竟颜值还没垮，只是身材略微走样，如果她真决定重新活动的话，估计瘦身就 会提上日程啦
P0534,523,擺脫病態性肥胖 健保機械手臂輔助手術助減重,,,,,,,,,36岁王姓女子曾饱受病态性肥胖所苦，从小体型丰腴的她提到，长大后不论接受运动教练指导，或中医药辅助减重，对破百的体重成效都很短暂，才选择手术减重
P0405,524,奇葩！300斤网红坐飞机要求免费加3座，还以命相逼地勤推自己下机？网友：又胖又作！,,,,,,,,,在美国全年龄段人群的筛查中，39.6%的美国成年人体重超标，31.6%的人严重超重，7.7%的人接近“超级病态性肥胖”的范畴
P0050,525,350斤杀人犯，死刑前突然申请免死：我太胖了，这么死太痛苦？！果断被驳回...,,,,,,,,,3月24日，坦齐的律师提交了一份简报，说坦齐严重肥胖，还患有坐骨神经痛、高血脂、无法控制的高血压和胃食管反流
P0490,526,惊人报告！澳洲超市里的这些东西，吃多了中风早死风险飙升！吓得手里可乐都掉了！,,,,,,,,,如果超加工食品只是能让人变胖倒也没啥，毕竟那么好吃，胖了再减肥就是了
P0472,527,彻底放飞自我?阿娇最新演出胖成“阿爆”演出划水,,,,,,,,,从粉丝视角不难看出，现在的阿娇身材已经彻底走形，舞台上的阿娇粗手指粗手臂相当明显，至于面部那就更不用说了，曾经的瓜子脸 已经消失不见，取而代之的是圆脸
P0490,528,惊人报告！澳洲超市里的这些东西，吃多了中风早死风险飙升！吓得手里可乐都掉了！,,,,,,,,,即使是在吃下去的卡路里数完全一致的情况下，吃了两周超加工食品后试验对象们还是变胖了
P0251,529,减肥不能碰“瓜子”？坦白说：不想腰上长赘肉，3种食物莫要贪吃,,,,,,,,,颜值可以通过化妆技术进行修饰，而身材就不同了，对于身材微胖的人而言，只能通过减肥来实现
P0351,530,四个月体重（-10KG）、腰围（-13cm) - 饮食经验总结,,,,,,,,,可见腰腹的肥肉都是糖堆出来的脂肪
P0205,531,【健康知识】胖哪儿都不能胖这里！,,,,,,,,,根据中国肥胖问题工作组制定的标准，男性腰围 ≥ 85 cm，女性腰围 ≥ 80 cm 就可以确定为腹部脂肪堆积过多，也就是中心型肥胖
P1029,532,追求长寿第一步：把自己吃胖一丢丢,,,,,,,,,——胖一点健康吧，老人都爱这么说，“瞧这孩子多健康啊
P0355,533,国企领导胡继勇的眼光真是差！女方靠整容翻身，6年前的体重160斤,,,,,,,,,据董某自己的说法，她在6年前的体重居然高达160斤，虽然身高171，但说白了也着实是挺胖的了 而且她自己对于她的长相也是非常不自信，肥胖，有皱纹，还有雀斑
P0871,534,【美女】对不起！男人眼中的微胖，长这样,,,,,,,,,） 锻炼是为了更好的吃，第一次鼓起勇气穿比基尼拍照，不过感觉美呆了~ （一不小心就被你惊艳到了，丰腴的身材让人倍感温暖，治愈又舒服，求抱抱~） 08:@nikaynakih 虽然她个子娇小 ，但是人家胸大腰细呀（不得不承认，只要身材比例好，真的可以为所欲为
P1009,535,身材决定寿命？研究发现：大腿粗、屁股大的人，可能更长寿,,,,,,,,,而啤酒肚说明内脏脂肪过多积聚，与心脏代谢风险、慢性炎症之间有密切关系
P0921,536,“胖死”成真！欧洲人拿什么拯救失控的体重…连“小瘦子”法国人都“膨胀”了？,,,,,,,,,而且他们认为，法国人逐渐“变圆”还因为他们主动或者被迫的减少了运动量，认为新冠疫情三年的隔离、健康和疫苗接种使许多年轻人无法参加体育运动
P0944,537,"著名网红“两周”瘦220斤,随即称这是一场“社会实验”",,,,,,,,,然而﹐就在昨天﹐人们还在说我又胖又病态､无聊又不合时宜
P0621,538,比伯空降来表演 全场疯狂!结果却是个假的,,,,,,,,,” 当地时间上周六，知名DJ Gryffin来到拉斯维加斯永利酒店（Wynn Las Vegas）内的夜店表演，看着站在自己前方，身材有些走样，正激情演唱热单《Sorry》的大歌星贾斯汀·比伯，他不禁发出感叹
P0032,539,49岁林心如时装周生图曝光 身材发福脸颊圆润,,,,,,,,,更重要的是生图镜头下，林心如的脸直接胖了好几圈，虽然好像胶原蛋白满满，实则十分僵硬，苹果肌凸出，鼻基底被挤到法令纹加深，脸颊仿佛吹起的气球，虽然饱满却也十分浮肿
P1102,540,風影,,,,,,,,,"彼得先生是位短小精干者,其太太安娜恰恰相反、她身高且略胖"
P0049,541,263斤男子请9名轿夫抬滑竿上峨眉山：花了22100元，往返42公里耗时10多个小时,,,,,,,,,“因为对方是临时联系的，我先找来两顶轿子（滑竿），都因对方身体过于庞大，都坐不进去
P1063,542,重马胖女孩”意外出圈 曾是8块腹肌“追风少女”,,,,,,,,,胖女孩也可以很酷，也可以闪闪发光
P0870,543,【美女】163cmD杯女私教，身材超100分，根本顶不住啊,,,,,,,,,"微胖女私教叫moon,她五官精致,再加上微胖身材非常受欢迎,谁见了都会多看两眼"
P0243,544,养「背」就是在养五脏六腑!医生力荐3个方法,,,,,,,,,超重 体重过重，背部受力更大
P0502,545,成年女性逾半腰圍過粗 醫籲母親節用擁抱關心健康,,,,,,,,,（中央社讯）国内成年女性逾半腰围过粗
P0126,546,中国人真的，越来越胖了,,,,,,,,,打开社交软件，上面一堆身材爆好的博主在教减肥、拍照，不禁感慨，怎么都这么瘦，就我在发胖
P0077,547,"TVB“最强body”又晒事业线,童年因肥胖自卑抑郁",,,,,,,,,别看她清清瘦瘦，她上围异常丰满
P0961,548,【認識乳癌系列】誰是高風險族群？拆解迷思: 未生育﹑鋼圈內衣都有關？,,,,,,,,,Daisy 补充，需要更大承托而需要穿钢圈胸罩内衣的女仕，一般可能因为体型肥胖，而肥胖是乳癌的危险因素
P0126,549,中国人真的，越来越胖了,,,,,,,,,除此上面说的这些，现代人还有一些“被动”发胖的因素，例如觉没睡够
P0303,550,发胖真有“分界线” 从这个年龄开始代谢急转直下,,,,,,,,,年龄真的是划分苗条与臃肿的隐形标尺吗
P0130,551,中国男人配不上中国女人？,,,,,,,,,男人只要有钱有势，哪怕肥头油耳、大腹便便，照样有大批美女趋之若鹜
P0347,552,唐代以胖为美？从唐代服饰探究其真假,,,,,,,,,杨玉环虽与赵飞燕合称为“燕瘦环肥”，但这也只是后人的推测而已，只是根据古籍来给她们找出突出特征，以便于人物形象更加鲜活地塑造
P0380,553,墨尔本大学新发现！神奇细胞帮你燃脂减肥，人人都有可能瘦！这下有新希望了！,,,,,,,,,这个基因测试可以破解你身体的秘密你可以知道自己吃什么东西容易胖，吃什么容易瘦，有了这个测试结果，你就能知道平时应该如何搭配饮食，越吃越瘦
P1110,554,"马云现身设家宴:身材发福,豪宅庭院内景曝光",,,,,,,,,马云罕见现身设置家宴，身材发福憔悴不少，豪宅庭院内景曝光
P0797,555,"知名港星现身任贤齐演唱会!体重飙升,肚大如球",,,,,,,,,而且林雪脸上的黑斑也比较明显，胖到没有脖子的他看起来体重已经接近三百斤
P0299,556,原来华人来澳洲后，发胖都是因为它！澳洲家庭随处可见！,,,,,,,,,这样的话可能也就是喘几口气的事儿，你就变胖了…少年胖则终身胖，该研究同时表明，对于发育期的小孩来说，长期接触这些带有内分泌干扰素的灰尘会大大增加其成年后的肥胖率
P0108,557,不是错觉：过了这个年纪，长胖真的更容易,,,,,,,,,不过，我们到底从什么时候开始发胖呢
P1008,558,身体胖寿命短？医生却说：恭喜你！这2个地方“胖”是好事！,,,,,,,,,大腿粗，血脂更低 大腿粗，血脂更低
P0358,559,国家给减肥上高度了,,,,,,,,,中国人还更容易出现腹型肥胖，这意味着我国胖人更容易患上代谢性疾病
P0080,560,Uzi妻子更新Uzi肌肉照：健身卓有成效！,,,,,,,,,她表示，Uzi现在只是脸胖，体脂率已经19%了
P0167,561,人设崩塌! 以瘦著称的法国人近半数超重?,,,,,,,,,除了不健康的饮食习惯，调查还发现人们在电子屏幕前的时间越长，越容易变胖
P0124,562,中国三成胖人为腹型肥胖 专家:减重不要求快,,,,,,,,,腰围过大往往反映了内脏脂肪过多，更易引发代谢紊乱及心脑血管疾病风险升高
P0407,563,女大学生怀胎7月被当肾病医治后身亡，当地卫健委介入调查,,,,,,,,,"女人胖是丰满,瘦是苗条,高是修长,矮是玲珑!男人胖是猪,瘦是排骨,高是竹竿,矮是冬瓜"
P0271,564,别再嘲沈腾老婆胖了，这5位男星都娶了“胖老婆”，却个个很宠妻,,,,,,,,,前两年已经有媒体拍到王琦胖到认不出的样子，身材圆滚滚地像个“球”，脸也变得很圆润，几乎看不出年轻时的五官
P0927,565,腹部、大腿還是手臂?,,,,,,,,,"如果半截身高都“套不过“腰围,那就意味著内脏脂肪可能超标"
P0989,566,“贾玲在手机里胖了十斤”，那个快乐的贾玲又回来了,,,,,,,,,媒体摄像机和现场观众手机同时拍摄她，画面呈现出两个“不同版本”的贾玲：手机镜头里的她明显“胖了一圈”，也让“上镜胖十斤”这个说法被形象验证
P0473,567,徐静蕾定居美国气质大变 身材发福 胖出双下巴,,,,,,,,,而她身上也穿着宽松的衬衫，看不出腰身
P0280,568,医生点名:这种“富贵包”很危险 怎样能缓解?,,,,,,,,,4个方法尽可能缓解富贵包 体态问题、长期伏案劳作、低头刷手机、肥胖、疾病有可能导致富贵包，不太严重的可以通过纠正不良姿势，适当颈肩部锻炼，来舒缓颈部软组织劳损
P0045,569,68岁林青霞疑不穿内衣惹争议 身材发福似大妈,,,,,,,,,他们除了抓着林青霞不穿内衣一事儿不放外，还“吐槽”林青霞身材发福似大妈
P0871,570,【美女】对不起！男人眼中的微胖，长这样,,,,,,,,,这样 的微胖身材，才能肥而不腻
P0057,571,3900万新病例？儿童肥胖正在改写一代中国人的健康轨迹,,,,,,,,,北方饮食结构中高油高盐更普遍，而快速城镇化的农村地区正经历着饮食西化、运动不足和传统“以胖为福”观念的多重冲击
P0601,572,“梨形身材是基因彩票”上热搜，网友：谢谢，有被安慰到,,,,,,,,,据《生命时报》微博，《欧洲心脏杂志》发表的一项研究称，最健康的身材是“标准梨子”，即上半身脂肪最少，腿部脂肪最多
P0885,573,职场有毒！24岁华人妹子上班1年增重40斤！辞职后的变化震惊全球网友…,,,,,,,,,久而久之，人体会启动自我保护机制，强迫身体进行“情绪性进食”，导致身材走样，外表油腻
P0870,574,【美女】163cmD杯女私教，身材超100分，根本顶不住啊,,,,,,,,,还有就是她臀围直逼1米，这也让她的身材曲线，看起来更加凹凸有致
P0920,575,"胖子终于有救了! 澳洲药房推神奇黑科技! 做个简单小测试, 肉就没了...",,,,,,,,,看着澳洲的胖子越来越多，澳洲政府也着急
P0024,576,"41岁发福松弛的蒋欣,打脸了多少“假冻龄”女神",,,,,,,,,再来看蒋欣的脸也明显圆润了不少，短发的发型显得她的脸圆圆的，下巴也是圆润的线条，而且近看，她脸上虽然化着妆也能清晰看到 眼周的细纹和法令纹，可以说很真实了
P0723,577,澳洲研究：女性腰部有点赘肉，可降低骨折危险！身体上的这6个“缺陷”反而让你更健康,,,,,,,,,另外腰围较丰满的女性体内雌激素较多，而雌激素对骨骼具有保护作用
P0657,578,潘帅变潘叔？44岁潘玮柏中年发福不敢认，胖至200斤老10岁，网友：快减肥,,,,,,,,,潘玮柏发福的体型也引得评论区一串妙语连珠，网友为他起了N个绰号，包括“潘玮 厚”，“潘玮（无脖）”
P0462,579,常吃这4类食物的人，肚子最容易长肉！,,,,,,,,,明明哪都不胖，却感觉全身的肉都长肚子上了……减小肚子有多难
P0885,580,职场有毒！24岁华人妹子上班1年增重40斤！辞职后的变化震惊全球网友…,,,,,,,,,” 中国的网友们就更不用说了，几乎人人都是这样—— 世界职场人一同吐槽， 沾上“班味”没有回头路 小欧的贴文爆火后，似乎引发了全世界打工族们的共鸣，人们纷纷表示，只要坐稳了办公室，谁都会染上“过劳肥”
P0108,581,不是错觉：过了这个年纪，长胖真的更容易,,,,,,,,,很多人都会说，自己年轻的时候，怎么吃都不会胖，年龄大了，稍微多吃一点就会变胖
P0108,582,不是错觉：过了这个年纪，长胖真的更容易,,,,,,,,,年龄，真的是划分苗条与臃肿的隐形标尺吗
P0271,583,别再嘲沈腾老婆胖了，这5位男星都娶了“胖老婆”，却个个很宠妻,,,,,,,,,今日，沈腾的老婆王琦因为身材上了一把热搜，不少网友惊讶于王琦的身材怎么变得这么胖
P0427,584,孩子身体出现这个变化，可能大脑正在偷偷变笨！要警惕,,,,,,,,,这个变化就是—— 越来越胖 可能你会疑惑：都说重金属比如汞、铅会伤脑，孩子胖点不是什么大事儿吧
P0163,585,亚洲首富之子为结婚，18个月减肥216斤，婚礼还没办，又胖回去了,,,,,,,,,然而，近日阿南特和未婚妻拉迪卡·麦昌特在婚前派对上的照片曝光后，网友们感到十分震惊，因为他的体 重似乎反弹了很多，又胖回去了
P0857,586,网红良子体重350多斤 胃袋占150多斤：不能这样吃了,,,,,,,,,“体重350多斤，胃袋就有150多斤”，他把肚子叫作“胃袋”，当坐下的时候，突出的肚子快要和膝盖齐平
P0916,587,肿瘤患者到底“胖点好”还是“瘦点好”？营养师表示,,,,,,,,,I 观点一：肿瘤患者“胖点”好 由肿瘤引起的消耗增加、摄入不足等一系列问题，往往导致绝大多数肿瘤患者发生体重减轻的现象
P0568,588,"最严重的青少年肥胖爆发:中国胖娃3000万,速度罕见",,,,,,,,,在一个周三的下午，刘云曼所在的儿童肥胖门诊中，来了近10个就诊家庭，那些比同龄人体格大了一圈的孩子大部分呆呆地低头坐在 医生对面，由前来陪诊的父母或者其他看护人介绍情况
P1063,589,重马胖女孩”意外出圈 曾是8块腹肌“追风少女”,,,,,,,,,3月4日，上游新闻记者联系上“重马胖女孩”，她名叫李利，四川人
P0048,590,200斤女孩为美狂瘦至90斤 ！要么瘦，要么死,,,,,,,,,现在如果你想做到身体自爱，你可以胖但不能太胖，尺码最好在16以下，不然就要是白人面孔或长得非常漂亮”
P0126,591,中国人真的，越来越胖了,,,,,,,,,一项对2万例30—79岁中国成年人进行的前瞻性研究，随访8年后报告发现，每天睡眠少于6小时的人，比那些睡眠约7小时的参与者，体重大幅增加（≥5kg）和中心性肥胖的概率高13%，如果还不爱活动，会胖得更多[26]
P0949,592,被傳復胖 賈玲生日照曝光,,,,,,,,,不少现场目击的网友表示，「贾玲本人超瘦，谁说她复胖了
P0347,593,唐代以胖为美？从唐代服饰探究其真假,,,,,,,,,在历史学家的研究下，杨玉环本人以我们现在的标准体重来说顶多算是微胖，并没有显示出任何胖到离谱的状态
P0410,594,"女神?:刘亦菲发福,杨幂脸垮,林志玲僵硬,娄艺潇科技",,,,,,,,,近日，刘亦菲出席某时尚活动，虽然当天她的妆容在线，但脸部状态显得有些崎岖，双下巴更是十分明显，整个人都透着一股壮硕感
P1018,595,这一代中国孩子 正在经历肌肉力量危机,,,,,,,,,有研究显示，抗阻与有氧运动都可以明显减少肥胖青少年的腹部、肝脏内脂肪，降低腰围和体脂率，如果两种运动都做，“减肥”效果可以叠加
P1074,596,關曉彤胖成27歲少婦 網友辣評,,,,,,,,,你没看错，她那张脸，一下子就变得圆润，眼袋黑眼圈都出来了，简直和当年的瘦弱小姑娘判若两人
P0285,597,千亿儿媳！54岁李嘉欣高调宣布复出！传开工价5000万,,,,,,,,,一众网友发现李嘉欣的外形比之前可是圆润了不少，此前脸部干瘦的她如今苹果肌变得异常饱满，从侧面看苹果肌嘭感十足很显年轻
P1070,598,长期不运动，身体会发生哪些变化？人生变好，从坚持运动开始！,,,,,,,,,而肌肉含量正是左右人体的基础代谢率的关键因素，肌肉一旦流失，基础代谢率也会随之降低，你很可能就会变成“吃点什么就发胖”的易胖体质
P1051,599,"郭碧婷与向太同框:肩宽体壮严重发福,两人越来越像",,,,,,,,,加上和老公向佐感情也越来越好，被宠爱着的郭碧婷也越来越松弛自在，就算有点“幸福肥”也是很让人羡慕的呢
P0920,600,"胖子终于有救了! 澳洲药房推神奇黑科技! 做个简单小测试, 肉就没了...",,,,,,,,,科学家相信，在经过进一步的改良推广之后，这一种“超级李子”不仅可以造福澳洲无数名胖子，甚至还可以“拯救”全球超过6亿的胖子们的体重
P0191,601,你过得好不好，从吃饭就能看出来,,,,,,,,,和越累越胖的“过劳肥”不同
P1068,602,"长在这两个部位的脂肪,其实是一种优势",,,,,,,,,我国上海交通大学针对9520名受试者展开的研究发现，在肥胖人群中，大腿围较粗者患高血压的风险更低，其“好胆固醇”、甘油三酯和胰岛素水平更趋于正常，这些指标都与心血管健康息息相关
P0773,603,甲辰回國續記,,,,,,,,,"这次旅行,要说感受,只有以下三点:(一)在伦敦,我行走在西敏寺国会的广场上,一路沉思,寻思大英帝国为何能有「天不生大英,万古如长夜」的赞誉,为何英国王室能巍立数百年而不垮,无意间进入一群政治家的雕像中,抬头仰视,面前正是那位雪茄不离口的大胖子丘吉尔,周围还有一群我不认识的大英先贤,放眼扫视,他身后竟然还竖立著圣雄甘地和曼达拉的塑像"
P0564,604,暴瘦50斤的马思纯，比贾玲还吓人？,,,,,,,,,她演的葛薇龙被批“壮”，不像“炉香”像“炼钢”，成了演艺生涯新标签
P0007,605,5 个专门胖肚子的坏习惯，你可能天天在做,,,,,,,,,一般来讲，来自食物的新脂肪经过肝脏处理后，以 VLDL（极低密度脂蛋白） 的形式，运送、存储到皮下，当日常活动需要能量时 这部分脂肪会被身体使用消耗掉 肚子整体维持「存储-消耗」的平衡状态， 但有些时候，平衡也会被一些意外情况打破…… 意外一 精制主食吃太多精白米面做成的主食、点心带来大量碳水化合物 让血糖迅速上升 胰岛素努力向细胞推销使用糖但细胞实在用不掉了 多余的糖只好被肝脏转化为脂肪，塞到各处的脂肪组织存起来 日积月累之下，肚子就这样悄悄大了一点 意外二 生活处处加点糖 奶茶、饮料和甜味零食 为了口味好，会添加很多糖 其中往往含有大量的果糖 果糖对胰岛素不太敏感 大多数细胞也不收 一般需要肝脏来处理成葡萄糖和脂质 再进行利用 肝脏利用果糖生产出的脂质 更容易堆积在腹部，形成内脏脂肪 果糖的影响日积月累之下 肚子又悄悄大了一点 意外三 焦虑内耗压力大 精神压力之下，身体分泌更多皮质醇 它会让新生的脂肪改变分布 过多的皮质醇 不断促进脂肪搬到内脏附近 肚子又悄悄大了一点 意外四 啤酒白酒使劲喝 酒精对于人体来说 是没有用，甚至有毒的「废物」 需要肝脏额外加班，尽快处理掉 酒精会让肝脏对脂肪的代谢发生错误 使更多脂肪堆积在肝脏中 不但容易形成脂肪肝 还会让内脏脂肪加速积累 对于身体来说 每一滴酒，都不是无辜的 意外五 反式脂肪被忽视 反式脂肪，天然食品中含量不高 起酥点心、爆米花、油炸食品 是它的重灾区 和正常脂肪不同 反式脂肪不太受身体喜欢 一旦进入身体 往往会通过对代谢的影响 导致内脏脂肪增加…… 对各种超加工食品长年累月不节制中 肚子又悄悄大了一点 内脏脂肪不仅会胖肚子 它的危害，很可能超乎你的想象 身体能存储的内脏脂肪有限 如果到了一定限度 脂质仍然远远不断往这里送 就会「溢出来」 它们会沉积在内脏上 甚至内脏里面，成为「异位脂肪」 这时的身体 就如同多年不洗的抽油烟机 各个器官被粘稠的油脂包裹住 超标的脂肪，不仅会拖累内脏功能 造成脂肪肝、脂肪肾等 还会影响全身代谢 祸害心脏、大脑，提升患癌风险 腰围，是健康的重要指标 超标真的很危险 符合上图情况的亲友们 要注意了
P1075,606,防止肥胖，要像猪一样吃饭,,,,,,,,,只要配比得好，营养足够，猪猪依然不会过度肥胖
P0005,607,4成過年變胖均增1.7公斤 營養師：冬天瘦身黃金時期,,,,,,,,,营养师提醒，冬天活动力降、食欲上升、体态察觉低，导致易胖，但其实善用昼短夜长与寒冷天气，反而可让减重效果加倍
P0427,608,孩子身体出现这个变化，可能大脑正在偷偷变笨！要警惕,,,,,,,,,而且肥胖的孩子，因为身体笨重不够灵活，也更不爱运动...... 饮食和运动习惯一旦养成，等孩子长大了再减肥也很困难
P1009,609,身材决定寿命？研究发现：大腿粗、屁股大的人，可能更长寿,,,,,,,,,也就是说，大腿、臀部丰满的人，过早死亡的风险较小
P0600,610,梨形身材才是最完美身材！中了基因彩票 寿命更长,,,,,,,,,据报道，“细腰肥臀”的梨型身材患代谢相关慢性病的风险较低，寿命更长
P0373,611,在澳洲，胖是可以被原谅的！,,,,,,,,,"可是，刚跑了一会步，眼前就飘起了前两天吃过的那顿炸鸡…刚举了一会铁，仿佛又闻到了火锅麻辣烫的香味儿… 撑着撑着…你再也撑不住了…回到家拿起手机又点了一顿炸鸡烤串麻辣烫嗯，反正今天健身了，多吃点没关系，不胖，都对不起这么""努力""减肥的自己 所以说，每个胖在澳洲的人，都不是故意要胖的"
P0723,612,澳洲研究：女性腰部有点赘肉，可降低骨折危险！身体上的这6个“缺陷”反而让你更健康,,,,,,,,,不论体重和腰围的数据是多少，大腿脂肪比例较高者更不容易患上高血压
P0220,613,全台每2人就有1人胖 肥胖比例每年增幅達4.1%,,,,,,,,,林文元提醒民众应采取正确的减重方式，首先是要控制饮食，但仅是少吃并不对，容易复胖且难持续，重点是要吃对的食物，均衡饮食、控制热量
P0927,614,腹部、大腿還是手臂?,,,,,,,,,"有研究发现,中年人如果手臂脂肪过多,未来罹患阿兹海默症或帕金森氏症等神经退化疾病的风险比别人高出一成以上"
P1075,615,防止肥胖，要像猪一样吃饭,,,,,,,,,喂什么都能吃，吃什么都长肥膘
P0441,616,对比41岁贾玲和沈腾老婆后，才发现压力胖和幸福肥的差距一目了然,,,,,,,,,这还是曾 经印象里那个微胖女人味的王琦吗
P1075,617,防止肥胖，要像猪一样吃饭,,,,,,,,,梅山猪（原产中国，太湖猪的一个类群）就是肥肉型猪，长得好像沙发上的肥宅（←论文原话如此）
P0830,618,离婚9年后，41岁白百何嫁导演老公被宠溺，50岁陈羽凡胖到认不出,,,,,,,,,如今的他过着平静的生活，虽然身形发福，但据网友描述 “过得挺健康，就是该减肥了”
P0533,619,搜狐全球医讯 | 到点儿不吃饭！更容易胖,,,,,,,,,近期《肥胖》杂志发布研究称，吃饭时间晚的人体重往往比较早吃的人重，对于“喝凉水都长肉”的遗传性肥胖者影响更明显
P1075,620,防止肥胖，要像猪一样吃饭,,,,,,,,,天生的遗传影响很显著 不是每只猪猪都拥有“容易长肥肉”的体质
P0356,621,国家喊你减肥，真的是为你好，能帮你省大钱！,,,,,,,,,可惜的是，许多人直到查出脂肪肝、糖尿病、高血压，才意识到，“胖一点”的代价远比想象中沉重
P0025,622,42天瘦25公斤！武汉31岁“肥仔医生”逆袭成4冠健美先生,,,,,,,,,"文质彬彬医生惊变肌肉人!武汉大学中南医院的吴天根医生,健身前体重将近100公斤,他成功实现从「肥仔」逆袭健美先生,一次揽获健美比赛四项冠军"
P0441,623,对比41岁贾玲和沈腾老婆后，才发现压力胖和幸福肥的差距一目了然,,,,,,,,,在沈腾求婚成功后，就有网友发现，王琦已经有些微微发福了，但是当时只是微 胖，还没有被热议，反而微胖更显得熟女气质满满
P0347,624,唐代以胖为美？从唐代服饰探究其真假,,,,,,,,,于是，人们在欣赏女生身姿的同时，看到女性逐渐“胖”起来，也会认为这是我们国家繁荣发展的一个标志，是很乐意看到有这种现象存在的
P0521,625,报告：全球45%的人口正在努力减肥！一年“胖死”280万人！澳洲所在地的风水不好？大洋洲都要胖炸了！,,,,,,,,,但有些肥胖朋友的调定点天生就比别人高，即便在人工调节下（运动与节食），调定点仍然会跑偏跑高，因此会导致身体再次“复胖”
P0883,626,《老情歌》吕方暴肥模样曝光 「胖到看不见脖子」身材大走钟,,,,,,,,,如今将重心转至家庭的他，鲜少在萤光幕前曝光，没想到近来出席拼盘演唱会时，被发现身形明 显肿了一大圈，与过往清秀帅气模样相比，根本天差地远
P1023,627,这是黄晓明？暴肥15公斤「脸圆肚凸又秃头」自嘲：喝水都胖,,,,,,,,,虽然在镜头前呈现丰腴的模样，但近日黄晓明出席《阳光俱乐部》记者会时，身材依旧标准
P0130,628,中国男人配不上中国女人？,,,,,,,,,据闻这次握手是布什的团队策划的，目的是凸显布什身材 2、雷政富这样的案例甚至成了“外表不重要”的佐证 重庆落马官员雷政富，大概是中国中年男人堕落身材的样板——秃顶、油光、肚腩、赘肉
P0321,629,吃播鼻祖减肥200斤轰动全网：攒了两年的假视频骗过所有网友，只为整个大活？？！,,,,,,,,,（6天前在小号上发的视频里，他还是个胖子）鳄梨亲自揭秘，原来他已经两年没有拍过视频了，过去这两年间发布在各个账号上的，都是他预先录制的库存，背地里他一直在偷偷减肥
P0785,630,癌細胞最愛吃「它」斷糖飲食抗老防癌,,,,,,,,,"然而,在许多人的观念中,多半认为吃肉是造成身材肥胖的凶手,这一点或许和控制卡路里的节食减肥法的谬误有关"
P0557,631,日本贵族胖哥减肥逆袭成最帅校草，人生刚开挂却意外被捕！,,,,,,,,,有的男生甚至调侃他说，“我希望你不要梦想成为一个胖子”
P0205,632,【健康知识】胖哪儿都不能胖这里！,,,,,,,,,健康饮食 想要告别小肚腩，我们需要控制卡路里摄入，每天的热量摄入要控制为身体总代谢值的80%，才能给身体产生一定的热量缺口，促进体脂率的分解
P0153,633,为何不瘦反胖？最容易犯的四个错误减肥习惯，你中招了吗？,,,,,,,,,眼看着夏天就要来了，肚子上的小肉肉再也无处遮挡了，准备好的小裙子、小吊带、短裤也无处可用，如此才能甩掉这烦人的小赘肉，实现夏季穿衣自由呢
P1094,634,青少年减重别盲目：“饿瘦”不可取，“养瘦”才科学！,,,,,,,,,少碰含糖饮料、油炸零食（这才是“长肉”的幕后黑手🕵️）
P1032,635,逆轉民眾代謝症候群 8成腰粗或肥胖民眾 參加計畫後超過5成有改善,,,,,,,,,经医师依民众的健康状况提供生活型态改善指导，再由诊所团队追踪并评估6个月后改善情形，超过5成个案改善腰围过粗或肥胖现象
P0472,636,彻底放飞自我?阿娇最新演出胖成“阿爆”演出划水,,,,,,,,,据悉，此次新加坡站，距离伦敦站结束还不到一周的时间，当时伦敦站就有网友拍到舞台上的阿娇，就被不少网友吐槽，怎么胖成了这 样
P0555,637,日本妹子因被家人嫌弃太胖，一怒之下减掉134斤​！美得太惊艳...网友：减肥如整容啊,,,,,,,,,而妈妈看到越来越胖的女儿，觉得不能再让她这么吃下去，所以给她做的都是一些清淡的健康料理
P0357,638,国家喊你减肥真相曝光：中国已成超重大国，胖下去后果太严重,,,,,,,,,国家喊你减肥，不是危言耸听，而是数据敲响的警钟：中国人的腰围和体重，正在集体“失守”
P0434,639,宣布放弃生子！消失2年拼命造人，两度人工受孕全部失败！胖到身体出问题才后悔,,,,,,,,,宋新妮为了调养身体，身材也一步步发胖
P0288,640,"华人: 来澳洲后, 失去了打扮的欲望! 体重不管理, 出门随便穿, 还有人剃光头...",,,,,,,,,在澳洲的大环境下也显不出胖，身材焦虑更是没有，于是渐渐放飞自我... 更可怕的是，在澳洲居然显不出我胖了，体重放飞自我了来这里了马上胖10斤 我体重达每天都在开创人生新高 哎 这次回国被长辈要求下次回来减20斤
P0341,641,周華健身材變化引熱議 曬「腹肌」幽默回應,,,,,,,,,有观众调侃其「大肚腩在演唱过程中多次触碰到麦克风」
P0340,642,周末飞韩国打200块变美针 白领迷上特种兵医美,,,,,,,,,在镜头里，她清晰地看到自己上镜的模样——脸太胖、肿眼泡、大小眼、宽鼻子，镜头放大了人脸的缺点
P0579,643,最高级养生，不是锻炼，不是睡觉，就一个字,,,,,,,,,渐渐地，由于长期暴饮暴食，程砚秋 身形逐渐发福，不仅变成了个大胖子，心 脏功能也相继出现了严重问题，最终也因 此英年早逝
P0057,644,3900万新病例？儿童肥胖正在改写一代中国人的健康轨迹,,,,,,,,,“目前我们医院肥胖门诊每年接诊数千例患儿，其中体重超过200斤的极端肥胖青少年越来越多，他们往往同时患有高血压、高尿酸、糖尿病前期、脂肪肝等多种代谢异常，甚至伴发焦虑、抑郁等心理问题
P0239,645,关晓彤最新状态惹争议:发福脸肿 年龄感尽显,,,,,,,,,笑起来的时候眼睛都快挤没了，整张脸像发面馒头
P0345,646,哪种体型的人更长寿？研究发现：这个部位“细”点好！,,,,,,,,,① 换句话说：在老年人群中适当微胖、腰围越细越长寿
P0051,647,"500磅肥胖女子起诉Lyft歧视,司机因担心爆胎而拒载",,,,,,,,,我觉得你们对大体型的人就像对待垃圾一样，好像我们不属于这个 世界
P1009,648,身材决定寿命？研究发现：大腿粗、屁股大的人，可能更长寿,,,,,,,,,此外，美国疾控中心的报告还指出，腹部型肥胖与胃癌、肝癌、胰腺癌、卵巢癌、结直肠癌的发生之间存在直接关系
P0924,649,脂肪肝泛滥背后，是中国人的代谢危机,,,,,,,,,中心型肥胖容易被宽大的外衣、相对纤细的四肢遮掩
P0042,650,"60岁水均益现身加拿大,身材发福,大腹便便遭嘲笑",,,,,,,,,而水均益自己的生活也是丰富多彩，不过，太胖似乎会影响身体健康，希望水均益老师能够多多注意，不要体重超标
P0986,651,賈玲被質疑「復胖」 現身活動被「搶拍」,,,,,,,,,前段时间，她出席巴黎奥运会活动，被网友发现，穿上连身裙后小腹明显凸起，面颊也圆润了不少，被质疑「复胖」
P0862,652,美国女子为活命狂减400磅，她穿上泳衣亮相后，网友惊呆了...,,,,,,,,,都说美国胖子多，但体重500磅以上的也实属罕见
P0305,653,“只吃汉堡也能瘦”“只喝奶茶也能瘦”？真相出人意料,,,,,,,,,”苟特很自信地说，“我知道我哪几天放松了，确实会长点肉
P0373,654,在澳洲，胖是可以被原谅的！,,,,,,,,,在经历了上面一个又一个的关卡之后，你就会发现：自己真的变胖了
P1043,655,那些一胖就胖肚子的人，后来都怎么样了？,,,,,,,,,腹部肥胖的典型表现就是肚子大，现在很多人也将它叫作“苹果型”肥胖
P0659,656,澳17岁少女体重仅27公斤！父母当庭辩称：她本来就是早产儿,,,,,,,,,但她的母亲向法院透露，她的女儿在16岁的时候其实是14岁，因为她是早产儿，一直很瘦小，“我们不想让她发胖”
P0140,657,中國肥胖率飆升 有望匹敵美國,,,,,,,,,悉尼营养师李莎陈（Lisa Chen）表示：“在中国文化中，人们喜欢孩子胖乎乎的
P0675,658,澳女子生12个娃：各种费用纳税人全包 + 每年$4.6万,,,,,,,,,Isa 敏锐的看到了其中的商机，以“过度肥胖”和“精神健康”为由申请到了一大笔福利金
P1069,659,长得胖算什么，“体态崩了”才可怕！明明打扮精致，看着却更土了,,,,,,,,,你就想一下，一个微胖但体态挺拔的人VS一个瘦但是弯腰驼背、骨盆前倾的人，那个更美
P1069,660,长得胖算什么，“体态崩了”才可怕！明明打扮精致，看着却更土了,,,,,,,,,一个原因是正确的体态可以改善身体的姿势和姿态，让身体更加挺拔，减少弯腰驼背等不良姿势的出现，这样可以让身体的肌肉更加紧实，减少脂肪堆积，从而改善身材微胖的问题
P1052,661,郭碧婷复工状态引热议 身材发福越来越像向太,,,,,,,,,事实证明，郭碧婷的上身效果确实不太理想，虽然颜值依旧扛打，但整个人发福不少，尽显珠圆玉润的富贵氛围
P0030,662,46岁孙燕姿演唱会被吐槽服装太丑，太胖了...,,,,,,,,,无袖的连衣裙，勒的她胳膊那块全是肉
P0628,663,沈腾儿子6岁生日宴在高级餐厅举行，小狮子蹦蹦跳跳，白白胖胖,,,,,,,,,王琦年轻时还没有嫁给沈腾，颜值高，身材纤瘦，没有一点肥肉
P0163,664,亚洲首富之子为结婚，18个月减肥216斤，婚礼还没办，又胖回去了,,,,,,,,,亚洲首富之子减肥冲上热搜亚洲首富之子为结婚减肥200多斤婚礼还没举办又胖回去了 据报道，穆克什·安巴尼有3个孩子，分别是1991年出生的龙凤胎子女阿卡什和伊莎，以及1995年出生的儿子阿南特
P0473,665,徐静蕾定居美国气质大变 身材发福 胖出双下巴,,,,,,,,,对此她还回复网友留言，自嘲“胖是特别的，不是一点
P0322,666,吃早餐和不吃早餐，哪个更容易胖？早餐一个改变，疾病风险低了,,,,,,,,,吃早餐容易胖，还是不吃早餐容易胖
P0088,667,一个让你容易变胖、代谢变差的习惯，很多人天天都在做,,,,,,,,,简单理解，维生素缺乏越严重的人，越胖，脂肪含量越高
P0885,668,职场有毒！24岁华人妹子上班1年增重40斤！辞职后的变化震惊全球网友…,,,,,,,,,”另一名厨师朋友表示，自己在上班后也是越来越胖…… “当厨师是一段痛苦的经历，我在餐馆工作时与之共事的每个人都因压力和过度劳累而超重
P0345,669,哪种体型的人更长寿？研究发现：这个部位“细”点好！,,,,,,,,,“微胖腰细”才是最佳长寿身材 一直流传着“千金难买老来瘦”，让很多人觉得老年人瘦一点，才是最健康的状 态
P0871,670,【美女】对不起！男人眼中的微胖，长这样,,,,,,,,,） 04：@Candy 因为身材过于丰满，所以衣服都要买大一号的，才能穿得下（这算是幸福的烦恼吗
P1093,671,霍思燕胖一圈遭疑怀二胎 「腹部隆起」画面网疯传,,,,,,,,,而有眼尖网友发现，霍思燕身材似乎有些富态、小腹微微凸起
P0373,672,在澳洲，胖是可以被原谅的！,,,,,,,,,🙂澳洲，一个让人忘记形象的地方，这份最新报告首先给了我们一连串吓人的数字：过去3年，澳洲有100万人变得肥胖
P1043,673,那些一胖就胖肚子的人，后来都怎么样了？,,,,,,,,,腹型肥胖，即体重正常，内脏脂肪过多，体脂率超标
P0276,674,劉亦菲驚爆發福 臉圓身材腫一圈 網：肉肉的才好看,,,,,,,,,刘亦菲惊爆发福
P0145,675,中年因“发福”变“大妈”？网友：不同阶段不同美，别身材焦虑,,,,,,,,,有人为此感到焦虑，害怕中年发福会让自己失去魅力，变成所谓的“大妈”形象
P0134,676,中国肥胖地图来了！超四成男性超重,,,,,,,,,一是长期的过高压力和不良情绪易导致内分泌激素分泌紊乱，主要是应激激素-肾上腺糖皮质激素（既公众通常所指的激素）分泌大量增多，起到对抗胰岛素作用，增加腹部脂肪堆积，引起以“将军肚”为特征的腹型肥胖
P1077,677,阿娇又复胖？ ！圆脸粗手粗腿 对比女主持超残酷,,,,,,,,,钟欣潼2021年曾出现过身材暴肥的情况，之后她靠运动与饮食控制慢慢瘦下来，后来参加「浪姐3」时更是 让体重下降到4字头，近日她现身一场活动时，可以明显看出手臂及大腿变粗，脸也较为圆润，与一旁又高 又瘦的主人相比，画面让网友看了直呼「怎么变得这么肥美」、「差点没认出」，不过也有些网友认为「胖了 这么多，脸还是好看的」、「没事，短短几十年，自己开心就好」
P0187,678,“你太胖了吧”！25岁女网红为了一口气，全身注射“减脂神器”，结果……,,,,,,,,,"……. 诸如此类 “你太胖了吧!”“主播,你能跳得动吗?”“这么胖,看来我也能当主播” 的负面声音让小美越来越自卑,摸着肚子上的“游泳圈”,她决心要快点瘦下来"
P1078,679,阿娇复胖30斤！网友批评太不敬业，她却不受影响带狗去吃冰激凌,,,,,,,,,现在是可能因为上了年纪，新陈代谢下来了，胖得比较明显
P0475,680,徐静蕾首回应秘密生女传闻 晒49岁近照认胖了很多,,,,,,,,,徐静蕾笑认胖不少
P1068,681,"长在这两个部位的脂肪,其实是一种优势",,,,,,,,,腰臀比，即腰围和臀围的比值，能反映中心型肥胖的程度
P0885,682,职场有毒！24岁华人妹子上班1年增重40斤！辞职后的变化震惊全球网友…,,,,,,,,,她还表示，职场内耗严重，薪水不涨，体重却一直在涨，体质也越来越差
P1068,683,"长在这两个部位的脂肪,其实是一种优势",,,,,,,,,但如果腰围超标，需要先把腰围减下来
P1095,684,面相变了!贾玲最新露面 体重竟反弹回归原状,,,,,,,,,不过，瘦下来的贾玲确实在形象上更加上镜了，作为 “瘦导演” 的她，凭借这部电影还顺利拿下了许多奖项，这是她在单纯做 “胖演 员” 时不曾拥有的荣耀，也算是转型路上的一点收获吧
P1074,685,關曉彤胖成27歲少婦 網友辣評,,,,,,,,,看她的脸，看她的身形，简直像是刚生完孩子的产后复出，甚至有人开玩笑说她加入了「少妇行列」——这到底是怎么回事
P0022,686,39岁郭碧婷正式复出！虎背熊腰胖了50斤，复出原因疑曝光,,,,,,,,,网友直言郭碧婷胖了得有50斤，发福太多了，还有人感慨郭碧婷：“生娃孩子真的很难减下来，郭碧婷也不例外”“我的南湘再也不回来了”
P1089,687,陸飲食結構研究：麵比飯易發胖,,,,,,,,,只是在做成食物后，由于含水量的不同，米饭的热量将更低，面食的热量更高，更容易让人发胖
P0351,688,四个月体重（-10KG）、腰围（-13cm) - 饮食经验总结,,,,,,,,,一支糖不过6克，但两年下来，明显看到脸蛋身材都有点浮肿
P0924,689,脂肪肝泛滥背后，是中国人的代谢危机,,,,,,,,,2020~2035年世卫组织区划成人超重和肥胖情况，其中2025、2030、2035年为预测数据丨整理自世界肥胖联盟《2024年世界肥胖报告》 走在中国的大街上，目光所及之处，你似乎看不到太多“大胖子”，但脂肪性肝病却依然泛滥
P0406,690,奇葩！就因男友喜欢胖子！澳洲美女模特增肥至357斤！网友们都替她急死了！,,,,,,,,,可是，澳洲一个美女却反其道而行之，据news报道：有位澳洲23岁女子因为自己的男友喜欢胖子 增肥了整整76公斤
P0631,691,“油腻仔”变“小鲜肉”，黄晓明的瘦身秘诀，普通人可以照搬吗？,,,,,,,,,别人中年发福，黄晓明中年开挂，不声不响就练出了希腊雕塑般的线条
P1047,692,郑爽近照曝光:身材发福 穿名牌染黄发变精神小妹,,,,,,,,,原来的尖下巴已经变成了椭圆形，五官也被肉挤得更小
P0412,693,她患“白雪公主综合征”，嫉妒亲女儿：她长大成美女，我变野兽了...,,,,,,,,,我穿的衣服变成了18码，我苗条性感的身材，变成了Mr.Blobby
P1089,694,陸飲食結構研究：麵比飯易發胖,,,,,,,,,其中，主要吃面食的男性与女性中，分别有48.71%的男性和49.91%的女性体脂过高，有41.20%的男性和63.74%的女性存在腹部肥胖问题，显示主吃面食与男性肥胖和腹部肥胖有明显相关，而与女性腹部肥胖有明显相关
P0983,695,"谷歌杀妻案最新: 清华学霸胖到认不出, 前女友关键“日记”提交",,,,,,,,,7月14日，曾轰动华人圈的谷歌华裔工程师杀妻案再次开庭，凶嫌陈立人(Liren Chen，音译)出庭照曝光，身材明显发福，胖到让人有些认不出
P0478,696,微胖入秋别这么穿！显胖又土气，真的太丑了！,,,,,,,,,并且在我看来，肉肉的姐妹其实穿衣服真的很好看，很多衣服都是需要身材支撑的，排骨一样的瘦弱身材反而是撑不起来
P0937,697,范冰冰受封拿督 获新大佬支持 进军海外市场,,,,,,,,,由于穿搭太修身，范冰冰的小肚腩很明显，拍照的时候手还特地放在身前遮挡
P1093,698,霍思燕胖一圈遭疑怀二胎 「腹部隆起」画面网疯传,,,,,,,,,当时霍思燕亲回：「纯胖」，更附上一个打击的表情符号
P0347,699,唐代以胖为美？从唐代服饰探究其真假,,,,,,,,,丰腴的女子穿着拖地襦裙会显得女子的身姿更加妩媚动人
P0941,700,“菲律宾警察总长放大招：超重就丢饭碗，减肥or失业你选哪个？”,,,,,,,,,”这话听着挺硬核，但想想也对，警察要是胖得跑不动，抓小偷都费劲，咋让人放心
P0133,701,“中国肥胖地图”火了:41%中国男人超重 这个省最苗条,,,,,,,,,越胖的人，越可能患并发症
P0169,702,什么时候才能停止对马思纯身材的审视？,,,,,,,,,所以即使王祖贤不注重身材管理，也不会因“拜拜肉”和“蜜大腿”而被质疑
P0430,703,完蛋！澳洲科学家刚刚找到肥胖的终极原因！摸摸脑袋一切都懂了,,,,,,,,,大家用的同一种减肥方法你减肥一个月是这样别人减肥一个月却是这样 你只能捏着肚子上的肥肉，看着别人眼红，都是因为用错方法拉
P0304,704,只会为角色减肥的女演员，真的放下体重焦虑了？！,,,,,,,,,"最近阚清子的身材又冲上了热搜,看多了娱乐圈女明星不超过两位数的体重,阚清子108斤+M码的身材直接被划入了“微胖界”,但阚清子却直言,这是梨形身材怎么了?从焦虑到接受) 不活在镜头的审判中，都说我的身材我做主,然而女明星的身材她们自己真的可以拥有话语权吗? 阚清子的身材变化在镜头前不断被放大，161cm的她体重108斤，对比上一次女明星为了上镜好看要努力瘦到80斤，这个数字真的差很大"
P0314,705,吃土也能减肥，澳洲科学家发现了减肥的 新方法，这种土有营养还越吃越瘦！,,,,,,,,,这可是真正意义上的吃土...只要来点土，吃饭的时候就可以随心所欲，妈妈再也不用担心我会发胖啦
P0729,706,澳洲营养师警告：坚果、蜂蜜都是减肥的敌人！这些健康食物都可能辜负你的信任…,,,,,,,,,在之前，澳洲封城期间不少人因为在家无聊就吃东西，也不运动，站上体重机才知道胖了不少... 于是开始会在家里煮一些少油、少盐的食物吃，或是叫一些看起来比较健康的外送，以为这样的减肥方式不错... 大错特错
P0328,707,吃面食和吃米饭哪个容易胖？主食这样搭配，控糖又不胖！,,,,,,,,,有研究对比米饭和面食爱好者的差异发现，爱吃面食的人，更容易长胖
P0246,708,冬天易變胖？營養師：掌握2大飲食原則 保暖又瘦身,,,,,,,,,天气变冷食欲大开，但是冬天胖一圈非绝对，开业营养师李宜桦近日在脸书粉丝专页分享，虽然吃可以帮助身体产热，不想要身材「走钟」就得聪明吃，2大关键就是「多选择蛋白质」、「以复合碳水化合物为主」
P1017,709,这8类人的血压在偷偷升高！稳定血压要做好6件事,,,,,,,,,3. 体重超重的人 体重增加是高血压的重要危险因素，尤其是腹型肥胖者更易患高血压
P0927,710,腹部、大腿還是手臂?,,,,,,,,,"所以双下巴未必只是爱吃的结果,它很可能是心血管在拉警报"
P0732,711,"澳洲超市陷阱曝光! 这些天天打折的食品, 华人千万别买!",,,,,,,,,迪肯大学最近的一项调查研究发现： 澳洲超市的营销策略，可能是造成澳洲人变胖的根本原因
P0239,712,关晓彤最新状态惹争议:发福脸肿 年龄感尽显,,,,,,,,,有网友表示她现在这个属于是幸福肥，想瘦就能瘦下来
P0920,713,"胖子终于有救了! 澳洲药房推神奇黑科技! 做个简单小测试, 肉就没了...",,,,,,,,,” 其实，基因很大程度上决定了一个人对食物的吸收能力，所以世界上就会有那种吃什么都不胖，和那种喝白开水都会长胖的人
P0303,714,发胖真有“分界线” 从这个年龄开始代谢急转直下,,,,,,,,,是不是25岁之前都可以放开了吃 01 发胖真的有“年龄分界线”吗
P0276,715,劉亦菲驚爆發福 臉圓身材腫一圈 網：肉肉的才好看,,,,,,,,,网友则表示，「不拍戏当然要享受人生，谁规定女星就一定要很瘦」、「专门找胖的角度拍」、「她就是肉肉的才好看」
P0108,716,不是错觉：过了这个年纪，长胖真的更容易,,,,,,,,,如何防止长胖
P0303,717,发胖真有“分界线” 从这个年龄开始代谢急转直下,,,,,,,,,为什么年纪越大，人就越容易长胖呢
P0484,718,怕被医生嫌弃胖，澳洲女性越发不敢看病了...,,,,,,,,,然而，这场本应平静的产检却让她泪流满面：太胖了，感受不到宝宝的动静...  体重过重...太糟糕了...危险...这些尖刻的词语从医护人员口中脱口而出，让Louise深受打击
P0345,719,哪种体型的人更长寿？研究发现：这个部位“细”点好！,,,,,,,,,” 建议大家内脏脂肪的指数当然是越低越好的（意味着腰围更细），皮下脂肪可以适 当地储存一些（意味着适当微胖）
P1084,720,陈飞宇曝私照后复出，自曝225斤瘦下来全靠跑步，因太胖被排挤,,,,,,,,,出道之前的他，的确是个很不起眼的小胖子
P0621,721,比伯空降来表演 全场疯狂!结果却是个假的,,,,,,,,,“比伯”也很给力，气场全开，跟观众激情合唱，演到上头时还脱下了上衣，只是这个身材……怎么有些发福了
P1010,722,身材决定寿命？研究发现：活过80岁的老人，身材大多有两个特征,,,,,,,,,3.大腿粗，心脏病风险低 大腿围的正常范围为46~60cm，在这个范围内越大越好，说明腿部肌肉越强壮
P0291,723,华人教授当着儿女面枪杀妻子！清华学霸杀妻案终于开庭，凶手却被养的白白胖胖...,,,,,,,,,与之前的庭审不同的是，陈立仁看起来明显发福，社交媒体上一些网友表示，他的脸部显得更加饱满，手臂也更粗壮了
P0888,724,肚子越大，脑子越小？肚子大可能“藏”着这些风险,,,,,,,,,4. 癌症 江苏省南京市中西医结合医院肛肠科主任医师王元钊曾在健康时报刊文中表示，腹 型肥胖是某些癌症的高危人群
P0134,725,中国肥胖地图来了！超四成男性超重,,,,,,,,,“现代人因饮食不节和久坐少动，以腹型肥胖为主要特点的代谢综合征人群剧增
P0631,726,“油腻仔”变“小鲜肉”，黄晓明的瘦身秘诀，普通人可以照搬吗？,,,,,,,,,上海某金融公司的张先生是“肠倍轻AKK001”的首批使用者之一，他在京东店铺评论区留言表示：“自己因为工作原因时常需要喝酒应酬，不知觉间就变成了大腹便便的中年油腻男，在朋友介绍下每日坚持服用“肠倍轻AKK001”，不到四个月裤子已经从3XL换成了XL
P1107,727,香港知名女星容貌大变，出席活动突然中途退场，患甲亢身体出问题,,,,,,,,,据悉，江欣 燕最近几年饱受甲亢的折磨，在药物的作用下，导致身材发胖明显
P0027,728,43岁贾玲近照曝光！和汪顺一起打球，身材苗条年轻有活力，没复胖,,,,,,,,,但是看看贾玲晒出的这几张近照，她不但没有复胖，反而比之前更加苗条了，且活力满满，像个二八少女
P0430,729,完蛋！澳洲科学家刚刚找到肥胖的终极原因！摸摸脑袋一切都懂了,,,,,,,,,出生“脑袋大”一生是胖子
P0406,730,奇葩！就因男友喜欢胖子！澳洲美女模特增肥至357斤！网友们都替她急死了！,,,,,,,,,其中，喂食的一方叫做：feeder而进食的一方叫做：feedee 他们以胖为美，平时的交流就是吃吃吃喝喝喝，Perthlife珀斯生活资讯每天第一时间跟大家分享西澳最新的大事小事，记得关注珀斯生活资讯，接下来那些吃喝玩乐奇闻趣事跑不了的
P0072,731,"“S码的我，穿不进中国的XL！”百万美国网友齐吐槽, 中国衣服小的太变态了...",,,,,,,,,这离谱的试穿，让小哥内心一阵惊慌，然后开始质疑自己是不是真的很胖
P0100,732,七成高血压归因于“胖”！这种肥胖类型最危险……,,,,,,,,,肥胖的人，皮下脂肪会增厚，使毛细血管扩充，血液循环量相对增加
P0565,733,曝光温哥华超市打折内幕！这些天天打折的食品，有陷阱千万别买！,,,,,,,,,肥宅们表示，这年头，胖都胖不起了... 而最先提出这个魔鬼建议的，是一位来自温尼伯大学的教授，他实名支持在加拿大实施此政策，并丢出了一堆研究报告，于是整个加拿大学界，甚至政府都开始出动了...就连一位自由党的议员，也倡议把这一绝妙主意，作为今年十月大选的主要口号... 不过结果大家都清楚，也就这么一说而已... 而世界卫生组织也认为，增收20%的糖税，四舍五入就能减少20%的消费
P1097,734,韩庚演唱会被嘲吃相难看 身材像黄渤 跳不动了,,,,,,,,,只能说他现在壮硕发福的身材再加上这套黑西装，越来越像黄渤了，有种公司团建聚会，小组长喝多了，KTV给老板露一手的感觉
P1043,735,那些一胖就胖肚子的人，后来都怎么样了？,,,,,,,,,腹部肥胖会增加很多慢性病的风险，比如心血管疾病、糖尿病、高血压、脂肪肝和癌症等
P0932,736,"英国最胖的人:体重890斤创世界纪录,成功减重‘三个贾玲’!被美国女子求爱追到英国…",,,,,,,,,在不断的大吃大喝下，再加上缺乏运动，整天窝在家里吃东西，保罗不到一个月就开始发胖了
P0313,737,史上最变态残忍的饥饿实验：36名健康男子被活活饿24周，再恢复正常饮食，结果令人瞠目…,,,,,,,,,这意味着节食后暴食，身体补偿的往往是脂肪，而不是肌肉，这正是“越减越肥”的真正原因
P0361,738,國中生體重150公斤後頸黑色棘皮 差點引發糖尿病,,,,,,,,,光田综合医院14日发布新闻稿指出，14岁的小乐身高178公分，体重150公斤，体型壮硕食量大，个性乐观，他自封「有活力的胖子」，直到后颈出现洗不掉的黑色斑纹，遭友人讥笑没洗澡，小乐才和妈妈就医求诊
P0356,739,国家喊你减肥，真的是为你好，能帮你省大钱！,,,,,,,,,可一旦把账算细了就会发现，这笔“富贵”，确实不便宜
P0752,740,爆火的减肥针：花6千瘦33斤，身体垮了,,,,,,,,,小齐身高158cm，属于喝水都容易长胖的体质，从小学开始，她在同龄人中便是体型较胖的存在，成年后，她的体重一直维持在157斤左右
P0605,741,欧阳娜娜「腰间肉溢出」画面疯传！网一看全愣了：太尴尬,,,,,,,,,近日她在大陆演出时，却被发现疑似身材变胖，表演服挤出「腰间肉」，吓坏许多 网友
P1009,742,身材决定寿命？研究发现：大腿粗、屁股大的人，可能更长寿,,,,,,,,,有研究发现，腰细者的臀围大小与死亡风险呈负相关，即臀部越大，死亡风险越低
P0862,743,美国女子为活命狂减400磅，她穿上泳衣亮相后，网友惊呆了...,,,,,,,,,俩人在一起时，大家都管她们叫“1000磅姐妹”
P1069,744,长得胖算什么，“体态崩了”才可怕！明明打扮精致，看着却更土了,,,,,,,,,但是我要告诉你的是，长得胖不算什么，因为唐朝也有丰腴美，但是体态差那就是真的拉胯了
P0191,745,你过得好不好，从吃饭就能看出来,,,,,,,,,但是在吃上，我是有主动权的，我可以选择吃高热量食物，我可以选择发胖
P1010,746,身材决定寿命？研究发现：活过80岁的老人，身材大多有两个特征,,,,,,,,,四川省泸州市中医医院放射科医师刘彬表示，年龄增加后身体的各项机能都会下降，体型微胖的老年人具有更强的免疫能力
P1070,747,长期不运动，身体会发生哪些变化？人生变好，从坚持运动开始！,,,,,,,,,长期不运动， 带来的后果可不只有变胖这么简单
P1076,748,"阿娇2个月内体重如过山车,最新巡演体重失控又复胖",,,,,,,,,阿 娇对着观众席温柔一笑，经过身后的屏幕一放大，真的是胖到不敢认，笑起来苹果肌法令纹明显不说，下颌线也消失了，取而代之的是 双下巴
P1047,749,郑爽近照曝光:身材发福 穿名牌染黄发变精神小妹,,,,,,,,,不少网友看到郑爽的近照，也纷纷表示长肉变胖了
P0108,750,不是错觉：过了这个年纪，长胖真的更容易,,,,,,,,,发胖真的有“年龄分界线”吗
P0190,751,你要瘦下来，最起码在思想上,,,,,,,,,这个春节，很多中国人一边大吃大喝，一边在讨论贾玲减肥100斤的话题，他们大概率只会变得更胖
P1009,752,身材决定寿命？研究发现：大腿粗、屁股大的人，可能更长寿,,,,,,,,,《国际肥胖杂志》上发表的一项研究指出，脖子粗、双下巴说明中心性、全身性肥胖，这类人群罹患心脏代谢风险以及机体炎症的风险较高
P0868,753,【美女】130斤的健身女孩，自律的人不会满足于现状,,,,,,,,,"之前发了一位130斤的小姐姐让不少粉丝意犹未尽!果然微胖和胖不能只用体重来衡量 ... 而 今天又杀出来一位 .... 大概就是男人们眼中真正的微胖身材,简直和漫画里的一毛一样! 这位小姐姐昵称Queen Yum，已经是小有名气的网红，绝大多数粉丝都是被她的极 品葫芦形身材吸引"
P0430,754,完蛋！澳洲科学家刚刚找到肥胖的终极原因！摸摸脑袋一切都懂了,,,,,,,,,这一拳拳的是要把胖子的出路彻底堵死，让他们一辈子逃脱不了肥胖的苦海吗
P1064,755,金正恩、普京和习近平,,,,,,,,,被老百姓俗称为金三胖的朝鲜领导人金正恩，今天来到了俄罗斯城市海参崴，将要和俄罗斯领导人普京总统讨论互相帮助，对付美国
P0004,756,3类人的肝脏属于“易胖体质”，肝癌风险也在升高,,,,,,,,,01 你的肝脏正在“长胖” 正常人的肝组织中含有少量脂肪，重量约为肝重量的3%~5%
P0437,757,家长暴怒: 绝不沉默! 华人7岁娃在名校遭高年级同学群殴! 脸朝下倒地…,,,,,,,,,“他上个月刚刚七岁，就是胖一点而已，至于下毒手吗
P1039,758,道家養生祛病延年(六),,,,,,,,,"然而对练气功和太极的人来说,因为没有用力而体力消耗少,如没有做到道家主张之僻谷服气和意守命门的话,很可能在二三十年后会变成大肚腩胖子的"
P1089,759,陸飲食結構研究：麵比飯易發胖,,,,,,,,,南方周末报导，来自西安交通大学的研究团队日前在「营养」杂志发表了上述研究成果：相较吃米饭，吃面的确更易使人发胖
P0050,760,350斤杀人犯，死刑前突然申请免死：我太胖了，这么死太痛苦？！果断被驳回...,,,,,,,,,律师说，由于坦齐太胖，这些药物会让他出现“严重病症和不必要的痛苦”
P1054,761,醫：全台青少年每3人就有1個胖 成年後死亡風險較高,,,,,,,,,13岁的林小弟(化名)因胸部将近A罩杯，怕被同学嘲笑，常找各式理由不上游泳课，家长怀疑是性早熟而求诊，才发现林小弟肝功能异常、轻度脂肪肝、肝纤维化，所幸经过治疗后，体重下降、肝功能也恢复正常
P0404,762,“失眠”最怕这3 种菜,,,,,,,,,现在生活条件越来越好了， 在享受生活的同时，不要忘了饮 食要有节制，生活中，很多血脂 检查升高的人群，往往都是饮食 不够节制，体型肥胖，这样不但 影响形象，主要会给身体健康带 来危害
P0602,763,梨形身材是基因彩票引发热议 身材关乎多种健康问题,,,,,,,,,《欧洲心脏杂志》发表的一项研究称，最健康的身材是“标准梨子”，即上半身脂肪最少，腿部脂肪最多
P0411,764,她因巨大鼻子走红 大量恶评让她整容 她却自信,,,,,,,,,而她从小就体型偏瘦，总是被人提醒：“多吃点，把身材养得更胖些
P0158,765,乌龙胖?贾玲上镜胖十斤 网友晒出对比照,,,,,,,,,有网友误以为她“又胖回来了”，惊呼“反弹好快”
P0321,766,吃播鼻祖减肥200斤轰动全网：攒了两年的假视频骗过所有网友，只为整个大活？？！,,,,,,,,,（早期鳄梨和男友的吃播模式）可后来为了博眼球，Rodrigo也跟着吃荤暴食，最后也胖得不像样，要戴呼吸机了
P0126,767,中国人真的，越来越胖了,,,,,,,,,可突然有一天，你的新陈代谢表示“有点干不动了”，自此你的肚子就再也没下去过了
P0462,768,常吃这4类食物的人，肚子最容易长肉！,,,,,,,,,啤酒肚 啤酒肚像一口大锅扣在身前
P0365,769,國會委員會籲全澳學校供餐 改善學生健康,,,,,,,,,可能导致非酒精性脂肪肝疾病：与腹部肥胖和胰岛素抗性有关
P0462,770,常吃这4类食物的人，肚子最容易长肉！,,,,,,,,,胖肚子4大饮食“元凶” 悉尼大学的研究团队曾发表一项研究称，他们利用了蛋白质组学技术发现，腹部脂肪（内脏脂肪）会在体内积聚成一个“大肚腩”，随着时间的推移，这些脂肪可以自行改变储存模式，并适应空腹状态，从而对减肥产生更强的抵抗力
P0010,771,12种“伪蔬菜”，吃太多真的会胖！,,,,,,,,,吃菜减肥，小心越减越肥
P1051,772,"郭碧婷与向太同框:肩宽体壮严重发福,两人越来越像",,,,,,,,,郭碧婷的身材看起来比之前圆润了一些，但整个人的状态还是很好的，特别是颜值，依然相当在线，五官精致，气色红润，皮肤白皙细 腻，笑起来的时候散发着十足魅力，真的好美好好看呀，女神范依然
P0310,773,台南男體重腰圍都破百 患重度脂肪肝減重助改善,,,,,,,,,吴尚贤表示，诊察发现患者身高约177公分，体重112公斤、腰围超过100公分，血压稍微偏高，诊断为代谢症候群，超音波检查患有重度脂肪肝，若不积极治疗，后续可能会并发糖尿病及心血管疾病
P0375,774,坚持这样吃，3个月后血压血脂“双降”！其他指标也好了,,,,,,,,,结果表明，RCMDR饮食模式能有效减少我国血脂异常人群的心血管代谢疾病风险，还能帮助降低血脂、血压、腹部肥胖，对预防心血管代谢疾病特别重要
P0993,775,赌王女儿何超盈暴瘦？结婚时发福似两百斤，减肥速度堪比贾玲,,,,,,,,,何超盈结婚生子后的身材变化让人惊讶，从一个胖胖的女孩子，瞬间变成了一位苗条迷人的辣妈
P0276,776,劉亦菲驚爆發福 臉圓身材腫一圈 網：肉肉的才好看,,,,,,,,,其实，刘亦菲从来不推崇「畸形瘦」，她虽然不只一次被质疑发福，但她仍旧勇敢做自己
P0042,777,"60岁水均益现身加拿大,身材发福,大腹便便遭嘲笑",,,,,,,,,还有网友调侃称，“水老师变油老师了”
P1043,778,那些一胖就胖肚子的人，后来都怎么样了？,,,,,,,,,腹部肥胖的危害有多大
P0115,779,世界最胖男人一辈子被肥胖困扰，多次减肥失败，曾经抑郁自杀，如今只想好好活下去…,,,,,,,,,他的腹部和下半身尤为肥胖，他的腿部除了多余的脂肪，还有止不住的淋巴水肿，由于久坐少动，他的血液循环很差，身体频繁发生感染
P0426,780,孩子胖胖的，是好事吗？,,,,,,,,,多数家长在喂养孩子的时候总是带着“胖点好”“能吃是福”的观念让孩子多吃，能量摄入过多
P0686,781,澳洲人的地域黑太精确！四位数字把你看得透透的！破解方法只有一个！,,,,,,,,,唯一的“好消息”是，西澳（6XXX）虽然体重超标的不少，但达到“肥胖”级别的反而是澳洲比例最低的之一
P0347,782,唐代以胖为美？从唐代服饰探究其真假,,,,,,,,,在这样流行的装扮下，“珠圆玉润”的丰腴美人更能赢得人心
P0624,783,汪小菲夫妇参加婚宴，马筱梅小腹凸起疑怀孕,,,,,,,,,"8月29日,有网友曝光一组马筱梅汪小菲夫妇此前参加好友婚礼的现场图片,马筱梅小腹凸 起明显,她一向健身,对自己身材要求严格,这样看上去人有些浮肿,上围也跟着胖起来, 状态很像怀孕"
P0019,784,33岁张含韵被骂“爆肥”！1.62米55公斤，本人晒秤自嘲“真的胖”,,,,,,,,,拍完电影后，她又胖成了何洁…… 其实，从上个月开始，外界就已经开始关注张含韵“身材走形”的问题
P0732,785,"澳洲超市陷阱曝光! 这些天天打折的食品, 华人千万别买!",,,,,,,,,所以如果你发现来澳洲之后，人变胖了，不要觉得奇怪
P0276,786,劉亦菲驚爆發福 臉圓身材腫一圈 網：肉肉的才好看,,,,,,,,,大陆狗仔「摄影刘大锤」释出刘亦菲近照，透露她可能有好享受假期，大吃美食脸变宽、身形也圆润不少
P0179,787,体重120斤以上的女人，别再穿阔腿裤了！换成这3种打扮更时尚显瘦,,,,,,,,,微喇裤的设计会稍微勾勒出腿部线条，因此它既能优化身材比例，也能使腿部粗壮不堪的女性显示出腿部线条带来的优势，使整体造型更具观赏性
P0698,788,澳洲如此“划分阶层”：你的身材竟然决定了你的阶级！,,,,,,,,,真的是超过一半的澳洲人体重都超标... 这也是为什么当那位印度移民问出澳洲人为什么都身材这么好时，无数网友建议他离开富人区看一看
P0752,789,爆火的减肥针：花6千瘦33斤，身体垮了,,,,,,,,,身为“胖子”，所感受到的恶意在使用替尔泊肽减肥之前，28岁的小齐用过很多减肥手段
P0280,790,医生点名:这种“富贵包”很危险 怎样能缓解?,,,,,,,,,什么样的富贵包更危险 很多人认为，只有胖人才会长“富贵包”，其实，并不是胖导致的
P0088,791,一个让你容易变胖、代谢变差的习惯，很多人天天都在做,,,,,,,,,它会让我们身体里各种打工小人变得消极怠工，脂肪生成更容易，但消耗却变得更难，让变胖这件事越演愈烈
P0410,792,"女神?:刘亦菲发福,杨幂脸垮,林志玲僵硬,娄艺潇科技",,,,,,,,,不过49岁的志玲姐姐，也难逃肿脸魔咒，她的颜值近两年也下滑明显
P0890,793,肥肉长在哪里最危险？50岁后脂肪长在这个部位或更易老年痴呆！,,,,,,,,,肥肉长在哪里最危险
P0441,794,对比41岁贾玲和沈腾老婆后，才发现压力胖和幸福肥的差距一目了然,,,,,,,,,银 盘小脸，长相甜美，如今这状态跟以前简直“胖如两人”，幸福肥爆表了
P0883,795,《老情歌》吕方暴肥模样曝光 「胖到看不见脖子」身材大走钟,,,,,,,,,吕方婚后似乎不忌口，眼见幸福肥的他，身形逐渐朝横向发展
P0422,796,孕婦產檢因「體重超標」心碎 污名化影響女性參與醫療,,,,,,,,,产科医生卡尔韦领导了一项新计划，旨在消除医学界对体型较大女性的「让人不安的」偏见，曾有患者因被告知「太胖」而无法进行常规产科手术，这让她意识到医疗系统中存在严重问题
P0557,797,日本贵族胖哥减肥逆袭成最帅校草，人生刚开挂却意外被捕！,,,,,,,,,曾经网络上流传过一段话，“永远不要嘲笑一个胖子，因为每个胖子都是潜力股，当一个胖子瘦下来的时候，你才会发现他有多美（多帅）
P0028,798,44岁女星回应“胖若两人”：焦虑症吃药导致,,,,,,,,,对此，于娜在接受提问时，言语间非常显温柔和憨厚，提到自己发胖到让观众认不出时，还有点羞涩和不好意思：之前因为从抑郁症转到焦虑症，长期吃药带来了一些副作用，导致变胖，现在正在中医调理阶段，再加上正在运动，很快会瘦下来，请朋友们都放心
P0441,799,对比41岁贾玲和沈腾老婆后，才发现压力胖和幸福肥的差距一目了然,,,,,,,,,多重压力下，贾 玲焦虑的只能靠吃东西缓解，结果就越来越胖
P0341,800,周華健身材變化引熱議 曬「腹肌」幽默回應,,,,,,,,,周华健因身材发胖，登上微博热搜，引发许多网民热议
P0987,801,贝克汉姆妻子分享子女们大合影 女儿小七显发福,,,,,,,,,值得一提的是，前段时间的家庭大合影中，12岁的小七又高又瘦，而在与哥哥嫂子们的合影中，她看起来仍有些肥胖
P0239,802,关晓彤最新状态惹争议:发福脸肿 年龄感尽显,,,,,,,,,关晓彤在圈内是出了名的爱喝，总能被狗仔偶遇醉酒，陪同的还有同 样脸肿的鹿晗
P0206,803,【健康知识】这些关于身体健康的常识，一定有人不知道！（建议收藏）,,,,,,,,,这也就是晚上睡觉开灯，可能会变胖的原因 总结： 黑暗，是好好睡一觉最基础的保障
P0043,804,62岁千百惠去世原因曝光，患病后发胖到150斤，知三当三晚年凄凉,,,,,,,,,6月22日，千百惠还出现在周冰倩的演唱会上，当时她演唱了代表作《走过咖啡屋》，此时的她比之前还要胖，状态也不是特别好，没想到短短两个月，她就离开了
P0059,805,"BMI:肥胖的伪标准,难道我们被骗了100多年吗?",,,,,,,,,BMI高于35表明一个人“严重肥胖”，高于40则属于“肥胖症”或“病态肥胖”
P0932,806,"英国最胖的人:体重890斤创世界纪录,成功减重‘三个贾玲’!被美国女子求爱追到英国…",,,,,,,,,当时的他还没有发福，是一个身形消瘦、相貌清秀的年轻小伙子
P0126,807,中国人真的，越来越胖了,,,,,,,,,全国最胖地区和最瘦地区的孩子，体重都在上涨
P0986,808,賈玲被質疑「復胖」 現身活動被「搶拍」,,,,,,,,,但仍获得不少网友称赞「有点肉更可爱」
P0104,809,上体重秤吧!科学告诉你 每天称重一次 最容易减肥,,,,,,,,,、毕竟，一个冬天囤积下来的肥肉，特别是一个春节囤积下来的脂肪，也不是一天就能减掉的
P0414,810,她是“三级艳后”，拒绝成龙，61岁胖到220斤，依旧美到勾人心魄,,,,,,,,,"如今,61岁的她身材发福,体重高达220斤,但令人惊讶的是,她依旧散发着令人心醉的美 丽,仿佛时间在她身上留下的只是一抹妩媚"
P0858,811,罗嘉良无锡商演太掉价 穿增高鞋 发福明显老太多,,,,,,,,,从这个角度看上去罗嘉良的双下巴十分明显，低头看手机时下巴的赘肉和脖子连在一起，显得颇为臃肿
P0303,812,发胖真有“分界线” 从这个年龄开始代谢急转直下,,,,,,,,,随着年纪的增长，人体内的激素也会发生变化，同样会导致人更容易变胖
P0938,813,范曾陷入家族内斗！带娇妻去法国看展拒见女儿，徐萌疑似怀孕上位,,,,,,,,,当天徐萌身穿宽松大裙摆衣服，身材发福明显，素颜出镜面部浮肿，腹部微微隆 起，整个人看起来比之前大了一圈，和之前的青春靓丽对比起来，差距不是一点半 点
P0888,814,肚子越大，脑子越小？肚子大可能“藏”着这些风险,,,,,,,,,⑤ 当男性腰围大于90厘米，女性腰围大于85厘米时，便可诊断为腹型肥胖
P0206,815,【健康知识】这些关于身体健康的常识，一定有人不知道！（建议收藏）,,,,,,,,,而且睡不好的时候更容易长胖!由于褪黑素下降，缺乏睡眠，会导致瘦素分泌下降，饥饿素分泌上升，饥饿感和食欲都显著上升，从而导致肥胖
P0987,816,贝克汉姆妻子分享子女们大合影 女儿小七显发福,,,,,,,,,至于是不是别人太瘦，显 得她略胖，不得而知
P0005,817,4成過年變胖均增1.7公斤 營養師：冬天瘦身黃金時期,,,,,,,,,根据卫生福利部国民健康署2022年「国人春节期间体重控制电话访问调查」，有39%民众年后变胖，平均增加1.7公斤
P0354,818,困住东亚女性的羞耻感 她们讲成脱口秀段子,,,,,,,,,”哪怕跟我一样比较胖的女生，她可能也会想“我瘦了什么样的裙子都可以穿”，但是我感觉自己瘦不瘦，跟那个产品有没有做好，完全是两回事情
P0146,819,中年發福不是福 腰圍超標是警訊,,,,,,,,,"体重过重除了外观不佳之外,也会影响健康状态,特别是腰围大小与健康的关联已经得到了许多研究的证实"
P0862,820,美国女子为活命狂减400磅，她穿上泳衣亮相后，网友惊呆了...,,,,,,,,,又正是因为这样的体重，她在校园里时常成为被霸凌的对象，经常被骂“胖子”，也没有朋友
P0487,821,惊了！最新数据：全澳超4成上班族体重超标！上班没时间管理自己的身材？一套动作10分钟，相当于跑步3000米，健身房1小时,,,,,,,,,久坐办公室真的胖了不少，尤其是肚子，就每天下班抽空练10分钟，拉把椅子就开练，非常方便
P0468,822,张凌赫撞脸这些「天王级男神」！ 自曝曾因太胖遭女生嫌弃,,,,,,,,,不过他对于自己的外貌相当严苛，「我一直没有觉得我自己特别帅，每次看完我 的作品只会觉得自己太胖、脸有疲态等」，他更自曝曾经胖到超过100公斤，「其实我在上学的时候比较胖」， 后来因为被喜欢的女生嫌胖，让他下定决心减肥
P0871,823,【美女】对不起！男人眼中的微胖，长这样,,,,,,,,,那些总是对自己 身材不自信的女生 肉感身材也可以很美 试着改变，接纳微胖的自己 或许你会收到不一样的惊喜
P0530,824,揭秘米饭与面食：哪个更容易让你胖？澳洲减肥保健品推荐,,,,,,,,,米饭和面食哪个更容易胖
P0657,825,潘帅变潘叔？44岁潘玮柏中年发福不敢认，胖至200斤老10岁，网友：快减肥,,,,,,,,,不过咱实事求是的说，这哥虽然体重飙升到200斤，舞蹈动作倒没有变形，称得上灵 活的胖子了
P0992,826,贾玲被质疑体重反弹，最新机场生图流出，网友：傻眼了,,,,,,,,,"于是有人怀疑,贾玲是不是电影放映后,一顿狂吃猛如虎,上秤回到两百五,体重激烈反 弹,闭门不敢见人? 甚至,有人已经把她体重反弹的照片贴出来了"
P0126,827,中国人真的，越来越胖了,,,,,,,,,一个花了9年时间跟踪近25万人的研究发现，BMI正常但腰围大的人，比BMI和腰围都正常的人，死亡风险要高20%
P0521,828,报告：全球45%的人口正在努力减肥！一年“胖死”280万人！澳洲所在地的风水不好？大洋洲都要胖炸了！,,,,,,,,,这就是为什么许多朋友想尽办法，最后仍无法逃脱“重复肥胖”的原因
P0146,829,中年發福不是福 腰圍超標是警訊,,,,,,,,,"中国大陆建议成年男性腰围以90公分、女性85公分为准,超过则属中心型肥 胖;南亚及台湾建议均为成年男性腰围以90公分、女性80公分为准,超过则属腹部肥胖"
P0430,830,完蛋！澳洲科学家刚刚找到肥胖的终极原因！摸摸脑袋一切都懂了,,,,,,,,,为了穿上小码美衣，为了多多桃花运，甚至只是为了能够走在街上昂首挺胸不再自卑，许多胖子用了大半辈子的时间死磕减肥
P0850,831,總是高血糖?糖尿病患飲食這樣吃,,,,,,,,,"偏偏糖尿病人多数比较肥胖,主要是因为腹部脂肪组织增加时,体内胰岛素降血糖的作用会变差,而且病患多数是老年人,生长激素及性荷尔蒙减少,新陈代谢率降低的结果,也会使得体内脂肪组织增加,加上部分口服降血糖药或胰岛素注射也有使体重增加的作用,因此糖尿病人要减肥确实会比一般人来得辛苦·很多人以为糖尿病人要少吃含热量低的蔬菜,如苦瓜、白菜、油菜、番薯叶等,不会升高血糖"
P0194,832,"俄男子模仿小李子走红,在发福后失业,已自愿去前线",,,,,,,,,尽管试图减肥，但身体却越发膨胀起来，让原本就有些圆润的他越来越不像小李子了，再加上疫情的冲击，布尔采夫在演艺行业中再无立身之地了，只能靠打零工维持生计
P0941,833,“菲律宾警察总长放大招：超重就丢饭碗，减肥or失业你选哪个？”,,,,,,,,,就像我有个朋友，之前老喊减肥，拖了两年胖了20斤，后来公司体检查出脂肪肝，吓得他赶紧开始跑步，现在整个人精神多了
P0600,834,梨形身材才是最完美身材！中了基因彩票 寿命更长,,,,,,,,,研究指出，最健康的身材是“标准梨子”，即上半身脂肪最少，腿部脂肪最多
P0883,835,《老情歌》吕方暴肥模样曝光 「胖到看不见脖子」身材大走钟,,,,,,,,,吕方身形明显暴肥一圈，甚至胖到连脖子都看不见
P0179,836,体重120斤以上的女人，别再穿阔腿裤了！换成这3种打扮更时尚显瘦,,,,,,,,,因此，下装搭配技巧也是要注意的，不然好铁不如坏玉，但好玉加好铁就是绝璧组合，可以让身材没有优势或其他缺陷的女性都变身女神! 上下装一致: 上下装一致是微胖女性最常用也是最简单的方法，通过一致来进行造型线条上的整体协调和完整性保证，不容易出错也不容易失礼
P0593,837,杭州女大生擺攤賣畫救母傳來好消息 媽媽康復「白白胖胖」,,,,,,,,,如今，康复的妈妈被她养得「白白胖胖」的，她也决定读研，朝梦想一步步踏实迈进
P0587,838,李湘机场照火了！身材又胖了一圈，走路时连肉都在抖动！喜感十足,,,,,,,,,在高清摄像头 的作用下，我们能够清晰看到李湘整个人“肉感”十足
P0085,839,一个人胖不胖，看“圆度指数”，比 BMI 更靠谱,,,,,,,,,BRI 指数的计算公式 通过这个指标，可以把那些“瘦瘦的胖子”筛选出来，及时给予健康管理干预
P0004,840,3类人的肝脏属于“易胖体质”，肝癌风险也在升高,,,,,,,,,肝脏发胖之后，不是简单少吃多动就能改变的，而是需要采取科学的干预和治疗措施
P0410,841,"女神?:刘亦菲发福,杨幂脸垮,林志玲僵硬,娄艺潇科技",,,,,,,,,不过现在36岁的她，在颜值上也有着明显的变化，主要就是被说人肿了许多，瞬间仙气大打折扣了
P0825,842,硅谷杀妻案新进展：陈立人变白变胖，妈妈头发变白，将做无罪辩护,,,,,,,,,这位听众称陈 立人胖了，皮肤非常白，整个人的形象是白胖、高壮
P0797,843,"知名港星现身任贤齐演唱会!体重飙升,肚大如球",,,,,,,,,确实，舞台上的他肚大如球，就像是怀了双胞胎一样，这样的状态也难免让人担忧
P0239,844,关晓彤最新状态惹争议:发福脸肿 年龄感尽显,,,,,,,,,关晓彤的腿部依旧细长，但是脸型是越来越圆，有网友认为这是遗传了她的妈妈， 是由于年龄的影响，她其实不胖
P0033,845,49岁林心如被网友恶评“肥大婶”，她高情商回复“羞耻心在哪”,,,,,,,,,”林心如晒图回应，其实也是代表着她的超高情商，大家不是吐槽自己身材走样了吗
P1075,846,防止肥胖，要像猪一样吃饭,,,,,,,,,顺便说一句， 肌肉长得够多，猪猪就不会变成易发胖体质
P0007,847,5 个专门胖肚子的坏习惯，你可能天天在做,,,,,,,,,肚子越大，脑子越小
P0003,848,3歲童體重16公斤 醫：含糖飲當水喝恐傷專注力,,,,,,,,,（中央社讯）台湾每4学童就有1个小胖子，柚子医师陈木荣分享曾在诊间遇过重达16公斤的3岁胖娃，吓坏医疗团队，想洗掉小胖子国的称号，营养与运动是关键，尤其含糖饮易肥，还侵蚀专注力
P0687,849,澳洲人都爱吃的它，被发现竟是天然的“助眠神器”...,,,,,,,,,研究人员追踪了969名25岁及以上、腹部肥胖的成年人——这类肥胖被定义为女性腰围达到或超过35英寸，男性达到或超过40英寸
P0685,850,澳洲专家建议“封杀”圣诞老人！说会教坏小孩！原因竟然是因为太胖？？？,,,,,,,,,"如果没有留下渴望成为健康形象的童年榜样那么孩子们就几乎没有动力去学习健康习惯的价值 他告诉媒体：""购物中心不应该越俎代庖，合力让圣诞老人看起来更胖"
P0341,851,周華健身材變化引熱議 曬「腹肌」幽默回應,,,,,,,,,「不要苛责六旬老人」「虽然身材有点走形了，但歌声还是那味」
P1030,852,退伍老兵2011年遇到的事,,,,,,,,,"我看到的第一个大刑具上绑著一个又高又胖的人,像个当大官的"
P1075,853,防止肥胖，要像猪一样吃饭,,,,,,,,,缺乏微量营养素如磷酸盐，就容易长肥肉
P0965,854,警惕！又有澳洲华人换汇蒙损，损失惨重更险被刑拘！骗汇者：“对我又没有影响”,,,,,,,,,对方大约20多岁，身高1米75左右，身材较胖，南方口音，带黑边 眼镜
P0723,855,澳洲研究：女性腰部有点赘肉，可降低骨折危险！身体上的这6个“缺陷”反而让你更健康,,,,,,,,,2. 大腿粗——死亡风险更低 不少人以瘦长的筷子腿为美
P0634,856,洗米华上诉失败获刑18年!老婆秀母女情 小三发福,,,,,,,,,刘碧丽和其他合作商站在一起侃侃而谈，不再谈情说爱的她俨然发福明显，腰身宽了一圈
P0086,857,一个容易长胖的人，可能是蛋白质没吃够,,,,,,,,,其实，在科学家看来，缺少这类富含蛋白质的食物，反而更易让身体发胖
P0130,858,中国男人配不上中国女人？,,,,,,,,,之所以出现这种审美上颇为尴尬的穿法，首要原因是肥胖——自然腰部被半球形肚腩取代，所以可供系腰带的部位已经靠近胸部
P0723,859,澳洲研究：女性腰部有点赘肉，可降低骨折危险！身体上的这6个“缺陷”反而让你更健康,,,,,,,,,澳大利亚悉尼加尔文医学研究所一项新研究发现，女性的腰部如果适当有点赘肉， 可以降低骨折危险
P0271,860,别再嘲沈腾老婆胖了，这5位男星都娶了“胖老婆”，却个个很宠妻,,,,,,,,,“影帝”葛优也曾因为妻子贺聪长相普通身材发福备受争议，但同样的，葛优对贺 聪是百分百的专一
P0430,861,完蛋！澳洲科学家刚刚找到肥胖的终极原因！摸摸脑袋一切都懂了,,,,,,,,,这样的苦修生活就是为了甩去一身肥肉
P0161,862,习近平女儿真面目曝光？网PO证件照引热议,,,,,,,,,不过也有网友表示「你那是假的」、「网上照片感觉都假的..应该都有隐藏身分」、「就是跟爸爸长得一样胖胖 的，不是原PO那张」、「假的吧之前才传从哈佛学士毕业怎31了」、「全家福和家庭生活照都是官方画面，反而这张网上泄漏的证件照差太多很可疑」
P0144,863,中年人的身材是“自律”的一部分，做到这几点，很重要！,,,,,,,,,到了中年以后，我发现“变胖”真的很容易
P0509,864,才30岁，杭州小伙确诊癌症！以为只是胖！医生提醒：太危险,,,,,,,,,"小刘今年30岁,从小体重就偏大,加上平时缺乏运动,饮食也不加节制,所以他一直是胖 乎乎的"
P0048,865,200斤女孩为美狂瘦至90斤 ！要么瘦，要么死,,,,,,,,,“198斤以后，我就没敢再上秤了
P1064,866,金正恩、普京和习近平,,,,,,,,,这几年又是核试验又是核潜艇的，三胖折腾得不善
P0890,867,肥肉长在哪里最危险？50岁后脂肪长在这个部位或更易老年痴呆！,,,,,,,,,即使没有腹型肥胖，也可以多运动防患于未然
P0557,868,日本贵族胖哥减肥逆袭成最帅校草，人生刚开挂却意外被捕！,,,,,,,,,系洲朝贵成功完成了一个胖子的逆袭
P0524,869,拒绝中年“发福”，从这12件小事入手，生活化“减脂”！,,,,,,,,,综上所述，我相信，只要我们在日常生活中注重这些小事，养成良好的生活习惯，就一定能够拒绝中年的发福，过上健康、快乐的生活
P0013,870,24岁中国妹子火上外媒！工作1年长胖40斤，她一怒之下辞职，前后转变惊呆网友...,,,,,,,,,在体重飙升的同时，“班味”浓到熏人的社畜们，仅剩的颜值也在砸穿地心，俗称“累丑了”
P0312,871,【台適生活】 世上唯二用繁體字的地方|樂活,,,,,,,,,他是个中年男人，戴著鸭舌帽、穿有领 Polo T-shirt、身材微胖，是很典型的台湾叔叔样子
P0017,872,30岁邓伦近照大变样!发福圆润和以前判若两人,,,,,,,,,缺乏保养后的邓伦颜值下降了不少，不仅脸胖了一圈显得圆润，法令纹更是相当明显，简直和以前判若两人
P0656,873,港星陈键锋时隔两年晒自拍!满脸肉变发福中年男,,,,,,,,,而在去年5月，陈键锋被网民发现独自坐在加拿大多伦多机场的餐厅内低头玩手机，当时照片中的他染了一头金发，未有剃须，身材亦发福不少，被网民指似欧锦棠及单立文
P0372,874,在澳洲，你的身材可能决定了你的阶级！,,,,,,,,,真的是超过一半的澳洲人体重都超标... 这也是为什么当那位印度移民问出澳洲人为什么都身材这么好时，无数网友建议他离开富人区看一看
P0530,875,揭秘米饭与面食：哪个更容易让你胖？澳洲减肥保健品推荐,,,,,,,,,而欧洲人由于基因差异，对脂肪的消化吸收能力较强，因此可能更容易发胖
P0084,876,"一个不吃晚饭的人,是怎样养成「易胖体质」的?",,,,,,,,,「不吃晚饭」可能是很多人减肥时会用的方法，一开始体重的确降了，但慢慢的有些人可能体重不仅不降，还会变胖
P1070,877,长期不运动，身体会发生哪些变化？人生变好，从坚持运动开始！,,,,,,,,,6 体内毒素堆积 长期缺乏锻炼，体内的毒素无法及时排出，就会累积在体内，口臭、长痘，便秘，发胖的尴尬就很容易找上门来
P0924,878,脂肪肝泛滥背后，是中国人的代谢危机,,,,,,,,,在5项同时评估腰围和BMI的研究中，中心型肥胖者患非酒精性脂肪性肝病的风险是非肥胖者3.14倍，而全身型肥胖是2.85倍
P0179,879,体重120斤以上的女人，别再穿阔腿裤了！换成这3种打扮更时尚显瘦,,,,,,,,,许多微胖女性一直都认为阔腿裤是显瘦利器，因此在阔腿裤本该被抛弃之时仍亡羊补牢
P0405,880,奇葩！300斤网红坐飞机要求免费加3座，还以命相逼地勤推自己下机？网友：又胖又作！,,,,,,,,,”平心而论，杰琳提到胖人群体的增多以及他们出行和日常生活会遭受的阻碍，确实是美国社会中难以解决的问题
P0373,881,在澳洲，胖是可以被原谅的！,,,,,,,,,为什么我明明没有放纵自己，却还是逃不过变胖的魔爪呢
P0330,882,《吳醫師保健養生堂第三十七講》 — 髕骨軟骨退行性變和髕骨骨折 吳擎添,,,,,,,,,对于年龄在50岁以上，身体较肥胖者，更应避免膝关节半屈曲位的反复操练
P0885,883,职场有毒！24岁华人妹子上班1年增重40斤！辞职后的变化震惊全球网友…,,,,,,,,,可能有的小伙伴觉得，上班变肥变丑只是个别现象，实则不然，“班味”并不是危言耸听
P0648,884,「減肥100斤後觀眾緣變差」 賈玲稱體重少了魂又沒換,,,,,,,,,贾玲称，自己现在确实比原来胖了点儿，「拍『热辣滚烫』时的体脂率太低了，是维持不住的，当时只是为了视觉效果
P0535,885,整天滑3C不離手 兒童青少年脂肪肝比例增,,,,,,,,,要如何避免儿童与青少年罹患脂肪肝，王律婷建议家长掌握5大关键，包括弹性安排3C时间、鼓励孩子多动、调整饮食习惯、建立规律作息，最重要是注意警讯，若孩子有体重过重、腹部肥胖，或脖子、腋下出现变黑现象（黑色棘皮症），建议及早就医检查
P0469,886,"张继科赌博风波后现,精神不佳略发福,在宁波当教练",,,,,,,,,从照片可见，张继科的脸发胖了点，穿着运动套装，眼睛睁不太开，黑眼圈有点重，略显疲倦，还是球迷熟悉的模样
P0478,887,微胖入秋别这么穿！显胖又土气，真的太丑了！,,,,,,,,,像我关注了很多微胖博主，她们身上最大的闪光点就是她们真的很自信很阳光 我们都是普通人，不可能都是完美的，所以说姐妹们没必要盯着自己身材的缺点
P0480,888,怎么减掉15斤赘肉？学习8个实用方法，让身材瘦下一圈,,,,,,,,,那么，如何减掉15斤赘肉，让身材瘦下一圈呢
P0899,889,肥胖兼三高易患代謝綜合症 增患慢性病風險,,,,,,,,,代谢综合症的诊断标准通常包括以下5个主要风险因素，患者具有其中三项或以上，则被确认患上代谢综合症： 腹部肥胖 高血压 高血糖 高三酸甘油脂 低高密度脂蛋白（HDL）胆固醇 Advertisement 代谢综合症对健康影响深远，主要包括： 增加心血管疾病风险：如冠状动脉疾病、心脏病发作
P0398,890,天津肥胖率全国第一，原因是这个？,,,,,,,,,作为全国体重第一，腰围全国第一的城市，无论你多胖，来天津都不显胖
P0159,891,"乐基儿出席时尚活动:腹肌好美,42岁越胖越有幸福感",,,,,,,,,乐基儿感觉变瘦了不少，但仍旧还是呈现出她的婴儿肥
P1008,892,身体胖寿命短？医生却说：恭喜你！这2个地方“胖”是好事！,,,,,,,,,正常范围内一般大腿围越大，腿部肌肉就越强壮
P0816,893,研究显示:面包燕麦酸奶...长期吃这类食物会变胖还变傻,,,,,,,,,和很多人一样，Damon原本以为只要控制卡路里摄入量，身体就不会变胖
P0166,894,人到中年，别把这4 件事看得太重 否则苦的是自己,,,,,,,,,” 现实中有多少人为了面子，打肿脸充 胖子
P0036,895,52岁港星陈慧珊现身大学，皮肤松垮身材发福似大妈，被指面带苦相,,,,,,,,,被指面带苦相但不可否认的是，当天虽然她身材发福，但气质还是非常好的，这一点不管谁看到都是这样觉得，但却有网友提出了不同的看法，因为他觉得陈慧珊的脸上变化太大，看起来都像带有苦相的样子
P0441,896,对比41岁贾玲和沈腾老婆后，才发现压力胖和幸福肥的差距一目了然,,,,,,,,,而44岁的沈腾，状态则没什么变化，虽然依然有些发福，但是比起之前发福最严重 的时候还是要好多了
P0904,897,肥胖問題日益嚴重 桃園療養院推出專業減重門診,,,,,,,,,蓝筱筑营养师建议，健康减重的目标应该是每月减少1-2公斤，这种减重速度不仅不易复胖，还能避免对身体机能的伤害
P0239,898,关晓彤最新状态惹争议:发福脸肿 年龄感尽显,,,,,,,,,之前就有网友指出鹿晗胖了不少，脸型逐渐馒化，如今关晓彤也变成这样了
P0791,899,看不見的傷痕,,,,,,,,,"1.语言攻击 类似「真笨!」「打死你!」「胖得像猪!」等用孩子的缺陷来讽刺、攻击、吼叫、恐吓的话,就是情感虐待中的语言攻击,这种语言攻击可能随时随地爆发"
P0123,900,"严重肥胖群体逐渐壮大,为什么说美国富人瘦穷人胖?",,,,,,,,,那么是什么导致了美国人变胖呢
P0058,901,"BBC揭开全球最不健康的饮食方式, 华人爱吃的这个竟容易致病!",,,,,,,,,可乐在中国被称为“肥宅快乐水”，几乎成为宅男宅女们的必备物品
P0684,902,澳洲254斤胖女减肥128斤！不吃药不节食，完克土澳长肥魔咒！,,,,,,,,,）那时候，她比别的女生大了整整一倍
P0191,903,你过得好不好，从吃饭就能看出来,,,,,,,,,来源：十点读书 综艺《你怎么这么好看》中，有一个胖胖的北漂姑娘，叫姜丁天
P0290,904,华人惊恐发现，来了澳洲以后体重开始超标！全球肥胖榜，澳洲排名靠前，据说与地理位置有关？,,,,,,,,,长此以往日积月累，身体上脂肪也越堆越多
P1047,905,郑爽近照曝光:身材发福 穿名牌染黄发变精神小妹,,,,,,,,,看全身造型，郑爽身材也胖了不少，她穿了一身黑，但并不显瘦，腰腹位置也格 外凸出，分不清是褶皱还是赘肉
P0979,906,【读者投稿】走去走来 -,,,,,,,,,面部圆乎，鼻子也圆乎
P0924,907,脂肪肝泛滥背后，是中国人的代谢危机,,,,,,,,,肝脂肪变性，俗称“脂肪肝”，其名称中的“脂肪”两个字，很容易让人联想到肥胖
P0684,908,澳洲254斤胖女减肥128斤！不吃药不节食，完克土澳长肥魔咒！,,,,,,,,,靠着健康的食谱和有规律的运动，她成功的将自己从胖纸变成了励志女神
P0271,909,别再嘲沈腾老婆胖了，这5位男星都娶了“胖老婆”，却个个很宠妻,,,,,,,,,现在的王琦身体依然发福很明显，虽然有网友觉得王琦太不管理自己的身材，但也 有网友觉得王琦是“素人”，只要身体健康，不应该制造身材焦虑
P0596,910,柜姐称“刘亦菲微胖”被辞退 店员:她并无恶意,,,,,,,,,据社交媒体截图，该柜姐曾评论网友“你穿的比刘亦菲好看”“其实刘亦菲有点微胖，所以你们穿也比她好看”
P0918,911,胖一点的老人和瘦一点的老人，谁更长寿？调查55万人后给出答案,,,,,,,,,不过，我国对于体重微胖的概念与美国略有差异，美国体重微胖的BMI值为25-30，肥胖的BMI值是大于30，而我国的微胖和超重的BMI值标准对应的是24-28以及大于28
P1068,912,"长在这两个部位的脂肪,其实是一种优势",,,,,,,,,中南大学湘雅医院心内科副教授刘琼表示，最危险的肉长在肚子上，腰围粗意味着腹型肥胖、内脏脂肪堆积，会导致毛细血管扩张，血液循环量相对增加，心搏出量也会增加，长期负担过重就会诱发左心室肥厚、血压升高
P0430,913,完蛋！澳洲科学家刚刚找到肥胖的终极原因！摸摸脑袋一切都懂了,,,,,,,,,这逆天科研的结论，不仅引起了胖子届人士的高度关注，更加吸引了大把澳洲媒体的注意力，集体报道这一惊人的学术发现
P0205,914,【健康知识】胖哪儿都不能胖这里！,,,,,,,,,现在随着越来越多人久坐的生活方式，使肚子堆积大量脂肪，我们就得注意 肚子胖必须得减 即使体重正常，即 BMI 在 18.5～23.9 的正常范围内，但如果腰围超标了，也得好好减肥
P1069,915,长得胖算什么，“体态崩了”才可怕！明明打扮精致，看着却更土了,,,,,,,,,二、身材微胖＋存在这些体态问题会直接拉低魅力，你中招了没
P1084,916,陈飞宇曝私照后复出，自曝225斤瘦下来全靠跑步，因太胖被排挤,,,,,,,,,"原来陈飞宇曾经是个胖小伙真的所言非虚,最近他直接自曝曾胖到225斤,和现在的形象相 比反差还挺大的,热议之下也是再次回到了观众视线"
P0206,917,【健康知识】这些关于身体健康的常识，一定有人不知道！（建议收藏）,,,,,,,,,二、晚上睡觉开灯会长胖
P1043,918,那些一胖就胖肚子的人，后来都怎么样了？,,,,,,,,,一种是皮下脂肪，我们平时用手能捏起来的“肚子一层层的游泳圈”就属于这类
P1095,919,面相变了!贾玲最新露面 体重竟反弹回归原状,,,,,,,,,尤其是面对镜头的时 候，她一笑，嘴角那两个标志性的酒窝就显现出来，再配上那熟悉的双下巴，恍惚间，那个曾经 “胖胖” 的喜剧演员又回来了，台上 的演员模样和台下导演身份的她，在这笑容里仿佛重叠了起来，让人感慨万千
P0994,920,赵丽颖裙子显土 殷桃脸肿发福 李沁星光闪闪,,,,,,,,,结果，她的脸还“肿了”，虽然气色还算不错，可面部膨的像个“发面馒头”一般，瞬间显胖又显老了
P0427,921,孩子身体出现这个变化，可能大脑正在偷偷变笨！要警惕,,,,,,,,,有一项研究，扫描了 2700 名儿童的大脑后发现：孩子的 BMI 越高，大脑部分皮层就变得越薄，也就是说，孩子越胖，大脑就变得越小[2]
P1068,922,"长在这两个部位的脂肪,其实是一种优势",,,,,,,,,肥肉长在什么部位，不仅影响身材，还关乎一个人的衰老速度和心血管健康
P0825,923,硅谷杀妻案新进展：陈立人变白变胖，妈妈头发变白，将做无罪辩护,,,,,,,,,最后该听众总结了对陈立人的印象，称其：有种紧绷感，即便脸盘发福依然五官分 明、棱角锋利、精神高度集中，没有慌张也没有愁容
P0005,924,4成過年變胖均增1.7公斤 營養師：冬天瘦身黃金時期,,,,,,,,,开业营养师徐子雅透过新闻稿表示，冬天容易变胖的原因主要有3点：第1为活动量下降，因天气寒冷，会想活动的欲望下降，导致身体日常生活能量消耗降低，更容易产生热量过剩，进而形成脂肪堆积
P0258,925,减重季｜北京大学与USANA合作研究：纤维粉与代餐对健康的促进作用,,,,,,,,,是脏器功能下降的现象，尤其是肝脏! 1公斤脂肪由7700千卡热量转化成的! 我们吃进来过多的热量导致发胖
P0867,926,【美女】35岁翘臀姐姐，竟泡走26岁小鲜肉，这“水蜜桃“身材我沦陷了...,,,,,,,,,蜕变成功后的她， 选择了和曾经的丈夫离婚， 她不仅甩掉了肥肉，也甩掉了那个不懂得珍惜她的男人 关于这件事，金恩熙在ins上写下了一段很走心的话
P0941,927,“菲律宾警察总长放大招：超重就丢饭碗，减肥or失业你选哪个？”,,,,,,,,,有人觉得，体重超标不代表工作能力差，有的警察虽然胖，但经验丰富、办案效率高，一棍子打死是不是太绝对了
P0487,928,惊了！最新数据：全澳超4成上班族体重超标！上班没时间管理自己的身材？一套动作10分钟，相当于跑步3000米，健身房1小时,,,,,,,,,跟朋友出海游玩，我终于敢秀出热辣身材▼ Image 最重要的是，我的体质也变了，原来吃点东西就发胖，现在放肆吃喝，体重也从未反弹
P0033,929,49岁林心如被网友恶评“肥大婶”，她高情商回复“羞耻心在哪”,,,,,,,,,49岁，林心如这般完美的身材，还要被不少“键盘侠”吐槽是发福之后的大婶
P0792,930,看了朱珠李雪琴的有效瘦身，忍不住想夸！,,,,,,,,,都说微胖的人是潜力股，瘦身有所成效的李雪琴，近期亮相时面部轮廓越发清晰明显，侧面看不到一点双下巴，戴上发箍的微波卷短发造型也让脸看起来小了一圈
P0261,931,出現這些症狀 其實你正在「發福」,,,,,,,,,"久坐易累 久坐会使身体代谢循环下降,脂肪更容易堆积,体重上升,疲态感加重· 不爱运动 能量消耗减少,同时不断摄取食物,容易变胖,运动量少是肥胖一大信号"
P0142,932,中央海岸法律所发生爆炸 警方搜捕60多岁矮胖男子,,,,,,,,,警方认定这是一次有针对性的袭击，并发布照片，追捕一名“身材矮小、体态肥胖”的男子
P0871,933,【美女】对不起！男人眼中的微胖，长这样,,,,,,,,,3、身型肉感的女生，看起来更加平易近人、脾气温和，更好相处
P0623,934,汪小菲三胎来了?马筱梅穿连衣裙小腹隆起,,,,,,,,,此前马筱梅直播的时候脸有些发福，去张兰家聚餐吃饭前还自己在家吃了卤肉饭，去了张兰家之后，还吃了不少，最近食欲大增的样子
P0948,935,表面風光內裡堪憂的杭州亞運,,,,,,,,,"打肿脸充胖子 虽然中国政府尚未公开整体花费的数目, 但根据杭州市政府先前披露的资讯,为了举办 亚运会,自2016年至2020年,光是交通基础 设施、竞赛场馆、住宿以及其他设施的费用, 就已经花了大约300亿美元;也就是说,实际 的支出肯定更多"
P1097,936,韩庚演唱会被嘲吃相难看 身材像黄渤 跳不动了,,,,,,,,,为了备战演唱会他很早就开始训练和瘦身，能看得出来和早前发福时相比确实有了很大的变化，尤其是脸上，整整瘦了一大圈，之前的双下巴已经变成了刀锋般的下颚线，只是这脸好像有些僵硬走形，连表情都做不动了，疑似是用了什么科技手段，越来越像王阳了
P0797,937,"知名港星现身任贤齐演唱会!体重飙升,肚大如球",,,,,,,,,很多网民看后都纷纷留言让林雪保重身体，如果可以的话一定要尝试减肥，毕竟过度肥胖会诱发不少疾病
P0345,938,哪种体型的人更长寿？研究发现：这个部位“细”点好！,,,,,,,,,2021年刊发在《BMC医学》上一项350万人的研究发现：“腰粗肚子大”的人患癌 风险高，特别是腰围越粗，患癌风险就越大⑥
P0685,939,澳洲专家建议“封杀”圣诞老人！说会教坏小孩！原因竟然是因为太胖？？？,,,,,,,,,他认为圣诞老人的体型是有些“圆滚滚”，但那不是超重，圣诞老人也应该继续保持这样的身形
P0888,940,肚子越大，脑子越小？肚子大可能“藏”着这些风险,,,,,,,,,如果有家族史且伴有血脂异常、高血压和脂肪肝等代谢异常疾病，要加倍注意，尤 其要尽量做到不超重，更不要出现“将军肚或老板肚”这种腰围增加的现象，因为 腰围增大比体重增加更加危险，是导致胰岛素抵抗、糖尿病的最大凶手之一
P1059,941,“重”视体重，“轻”松生活：肥胖问题我们说清楚,,,,,,,,,四、肥胖的“幕后推手”：不是“嘴馋”这么简单🙅‍♀️ 肥胖的成因是复杂多因素交织的结果，并不只是“能吃”“懒动”
P0528,942,挺住，别躺平！30岁后的男人，减掉肚腩才能赢未来,,,,,,,,,不仅外形打折扣，这种腹型肥胖还与多种健康问题息息相关，如高血压、糖尿病、痛风等慢性疾病
P0953,943,西方人信的是啥?,,,,,,,,,"于是,每一对新婚夫妇都想尽快要个儿子,爷爷奶奶也盼著早日含饴弄孙,这时往往就会去庙里祭拜观音菩萨,祈求神灵期为一个大胖小子"
P0425,944,"学生持证骑骆驼上学,网络爆红!兰州大学回应",,,,,,,,,3.一人一驼，严禁转借他人，如有遗失，应及时挂失，以免骆驼自动驾驶以及啃食绿化植被…… 同时该证件还列出了各种驾驶证扣分的情况，例如：醉驾、闯红灯、骆驼尾气排放超标、驾驶者太胖骆驼背不动……记者注意到，不仅是兰州大学，在兰州的其他高校，例如西北民族大学、兰州理工大学、西北师范大学的学生也拥有自己的骆驼驾驶证，一位西北民族大学的学生告诉极目新闻记者，他的骆驼驾驶证是他开学时学校送的
P0627,945,沈腾一家现身海南 妻子王琦发福 6岁儿子白胖,,,,,,,,,生完孩子后身材愈发圆润的王琦，此次露面的她穿着新中式外套走在后面与友人聊天，举手投足间透着满满贵气
P0954,946,西澳或引入新法规，歧视体重或身高将重罚$10000,,,,,,,,,比如，雇主的政策只为员工提供一定尺寸的制服，而没有照顾到体型较大的人
P0528,947,挺住，别躺平！30岁后的男人，减掉肚腩才能赢未来,,,,,,,,,腰围越大，风险越高 “腰越粗，命越短”绝非危言耸听
P0013,948,24岁中国妹子火上外媒！工作1年长胖40斤，她一怒之下辞职，前后转变惊呆网友...,,,,,,,,,从花季少女→油腻大妈，小欧直言只用了一个上班的距离
P0406,949,奇葩！就因男友喜欢胖子！澳洲美女模特增肥至357斤！网友们都替她急死了！,,,,,,,,,接下来的聊天中，他们会一起看一些胖女孩的图片视频，并且杰夫还会反复告诉罗西，胖一点没关系，我们自己喜欢就好
P0345,950,哪种体型的人更长寿？研究发现：这个部位“细”点好！,,,,,,,,,这表明高龄老人的身材 稍微胖一点更利于长寿
P0985,951,賈玲「增胖激瘦」不喊苦 下部作品曝光,,,,,,,,,自从在电影「热辣滚烫」中一举减重百斤（50公斤）后，「贾玲复胖了」这个话题就数次登上热搜
P0553,952,日本女子网上发帖称因怀孕遭老公嘲笑胖，竟被1.5亿人围观！网友纷纷留言“恐吓”…,,,,,,,,,但是老公说了好几次都不停止，说了“没想到妻子胖得这么难”，如果是我的话，这是一个铁案，一辈子都会在心里扎根
P0345,953,哪种体型的人更长寿？研究发现：这个部位“细”点好！,,,,,,,,,此类肥胖就是腹型肥胖、内脏性肥 胖
P0751,954,爆改？美国小哥在欧洲胡吃海喝1年，反倒把啤酒肚吃没了，身材还越来越好,,,,,,,,,尽管我一直是个健身男，而且非常注重保养，严格控制饮食，但看起来还是浮肿
P1052,955,郭碧婷复工状态引热议 身材发福越来越像向太,,,,,,,,,尤其是这款连身裙的 裸背设计，更是凸显出了郭碧婷浑圆的胳臂，另外，过宽的系脖带也从视觉上拉宽了她的肩颈比例，形成一种虎背熊腰的既视感
P0103,956,三种断食图鉴 间歇性禁食帮助解决肥胖烦恼,,,,,,,,,“似乎很多人周末过食，周一就变胖，所以如果在周末实行饮食限制， 更容易获得效果
P0441,957,对比41岁贾玲和沈腾老婆后，才发现压力胖和幸福肥的差距一目了然,,,,,,,,,这样看来，幸福肥和压力肥的差距真的很明显
P0924,958,脂肪肝泛滥背后，是中国人的代谢危机,,,,,,,,,但与美国和一些欧洲国家相比，中国的超重和肥胖率相对低，至少走在大街上你看不到太多“大胖子”
P0927,959,腹部、大腿還是手臂?,,,,,,,,,"肚子上的一圈赘肉,医学上称为内满脂访,它不像大开或手臂的皮下脂肪那样“安分”,而是特别容易受到压力荷需蒙刺激,将脂肪酸释放到血液中"
P0871,960,【美女】对不起！男人眼中的微胖，长这样,,,,,,,,,可这样的身材不知令多少女生羡慕嫉妒恨了~）随着年龄的增长发现，发现肉感的女人真有市场
P0173,961,以为会发胖，实际很减肥的 6 个行为，别再误解它们了！,,,,,,,,,最近，“以为容易发胖，实际很减肥”的饮食和生活习惯上了热搜，大家可以对照自己看看，如果你已经有这些习惯，那就保持下去
P1043,962,那些一胖就胖肚子的人，后来都怎么样了？,,,,,,,,,需要警惕的是，腹部肥胖对健康的危害非常大
P0303,963,发胖真有“分界线” 从这个年龄开始代谢急转直下,,,,,,,,,我们到底从什么时候开始发胖，实际上没有特别明显的界线，不同人之间的差异也很大，但总体来说，随着年龄增大，大家的体重都会增加
P0258,964,减重季｜北京大学与USANA合作研究：纤维粉与代餐对健康的促进作用,,,,,,,,,简单的节食减肥是陷井，节掉了营养，叫减肌肉，饿肚子，脂肪不会走，走掉的是肌肉和水，因为节食缺乏营养，导至脂肪代谢下降，形成恶性循环，虽然称体重会下降，那是肌肉和水的重量，本来脏器功能下降，这样饿会更糟，所以恢复饮食后反弹很快，越减越肥
P0916,965,肿瘤患者到底“胖点好”还是“瘦点好”？营养师表示,,,,,,,,,肿瘤患者胖点好 还是是瘦点好呢
P0871,966,【美女】对不起！男人眼中的微胖，长这样,,,,,,,,,小编总结出以下几点： 1、微胖女生身材曲线明显，具有骨感和性感两种不同的气质
P0079,967,USANA优莎纳蛋白营养粉——甩掉游泳圈，赢回人生C位,,,,,,,,,而“喝凉水都长肉”的朋友
P0322,968,吃早餐和不吃早餐，哪个更容易胖？早餐一个改变，疾病风险低了,,,,,,,,,2024年10月，浙江大学医学院等研究人员在《细胞》杂志上发表的一项研究发现：“不吃早餐”的生活方式，会导致小肠细胞脂质过度吸收，从而容易发胖、增加代谢疾病的风险
P1076,969,"阿娇2个月内体重如过山车,最新巡演体重失控又复胖",,,,,,,,,没想到评论区都在调侃阿娇怎么这么胖了，该减肥了
P0502,970,成年女性逾半腰圍過粗 醫籲母親節用擁抱關心健康,,,,,,,,,医师指出，女性常在产后、更年期2时期变胖，但腰围每增10公分，心血管疾病风险就升3.4%，呼吁母亲节大家透过「拥抱」关心妈妈腰围健康
P1076,971,"阿娇2个月内体重如过山车,最新巡演体重失控又复胖",,,,,,,,,可节目结束之后，阿娇又不注重身材管理，慢慢地又胖了回去，在今年九月末阿娇现身澳门一场活动时，身材严重走形，侧边一看，用 虎背熊腰来形容一点也不为过
P0686,972,澳洲人的地域黑太精确！四位数字把你看得透透的！破解方法只有一个！,,,,,,,,,每三个人中只有一个不是胖子
P0347,973,唐代以胖为美？从唐代服饰探究其真假,,,,,,,,,故而，在唐朝建立之初，女子并不是“以胖为美”
P1084,974,陈飞宇曝私照后复出，自曝225斤瘦下来全靠跑步，因太胖被排挤,,,,,,,,,圈内像魏大勋也是和他一样曾经很胖的“潜力股”，但不是所有人都有陈飞宇的出 身，还未有代表作就被导演父亲带着刷脸，即使在事业低谷期，也能在大制作电影 中保有一个戏份重要的角色
P0564,975,暴瘦50斤的马思纯，比贾玲还吓人？,,,,,,,,,当中有个跷二郎腿失败的片段，胖胖的贾玲把自己当成一个喜剧的容器，去拼命逗乐观众，让这个本就不属于喜剧的瞬间变得尤其喜感
P0042,976,"60岁水均益现身加拿大,身材发福,大腹便便遭嘲笑",,,,,,,,,看起来也没有网友形容的“水老师变油老师了”那么明显，可能是水均益没有怎么运动，又比较喜欢与朋友聚餐，才不知不觉就发福了吧
P0924,977,脂肪肝泛滥背后，是中国人的代谢危机,,,,,,,,,当全身脂肪增多，肝脏也免不了“变油”，因此60%以上的肥胖者都合并有脂肪肝
P1012,978,辛芷蕾在国外带火了一种贵妇穿法：短外套+短裤，微胖圆脸真优雅,,,,,,,,,想要提升品味，快来跟着辛芷蕾学搭配吧，如果你和她一样属于微胖身材，属于圆 脸的女生，那么你可以试试她同款的锁骨发，照搬她的日常穿搭，简单又实用
P0179,979,体重120斤以上的女人，别再穿阔腿裤了！换成这3种打扮更时尚显瘦,,,,,,,,,笔者认为 体重超过120斤的女人，如果还在穿阔腿裤的话，那真的该好好给自己的搭配观念上课了! 不要把挡肉当做唯一目标，你带来的不仅是让自己看起来更胖更矮，还有不够观察美观性的穿搭，如果你还曾坚守这样的理念，不妨试试这些攻略著作，也许有意想不到感受哦!
P0991,980,贾玲承认瘦身100斤，海报与近照胖若两人，袁弘曝训练量高达三倍,,,,,,,,,而再对比贾玲近照，海报中的她简直胖若两人
P0552,981,日本全球最瘦，却又全球最“寿”！日本人为啥这么瘦、又那么寿？,,,,,,,,,根据世界卫生组织的数据，日本人的肥胖率惊人地低——只有4%，你随便走在东京街头，遇到胖子真跟见着大熊猫差不多稀罕
P0509,982,才30岁，杭州小伙确诊癌症！以为只是胖！医生提醒：太危险,,,,,,,,,无独有偶，当天还有另一位体重高达184斤的重度肥胖的甲状腺癌患者小黄
P0565,983,曝光温哥华超市打折内幕！这些天天打折的食品，有陷阱千万别买！,,,,,,,,,根据澳洲迪肯大学最近的一项调查研究发现，超市的营销策略，可能是造成人们变胖的根本原因
P0504,984,【我们的故事】“偷报纸的人”和流浪者的礼包：Phoebe奶吧里的故事,,,,,,,,,她话不多，体型偏胖，梳着脏辫，穿的衣服又脏又旧
P0019,985,33岁张含韵被骂“爆肥”！1.62米55公斤，本人晒秤自嘲“真的胖”,,,,,,,,,但她的几次亮相都引发了热议，原因是正在恋爱中的她，被指“幸福肥”，不仅身材发胖走形了，就连脸都圆了一大圈
P0656,986,港星陈键锋时隔两年晒自拍!满脸肉变发福中年男,,,,,,,,,陈键锋上一次在社交平台晒出正面照，已是2022年9月在健身房内自拍，今次是相隔近两年，陈键锋终于再公开近照，见他仍染有一头金发，并剃去胡须，但就穿上黑色大衣及戴上太阳墨镜，虽然穿上黑衣但未见成功显瘦，身形依旧肿胀脸上仍非常有肉，与以往的青靓白净的样子仍有一段距离
P0100,987,七成高血压归因于“胖”！这种肥胖类型最危险……,,,,,,,,,腰粗的人更要警惕心血管病 有一种说法是，皮下脂肪增厚1厘米，血管长度增加5公里
P1105,988,香港女星减肥成功晒事业线 住2千尺北京豪宅,,,,,,,,,不过钟欣潼也表示自己很有身材焦虑，自己很容易胖，年纪大了新陈代谢就慢，所以她自己也会尽量控制着饮食，控制住身材，尽量不被一众粉丝朋友们指责批评
P0354,989,困住东亚女性的羞耻感 她们讲成脱口秀段子,,,,,,,,,你看大码男装一直都有，做得很大、很舒服，因为我老公就很胖，我经常给他买大码男装，每一件都很合适，甚至他200斤穿XXXXXL都会显大，但是大码女装就没有很舒服，很难完全贴合女性的需求
P1105,990,香港女星减肥成功晒事业线 住2千尺北京豪宅,,,,,,,,,艺人钟欣潼近年来时常被一众粉丝朋友们指她身材发福，更是有很多时瘦时胖的时候，看起来像大妈一样
P0345,991,哪种体型的人更长寿？研究发现：这个部位“细”点好！,,,,,,,,,相反，身材偏瘦、腰围越 粗，则死亡风险最高
P0601,992,“梨形身材是基因彩票”上热搜，网友：谢谢，有被安慰到,,,,,,,,,世界卫生组织将中心型肥胖定义为，男性腰臀比超过0.9，女性超过0.85
P0108,993,不是错觉：过了这个年纪，长胖真的更容易,,,,,,,,,不得不说，发胖还真有“年龄分界线”
P0853,994,经济学人周刊：世界肥胖之都在哪儿？,,,,,,,,,但要扭转这些趋势，需要预防更多儿童和成人首先变胖
P0458,995,屏東醫院引進內視鏡袖狀胃縫合術 縮短恢復期,,,,,,,,,屏东医院发布新闻稿表示，首案45岁唐姓男子因工作繁忙应酬多、运动少，不仅体重攀升到近110公斤，BMI超过38，高血压、高血脂也开始找上他，原本也不以为意，直到读国小的女儿告诉他，「爸爸的肚子好大，不是以前的帅爸爸了」，才惊觉自己不能再继续这样
P0553,996,日本女子网上发帖称因怀孕遭老公嘲笑胖，竟被1.5亿人围观！网友纷纷留言“恐吓”…,,,,,,,,,他向我道歉，但说‘没想到伴侣身体会臃肿这么难受’，这话让人悲伤…”这个孕妇家住日本福冈县，帖子是本月10日发布的，她当时震惊于丈夫的言行，发帖主要是为了吐槽
P0322,997,吃早餐和不吃早餐，哪个更容易胖？早餐一个改变，疾病风险低了,,,,,,,,,那么，到底吃早餐容易胖，还是不吃早餐容易胖
P0108,998,不是错觉：过了这个年纪，长胖真的更容易,,,,,,,,,所以，要想防止长胖，首先要扭转能量收支，避免摄入过多的能量——也就是常说的管住嘴
P0405,999,奇葩！300斤网红坐飞机要求免费加3座，还以命相逼地勤推自己下机？网友：又胖又作！,,,,,,,,,她认为多出来的费用，应该由体重正常的乘客支付，用以确保胖人们出行的人权自由
P0684,1000,澳洲254斤胖女减肥128斤！不吃药不节食，完克土澳长肥魔咒！,,,,,,,,,2014年，她28岁的时候，一天清晨起床时，她感到臀部有种刺痛感，她明白，因为过于肥胖，她睡觉的时候，无法完全躺下，只能半坐着睡觉，臀部承受了大部分体重，所以每天起床都麻麻的
P0654,1001,減重後被說復胖 賈玲分享運動日常,,,,,,,,,近日有网友爆料直击贾玲街头身影，指她瘦身反弹，「小腹明显隆起」，面对质疑声浪，贾玲分享运动的日常，用实际行动打脸黑粉
P0135,1002,中国胖子，即将反超美国,,,,,,,,,俗话说先胖不算胖，后胖压倒炕，中国作为肥胖的“后起之秀”，就要赶超发达国家了
P0290,1003,华人惊恐发现，来了澳洲以后体重开始超标！全球肥胖榜，澳洲排名靠前，据说与地理位置有关？,,,,,,,,,大概就是，到时候的澳洲，放眼望去，基本都是肥胖的身影
P1023,1004,这是黄晓明？暴肥15公斤「脸圆肚凸又秃头」自嘲：喝水都胖,,,,,,,,,黄晓明观察到身障人士的智力约停留在3-10岁，基本上 就像个小孩，喜欢吃糖果、喝可乐，身材普遍较胖
P0593,1005,杭州女大生擺攤賣畫救母傳來好消息 媽媽康復「白白胖胖」,,,,,,,,,如今现在妈妈的状态好了很多，身上也有更多肉了
P0871,1006,【美女】对不起！男人眼中的微胖，长这样,,,,,,,,,（富有肉感的身材，真让人摞不开眼睛） 02：@Yoo Seung 功夫不负有心人
P0587,1007,李湘机场照火了！身材又胖了一圈，走路时连肉都在抖动！喜感十足,,,,,,,,,"但是,因为自己身上的肉肉明显,走的时候,连肉都是在颤动,这一幕可谓 喜感十足"
P0126,1008,中国人真的，越来越胖了,,,,,,,,,在调查中，超过86.4%参与者是单纯腹部肥胖，肚子大，只有极少数（少于2%）的人是单纯的全身肥胖[11]
P0767,1009,【生活相对论】从中国“体重管理年”计划说起：我们如何处理与食物的关系？,,,,,,,,,在职场构建新文化，避免“过劳肥”等
P0888,1010,肚子越大，脑子越小？肚子大可能“藏”着这些风险,,,,,,,,,⑦ 6. 早逝 腰越粗，寿命越短
P0606,1011,歧视胖人？韩国地铁扶梯标识惹大量争议,,,,,,,,,据新加坡《今日报》7日报道，视频中，该网友将手机镜头对准地铁站台路面上的两个人形贴纸（如图），左边的明显较瘦，指向楼梯，右边的较 胖，指向自动扶梯
P0623,1012,汪小菲三胎来了?马筱梅穿连衣裙小腹隆起,,,,,,,,,此前马筱梅在直播时也解释过自己最近偶尔会恶心是有反流性胃炎，还自曝放暑假吃胖了，那有小肚子也是正常现象了
P0406,1013,奇葩！就因男友喜欢胖子！澳洲美女模特增肥至357斤！网友们都替她急死了！,,,,,,,,,罗西发现，杰夫似乎特别喜欢胖女孩
P1009,1014,身材决定寿命？研究发现：大腿粗、屁股大的人，可能更长寿,,,,,,,,,人到中年，怎么只胖肚子呢
P0926,1015,腰圍血壓雙超標 代謝症候群風險高達68%,,,,,,,,,台湾成人过重及肥胖率已攀升到50.3%，肥胖是一种慢性疾病，没有所谓「健康的胖子」
P0134,1016,中国肥胖地图来了！超四成男性超重,,,,,,,,,“男性更容易肥胖有几方面的原因，通常与其在生活或工作中所受压力和情绪有关
P0126,1017,中国人真的，越来越胖了,,,,,,,,,吃得不对，睡得太少 为什么现代人会越来越胖
P0950,1018,"被潘玮柏老婆泳装照惊艳:身材凹凸有致,白到发光",,,,,,,,,而喜欢玩梗的网友则辣评“快拍，再不拍又吃胖了”
P1089,1019,陸飲食結構研究：麵比飯易發胖,,,,,,,,,若改变饮食模式，以主要吃米饭替换吃面食，则可降低男性肥胖和女性腹部肥胖风险
P0321,1020,吃播鼻祖减肥200斤轰动全网：攒了两年的假视频骗过所有网友，只为整个大活？？！,,,,,,,,,更另人唏嘘的是，他的男朋友Rodrigo也跟着一起发福了
P0549,1021,“无意识变胖的四个习惯”上热搜，你中了几条？,,,,,,,,,无意识变胖的四个习惯”上热搜，你中了几条
P0472,1022,彻底放飞自我?阿娇最新演出胖成“阿爆”演出划水,,,,,,,,,当然了，对于变胖这件事，阿娇自己也看得很开，她曾说自己胖过瘦过，但是绝对没有丑过
P0515,1023,打造「不發胖體質」 的飲食祕訣,,,,,,,,,"基础代谢能帮动身体回春,重点是「饮食」和「运动」*透过提升基础代谢,使身体在无负担的状态下消除内脏脂肪,进而让「神奇的青春荷尔蒙」脂联素正常分泌，打造不发胖,常保青春的体质"
P0347,1024,唐代以胖为美？从唐代服饰探究其真假,,,,,,,,,故而说是女子胖才好看的唐朝，可能指的是那些体态丰腴的女子
P0378,1025,增強腎功能 減少夜尿,,,,,,,,,"住Kingsgrove的60岁男士,较肥胖,试食肾皇时就感觉,身体微微发暖,双手暖和,能改善手脚冰冷的问题"
P0052,1026,"515斤""沪上第一胖""再开减重之路 目标3年减到200斤",,,,,,,,,此后，他的人生与体重进行着一场艰难的拉锯，3次减肥训练营的经历，让他一度拥有减重的喜悦，但随后的“复胖”让他一次次陷入绝望
P1081,1027,陆配亚亚返中即消失 疑被相关部门带走,,,,,,,,,除一名身材矮胖的男子未佩戴口罩外，其他人皆戴有口罩
P1066,1028,锺欣凌「我的婆婆2」胖到80公斤 阿信追剧爆彩蛋,,,,,,,,,增胖的还有杨铭威，他在剧中饰演苏家3儿子苏秉仁，在本季将会迎来人生大转变，网友在直播中询问：「这季身体健康吗
P0430,1029,完蛋！澳洲科学家刚刚找到肥胖的终极原因！摸摸脑袋一切都懂了,,,,,,,,,丰腴美人或是200斤大胖子全凭自己决定
P0582,1030,朱珠一家三口在颐和园被偶遇，朱珠身材臃肿，引发争议,,,,,,,,,"据目击者透露,朱珠的老公 全程抱着孩子,非常贴心;而朱珠自己则身材臃肿,引起了不少争议"
P1010,1031,身材决定寿命？研究发现：活过80岁的老人，身材大多有两个特征,,,,,,,,,一、最新研究：长寿老人身材往往有两个特点 今年4月中，中疾控中心施小明、吕跃斌教授等人在《欧洲心脏杂志》上发表了一项研究，研究称高龄长寿老人中，体重指数较高、腰围较细的体型，死亡风险最低
P0438,1032,家长注意！儿童肥胖危害大，宜及早干预,,,,,,,,,5岁的离离是个小胖墩儿，爸爸妈妈看着他胖乎乎的样子，觉得特别可爱
P0188,1033,你是实胖or虚胖？,,,,,,,,,实胖虚胖怎么减
P0434,1034,宣布放弃生子！消失2年拼命造人，两度人工受孕全部失败！胖到身体出问题才后悔,,,,,,,,,蛮吃惊的，一是她现在发胖不少，二是她竟然在卖自己的品牌... 光听这个名字大家可能不太熟悉，宋新妮曾经出演过《命中注定我爱你》，在剧中 饰演陈乔恩的姐姐~ 而且她以前也算是《康熙来了》的常客，跟小s同样毕业于华冈艺校，曾经是“风云 学姐”呢
P0157,1035,久违现身!47岁赵薇发福 素颜显老眼睛水肿,,,,,,,,,赵薇一边走一边语音，看上去还是比较忙的，不过此时的赵薇似乎发福不少，整个人都变胖了，在路人镜头下，赵薇整个人变成了”短粗胖“
P0625,1036,汪峰带森林北在新疆过七夕，为她买珠宝男友力十足,,,,,,,,,"森林北穿着白色的职业装,一头标志性的长发戴着鸭舌帽,她的身材保持得不错,没有一点 发福的迹象"
P0375,1037,坚持这样吃，3个月后血压血脂“双降”！其他指标也好了,,,,,,,,,这个饮食方法，坚持3个月后血压血脂“双降” 2025年2月，天津医科大学的研究人员在《美国临床营养学杂志》上发表了一篇研究显示，降低心血管代谢疾病风险饮食模式（RCMDR），能有效降低我国血脂异常人群的心血管代谢风险，同时改善血脂、血压、腹部肥胖和循环同型半胱氨酸水平，对预防心血管代谢疾病具有重要意义
P0145,1038,中年因“发福”变“大妈”？网友：不同阶段不同美，别身材焦虑,,,,,,,,,中年因“发福”变“大妈”
P0136,1039,中国首个省级健康体重指导中心落地浙江杭州,,,,,,,,,33岁的程先生（化名）在候诊区等待就诊，身高170公分左右的他体重150斤，“我也没有什么基础疾病，就是最近明显长胖了，以前爬北高峰可以跑着上山，现在爬不到山顶就气喘吁吁，觉得体重增长后人也变得容易疲劳，所以想让医生在饮食、运动上给些意见
P0019,1040,33岁张含韵被骂“爆肥”！1.62米55公斤，本人晒秤自嘲“真的胖”,,,,,,,,,” 尤其刚出道的时候，她很怕自己一旦变胖，就会失去“少女感”，“我小的时候对美的概念，还是有一些偏差的
P0299,1041,原来华人来澳洲后，发胖都是因为它！澳洲家庭随处可见！,,,,,,,,,这些“土”携带的化学物质大部分都属于内分泌干扰素，可能会让人变得更胖
P0743,1042,热搜爆了！贾玲大波浪晚礼服惊艳网友！专家：贾玲减肥的案例普通人可以复刻,,,,,,,,,对此专家表示，易胖体质确实存在，通常与遗传有关，但有一部分人的肥胖缘于其生活方式，并非体质造成
P0347,1043,唐代以胖为美？从唐代服饰探究其真假,,,,,,,,,非“胖”之唯美，乃盛唐气象也 当然，“以胖为美”指的是唐朝女子的形象特征
P0342,1044,哈佛医学：早睡，能减轻大部分的“人间疾苦”,,,,,,,,,此外，2021年一项针对近137000名中老年人的研究表明，与晚上8点至晚上10点之间上床睡觉的人相比，晚上10点以后就寝会导致肥胖或腰围过大的风险增加20%，其中女性增加35英寸以上，男性增加40英寸以上
P0685,1045,澳洲专家建议“封杀”圣诞老人！说会教坏小孩！原因竟然是因为太胖？？？,,,,,,,,,他表示：有没有可能我们本身也没有那么胖乎乎的只是在衣服里面垫了好多层的护垫才看起来胖胖的
P0451,1046,小李子为爱减肥？恋爱后怒减小肚子，瘦出下颌线,,,,,,,,,《荒野猎人》拿下奥斯卡最佳男主角，莱昂纳多事业达到新高峰，更是肆无忌惮…颁奖季后，他被拍到度假时身材臃肿，啤酒肚明显
P0105,1047,不打烊的麦当劳 收留了午夜上海的秘密-,,,,,,,,,一个身体微胖、腹部凸起，四十岁出头的中年男人，熟练地拖动两把椅子到窗边，和被固定住的圆柱形凳子连成一排，双手抱胸，仰面朝天躺着，四把小椅子承受着他略显庞大的身躯
P0871,1048,【美女】对不起！男人眼中的微胖，长这样,,,,,,,,,关于男人们为什么喜欢微胖身材的女生
P0888,1049,肚子越大，脑子越小？肚子大可能“藏”着这些风险,,,,,,,,,然而，他们没有意识到，腰围日益增大，是一种危险的衰老信号
P0815,1050,研究指精子佳壽命多2.7年 無糖飲守護性福,,,,,,,,,医师建议地中海饮食护精，而罐装无糖饮免货物税三读通过，无糖饮有助按下变胖暂停键，控制糖分还是男性泌尿健康守护术
P1014,1051,这3 种早餐，提高免疫力少生病,,,,,,,,,白粥主要是碳水，营养单一，且饱腹感不 强，升糖快容易长胖
P0557,1052,日本贵族胖哥减肥逆袭成最帅校草，人生刚开挂却意外被捕！,,,,,,,,,原以为他就会这样在成为胖子的路上一条道走到黑
P0303,1053,发胖真有“分界线” 从这个年龄开始代谢急转直下,,,,,,,,,而女性随着年龄增长，雌激素水平也会下降，在更年期，雌激素还会出现明显下降，很容易导致腹部脂肪的堆积
P1039,1054,道家養生祛病延年(六),,,,,,,,,"在现今发达社会中,饮食营养充足供给,很多练功夫武术的人都有中年发福情形"
P0777,1055,男性“缩短”寿命行为排行榜公布,,,,,,,,,当体内气血不畅时，最明显的表现就 是发胖
P0937,1056,范冰冰受封拿督 获新大佬支持 进军海外市场,,,,,,,,,早年的范冰冰因为骨架大，没少被网友吐槽身材，但这次好像是真发福了
P0063,1057,G胖变G瘦后玩家担心其健康状况:他出事游戏业将巨变,,,,,,,,,知名游戏公司Valve的掌舵人Gabe Newell肥胖的体态给玩家们留下了极为深刻的印象
P0192,1058,侮辱or玩笑？华人也在用的“修图神器”引发争议，已紧急下架,,,,,,,,,“人们用它来嘲笑胖人，说这是‘激励自己少吃东西’的一种方式
P0918,1059,胖一点的老人和瘦一点的老人，谁更长寿？调查55万人后给出答案,,,,,,,,,很多中老年人一味追求瘦，但研究发现中老年人微胖体型更好，更健康
P0807,1060,研究发现，大脑神经元变形与中年肥胖有关,,,,,,,,,研究人员认为，这一发现将适用于人类，有朝一日可以帮助我们对抗自己的中年赘肉
P0991,1061,贾玲承认瘦身100斤，海报与近照胖若两人，袁弘曝训练量高达三倍,,,,,,,,,从胖胖的可爱女孩到减重100斤的拳击手，可想而知，这闭关修炼的一年贾玲得吃了 多少苦
P1044,1062,"郎朗夫妇现身火锅店吃饭,吉娜穿超短裙好似少女",,,,,,,,,只见郎朗那肚子，明显比以前圆润了好几圈，像是揣了个小西瓜，整个人胖出新高度，和舞台上那个意气风发的钢琴家相比，简直判若两人，不少人都直呼：“这真的是郎朗吗
P0430,1063,完蛋！澳洲科学家刚刚找到肥胖的终极原因！摸摸脑袋一切都懂了,,,,,,,,,这么多年，错怪了胖子们了...管不住嘴不怨他们
P0751,1064,爆改？美国小哥在欧洲胡吃海喝1年，反倒把啤酒肚吃没了，身材还越来越好,,,,,,,,,直接从啤酒肚大叔爆改健美肌肉熟男
P0797,1065,"知名港星现身任贤齐演唱会!体重飙升,肚大如球",,,,,,,,,始终胖不是问题，但是过度肥胖就会使身体出现问题，因此大家都非常关心林雪的健康状况
P0697,1066,澳洲女胖子千辛万苦减肥，还没来得及看到自己瘦的样子，就死了！,,,,,,,,,眼看着怎么也减不下去的肥肉，再看看身边病态超重的兄弟姐妹
P0194,1067,"俄男子模仿小李子走红,在发福后失业,已自愿去前线",,,,,,,,,事实上，画面中那位系着领结坐在餐桌旁的男士，是一位俄罗斯人，名叫罗曼·布尔采夫 (Roman Burtsev），而有关他的经历在当地时间10月6日也引发了英国报纸的关注…… 从对比照片看，现年41岁的布尔采夫还真是有些“撞脸”现年49岁的小李子，只不过脸部过于圆润了
P0299,1068,原来华人来澳洲后，发胖都是因为它！澳洲家庭随处可见！,,,,,,,,,“吃土”居然会变得更胖
P0751,1069,爆改？美国小哥在欧洲胡吃海喝1年，反倒把啤酒肚吃没了，身材还越来越好,,,,,,,,,据戴夫透露，此前他一直住在美国内华达州的里诺，当时啤酒肚超级明显
P0021,1070,"38岁凤姐现身美国坐公交,身材臃肿发福内裤外露",,,,,,,,,不少网友们都表示凤姐在美国的生活还是不错的，看身材就知道了，应该也是习惯了美国的饮食文化，毕竟美国胖子人数持续飙升，凤姐就是融入了这个氛围吧
P0603,1071,榮升人妻後首亮相 吳千語食物中毒狂嘔被誤有喜,,,,,,,,,之前盛传她怀孕双喜临门，吴千语解释只是身形比以前肥胖，注册当日狂呕亦引来亲友误会她有喜，她否认怀孕，「食物中毒后5日都没吃东西，所以瘦了，肚腩消失，现在应该没人再怀疑我有BB」
P0883,1072,《老情歌》吕方暴肥模样曝光 「胖到看不见脖子」身材大走钟,,,,,,,,,而下巴线条消失，被说夸张到连脖子都看不见
P0574,1073,最新研究：长胖真的会让人变傻！,,,,,,,,,但是，当下国人的饮食普遍高油高盐高糖，同时久坐少动，多余能量无处消耗，便以脂肪的形式堆积起来，尤其囤积在内脏，让腰围慢慢变大、体重超标，诱发体内的低度慢性炎症，引发代谢综合征等疾病
P1009,1074,身材决定寿命？研究发现：大腿粗、屁股大的人，可能更长寿,,,,,,,,,关于肚子大的危害上文已经提到了，而脖子粗的人体内血脂异常的可能性很大，这类人群罹患高血压、心脏病、脑溢血的风险更大
P0079,1075,USANA优莎纳蛋白营养粉——甩掉游泳圈，赢回人生C位,,,,,,,,,那些“啤酒肚”“游泳圈”，可不是健康的象征，脂肪堆积在腰腹，照样增加疾病风险
P0084,1076,"一个不吃晚饭的人,是怎样养成「易胖体质」的?",,,,,,,,,尽量把油炸食品从餐桌上挪开，它们是“坏”脂肪重灾区，易加重肠胃负担，导致热量摄入过多，增加发胖风险
P0108,1077,不是错觉：过了这个年纪，长胖真的更容易,,,,,,,,,为什么年纪大了容易长胖
P1029,1078,追求长寿第一步：把自己吃胖一丢丢,,,,,,,,,最近的一项研究发现，按照目前标准下， 微胖的身体，或许才是长寿之道
P0873,1079,​美女微胖妹子腿粗到爆，却俘获几十万直男，网友：这身材致命,,,,,,,,,Grace Kim 韩国微胖界中的翘楚 区别于其他网红的丰腴美 让她在Ins上吸引了超40万的粉丝 虽然体重高达130斤 身上却没有一丝多余的赘肉 前凸后翘的沙漏身材让人挪不开眼 身高168cm的她比例绝佳 一张软萌萝莉脸下 是丰腴迷人的御姐身材 以及饱满圆润的蜜桃臀 让女生羡慕、让男生垂涎 然而，几年前的Grace 却深深地为了自己的身材所苦恼 不同于街上随处可见的纤细身材 略显丰腴的她显得有些格格不入 面对他人的眼光 她试着用过极端的节食方式 让体重下降了三十斤 身形变得纤瘦许多的她 每天却过得并不快乐 渐渐地Grace开始思考 和自己的健康和开心相比 他人的眼光真的有那么重要吗
P0013,1080,24岁中国妹子火上外媒！工作1年长胖40斤，她一怒之下辞职，前后转变惊呆网友...,,,,,,,,,而且，还是“越忙越胖”
P0441,1081,对比41岁贾玲和沈腾老婆后，才发现压力胖和幸福肥的差距一目了然,,,,,,,,,只是，看了同样都是41岁的贾玲和王琦的照片对比后，才发现原来压力胖和幸福肥 也是有区别的，而且差距是这样明显
P0176,1082,伊能靜巴黎狂吃甜點稱發福了,,,,,,,,,对此，她透露，近来有粉丝问她「最近是不是变胖了」，她则笑回「你们眼力真好」
P0126,1083,中国人真的，越来越胖了,,,,,,,,,不幸的是，近些年来中国人的腰围也越来越粗了
P0250,1084,减肥不吃主食？医生：或导致大脑功能衰退,,,,,,,,,在我们的日常饮食中米、面这些主食是必不可少的，“主食吃太多是变胖、导致糖尿病的元凶”这种说法最近越来越多
P0306,1085,只因对亚裔脸盲？华裔男子被捕误当毒贩 控警索偿2000万！,,,,,,,,,警方误将陈旭本人与该凯迪拉克车主等同，尽管驾驶者为另一名体型矮胖的亚裔男子
P0932,1086,"英国最胖的人:体重890斤创世界纪录,成功减重‘三个贾玲’!被美国女子求爱追到英国…",,,,,,,,,在他身上究竟发生了什么，才会让他变成一个过度肥胖的人呢
P0785,1087,癌細胞最愛吃「它」斷糖飲食抗老防癌,,,,,,,,,"因一旦肚子非常饿时,就会立刻破功,开始暴饮暴食:就算体重真的减轻,不久后又会立刻复胖,甚至变得比之前更 胖·真正的减肥,不是减轻体重,而是减少「体脂肪」"
P0557,1088,日本贵族胖哥减肥逆袭成最帅校草，人生刚开挂却意外被捕！,,,,,,,,,系洲朝贵也第一次嫌弃起变胖的自己来，决心一定要减肥
P0568,1089,"最严重的青少年肥胖爆发:中国胖娃3000万,速度罕见",,,,,,,,,” 对于孩子们开始发胖的时间
P0419,1090,姚明女儿又胖了!14岁身高190体重近190斤,,,,,,,,,看到姚沁蕾小小年纪就长得这么强壮，不少网友开始担忧起了她的未来
P0383,1091,多位明星自曝身体出状况 有人吃素有人暴瘦,,,,,,,,,屋漏偏逢连夜雨，本就瘦弱的孟子义还遇上了食物中毒和扁桃体囊肿，更加影响热量摄入——瞅一眼孟子义最新活动生图，一整个瘦到变形，赶紧长点肉吧孟姐
P0916,1092,肿瘤患者到底“胖点好”还是“瘦点好”？营养师表示,,,,,,,,,从营养科医生的角度来看，肿瘤患者到底胖点好还是瘦点好，还应该具体问题具体分析： 1.如果您近期的体重出现明显降低（如1个月体重丢失＞5%），或者因疾病、治疗等问题导致进食困难 那么就应该通过多种方式增加营养摄入（如口服营养补充或管饲营养），尽可能延缓体重下降甚至适当增加体重，避免出现消瘦、肌肉衰减等症状
P0169,1093,什么时候才能停止对马思纯身材的审视？,,,,,,,,,大家看到的并不是她的演技有多好，而是她略显变胖的身材
P0890,1094,肥肉长在哪里最危险？50岁后脂肪长在这个部位或更易老年痴呆！,,,,,,,,,肥肉长在哪里与老年痴呆（阿尔茨海默病）有关系吗
P0657,1095,潘帅变潘叔？44岁潘玮柏中年发福不敢认，胖至200斤老10岁，网友：快减肥,,,,,,,,,潘玮柏身高174，在娱乐圈里是出了名的易胖体质
P0192,1096,侮辱or玩笑？华人也在用的“修图神器”引发争议，已紧急下架,,,,,,,,,“曾经人们试图拥抱大体型、打破‘瘦＝健康’、‘胖＝疾病’的等式，但现在很多人又开始大肆宣称‘胖人就是不健康’
P0625,1097,汪峰带森林北在新疆过七夕，为她买珠宝男友力十足,,,,,,,,,"汪峰穿着黑色的休闲T恤,戴着黑色口罩和帽子,身材发福了也许这就是幸福肥,和森林北 走到哪儿都像连体婴儿一样,手牵手有说有笑"
P0551,1098,日本人为什么吃不胖？这些原因，我到了日本之后，才知道,,,,,,,,,当然也不排除，日本街头也会有一些身材肥满的人，但是从整体而言，日本的瘦人还是比较多的，有一些原因可以解释这一现象
P0169,1099,什么时候才能停止对马思纯身材的审视？,,,,,,,,,就连罗马神话中，象征爱与美的女神维纳斯也是有小肚子的
P0136,1100,中国首个省级健康体重指导中心落地浙江杭州,,,,,,,,,周先生身高176公分，体重190斤，“我不熬夜，也不吃宵夜，但是喜欢碳水，又是易胖体质，自己也试过减重，没什么效果，所以希望医生能给一些科学指导
P0028,1101,44岁女星回应“胖若两人”：焦虑症吃药导致,,,,,,,,,网友评论不少网友表示，姐姐开心就好，身体健康最重要，胖的时候有一种珠圆玉润的美
P0024,1102,"41岁发福松弛的蒋欣,打脸了多少“假冻龄”女神",,,,,,,,,要知道，蒋欣虽然是女明星也是标准的美人，但毕竟如今她也已经41岁了，在年过40岁的年龄，发福和有皱纹都是再正常不过的事 情，虽然说“外型管理”也是女明星的工作之一，但比起过度注重外型，把自己弄成“假冻龄”女神的女星，蒋欣自然衰老的状态才是 正常的吧
P1063,1103,重马胖女孩”意外出圈 曾是8块腹肌“追风少女”,,,,,,,,,”还有网友透露：“人家9年前全马3个半小时完赛，后来产后才发胖
P1009,1104,身材决定寿命？研究发现：大腿粗、屁股大的人，可能更长寿,,,,,,,,,也就是说，“细腰肥臀”意味着患代谢相关慢性病的风险较低，寿命更长
P0435,1105,宣扬饮食失调 女网红遭封号 辩称让美国摆脱肥胖,,,,,,,,,” 显然，这也是她的焦虑症状导致的，那些不苗条的人都被她视而不见了
P0621,1106,比伯空降来表演 全场疯狂!结果却是个假的,,,,,,,,,“天啊，比伯发完新专辑后，胖了好多
P0770,1107,生活養生小妙招,,,,,,,,,"此方暖身、活血祛湿,对于减掉因脾胃虚寒所引起的腹型肥胖有效,并能帮助女性调节月经,缓解 痛经"
P0271,1108,别再嘲沈腾老婆胖了，这5位男星都娶了“胖老婆”，却个个很宠妻,,,,,,,,,在外界嘲笑贺聪“又丑又胖”的时候，葛优也会维护妻子
P0372,1109,在澳洲，你的身材可能决定了你的阶级！,,,,,,,,,也有的十分肥胖，喜爱快餐
P0626,1110,"汪峰接女儿,身材发福!8岁醒醒走路带风神似章子怡",,,,,,,,,汪峰此次露面整个人胖了好几圈，尤其是腰围部分凸出明显，甚至用“虎背熊腰”来形容也一点不为过
P0115,1111,世界最胖男人一辈子被肥胖困扰，多次减肥失败，曾经抑郁自杀，如今只想好好活下去…,,,,,,,,,如今，他的体重回到了巅峰时期的一半，228公斤左右，如今60多岁的他也没能再离开超宽电动轮椅生活，他表示自己无法走路了，但他不会放弃享受生活： “一位医生曾经告诉我，能活到40岁就算幸运了，而现在我几乎已经退休了
P0394,1112,大叔因跟好莱坞明星莱昂纳多惊人相似意外走红！近期却不幸失业因为，发福了...,,,,,,,,,更糟的是随着运动量的减少+年纪上来了，罗曼大叔渐渐...发福了...因为身材走形严重，现在再说他长的像小李子已经没人信了
P0126,1113,中国人真的，越来越胖了,,,,,,,,,不止你一个人在长胖，全世界都在发胖
P0110,1114,不给饭吃，虐待，拼死训练，澳洲芭蕾少女 骨瘦如柴仅27 公斤，她却恳求释放父母,,,,,,,,,而且舞蹈学校的女孩们都太胖 了，这才把女儿衬托成瘦子
P0239,1115,关晓彤最新状态惹争议:发福脸肿 年龄感尽显,,,,,,,,,上肢还是很壮，坐下来的时候，更给人一种臃肿的感觉，甚至有网友觉得她有些 孕态，怀疑她是不是怀孕了
P0657,1116,潘帅变潘叔？44岁潘玮柏中年发福不敢认，胖至200斤老10岁，网友：快减肥,,,,,,,,,而且粉丝也不惜自曝偶像其短，你发一张，我晒一张，力证潘帅变成了“蟠桃”
P0126,1117,中国人真的，越来越胖了,,,,,,,,,在中国，是谁在变胖 如果按照中国BMI分类标准，中国肥胖的人数世界第一[12]
P0303,1118,发胖真有“分界线” 从这个年龄开始代谢急转直下,,,,,,,,,不得不说，发胖还真有“年龄分界线”
P0459,1119,巨石强森变“鹅卵石”:大肌霸的诸神黄昏,,,,,,,,,良子仰卧起坐：杀年猪 甚至如今在全球范围内都刮起了“大胃袋风潮”，顶着一个巨型肚子就能吸引眼球，相比练肌肉，变胖还是太容易了，吃就完事了
P0477,1120,【微声音】打工人“自救”指南：如何花式去班味儿？,,,,,,,,,有网友分享，班味的表现还表现在“上班丑”和“上班臭”：前者指上班后由于精神压力大、休息不足等原因，懒于打扮、不修边幅或身体发生变胖、脱发、体态改变、面色难看等改变
P0108,1121,不是错觉：过了这个年纪，长胖真的更容易,,,,,,,,,而女性随着年龄增长，雌激素水平也会下降，在更年期，雌激素还会出现明显下降，很容易导致腹部脂肪的堆积
P0383,1122,多位明星自曝身体出状况 有人吃素有人暴瘦,,,,,,,,,网友讨论起李雪琴的情况，一方面觉得常年较胖的人突然瘦了，就一定需要注意健康情况，一方面指出胃是情绪器官，现代人除了关注生理健康，也要关注心理健康——大家说的都好有道理，听劝
P0601,1123,“梨形身材是基因彩票”上热搜，网友：谢谢，有被安慰到,,,,,,,,,苹果形（O形）身材 特点：此类身材者腰腹部脂肪较多，腰围较粗，腰线不明显
P0058,1124,"BBC揭开全球最不健康的饮食方式, 华人爱吃的这个竟容易致病!",,,,,,,,,但是，现在的大米多是精细白米和精细白面，这样的米饭血糖生成快，营养也少，很容易胖，更不适合糖尿病人食用
P0629,1125,"没想到!如果胖得「稳定」,其实是一种长寿优势",,,,,,,,,之所以超重且腰细的人群死亡风险低，是因为这部分人没有腹型肥胖，代谢疾病风险低
P0867,1126,【美女】35岁翘臀姐姐，竟泡走26岁小鲜肉，这“水蜜桃“身材我沦陷了...,,,,,,,,,经历发胖＋抑郁的她，迎来的不是老公的安慰和鼓励，而是各种嫌弃和嘲讽
P0410,1127,"女神?:刘亦菲发福,杨幂脸垮,林志玲僵硬,娄艺潇科技",,,,,,,,,不过从现场生图来看，刘亦菲的下巴上的确有些赘肉，颈纹也清晰可见，让人不由感叹：天仙也是会老的
P1074,1128,關曉彤胖成27歲少婦 網友辣評,,,,,,,,,手臂上的肉，腰线消失不见，整个身形看起来有点「虎背熊腰」
P0406,1129,奇葩！就因男友喜欢胖子！澳洲美女模特增肥至357斤！网友们都替她急死了！,,,,,,,,,我可能还会继续增肥，因为我在遇见他之前就喜欢吃东西
P0631,1130,“油腻仔”变“小鲜肉”，黄晓明的瘦身秘诀，普通人可以照搬吗？,,,,,,,,,前不久瘦身成功的黄晓明在社交平台大秀好身材，从被群嘲的“土味油腻霸道总裁”逆袭成“肌肉型男”，这波颜值回春直接让全网沸腾
P0763,1131,王诗龄晒泳装照，身材迷人，才14岁就又美又有气质！,,,,,,,,,网友纷纷留言：“在爱里长大的孩子就是自信就是美，爸爸去哪了那个胖嘟嘟可爱的Angela长成大闺女了，真的是越来越漂亮了，李湘好厉害，把王诗龄教育的好棒好优秀，” 然而，一些网友也对她的这番举动提出了质疑
P0924,1132,脂肪肝泛滥背后，是中国人的代谢危机,,,,,,,,,肌少症性肥胖，也可能外形看起来“正常”
P0871,1133,【美女】对不起！男人眼中的微胖，长这样,,,,,,,,,满满的肉感犹如棉花糖一样柔软，让人忍不住想捏一捏
P0627,1134,沈腾一家现身海南 妻子王琦发福 6岁儿子白胖,,,,,,,,,从小狮子长相来看，浑身肉嘟嘟的他五官很像妈妈王琦，还有网友说像姥爷，很可爱
P0126,1135,中国人真的，越来越胖了,,,,,,,,,如今中国不止成年人在长胖，小孩子也在长胖
P0453,1136,少女成長的轉折點,,,,,,,,,"例如:与肥胖有密切关系的多囊性卵巢症,患者约有35%至60%有肥胖的情形,而且几乎是腹围超胖,这类病人因为长期不排卵,所以会造成月经不规则"
P1009,1137,身材决定寿命？研究发现：大腿粗、屁股大的人，可能更长寿,,,,,,,,,最新研究发现，腰围越大的人罹患痴呆症的风险也越高
P0430,1138,完蛋！澳洲科学家刚刚找到肥胖的终极原因！摸摸脑袋一切都懂了,,,,,,,,,目前，这项惊人的研究因为发现重大，前景广阔，已经受到了国家的大力辅助支持，一旦真的实现，我天，真的，胖子要从这世界上绝迹了
P0258,1139,减重季｜北京大学与USANA合作研究：纤维粉与代餐对健康的促进作用,,,,,,,,,如果身体在悄然发胖，说明身体开始走下坡路了
P0036,1140,52岁港星陈慧珊现身大学，皮肤松垮身材发福似大妈，被指面带苦相,,,,,,,,,皮肤松垮身材发福似大妈 但不得不说现在的陈慧珊，身材和外貌上与电视剧的时候，有着很明显的差距，因为现在的她皮肤松垮身材发福似大妈，不过这也不能怨大家这么想，因为当天陈慧珊所选择的衣服就非常显胖
P1074,1141,關曉彤胖成27歲少婦 網友辣評,,,,,,,,,这不，网友们马上就炸开锅了，有的评论称她是“生完孩子的样子”，甚至有的调侃：“是生完了吧
P0514,1142,打死也不回国！网红鼻祖“凤姐”逃往美国十余年，如今胖得不敢认！坦言：美国梦难做,,,,,,,,,此外，凤姐似乎长胖了不少，和以前的形象相比变化很大
P0311,1143,台湾歌手千百惠突然去世，经纪人透露死因，最后露面晒大陆身份证,,,,,,,,,千百惠在2003年于北京定居后复出歌坛，晚年在成都定居，同时开通了个人社交账号，最后一次拍视频是在6月24日，当时千百惠自曝戴上了假发，身材胖胖的看起来好健康，还说自己是持有大陆身份证的人，同时晒出身份证和机票
P0121,1144,东契奇瘦成闪电！耻辱1-4出局逼260斤胖子减肥，少赚1.2亿真急了,,,,,,,,,上赛季他是整个湖人队体重最重的人，甚至比詹姆斯都还重了30斤，但是现在在看他和球迷们的合影，东契奇身材壮硕，没有任何的赘肉，休赛期的身材管理做的也很好，真的瘦了很多
P0888,1145,肚子越大，脑子越小？肚子大可能“藏”着这些风险,,,,,,,,,腹部脂肪多，肠蠕动减缓，致癌物质与 肠壁的接触时间延长，很容易增加肠癌风险
P1009,1146,身材决定寿命？研究发现：大腿粗、屁股大的人，可能更长寿,,,,,,,,,“苹果型”肥胖的人群，往往有四肢纤细但肚子大的特点
P1070,1147,长期不运动，身体会发生哪些变化？人生变好，从坚持运动开始！,,,,,,,,,尤其腰腹部属于人体的内脏分布区，为了保护身体的重要器官，脂肪会优先在腰腹部堆积，因此长胖多是从腰变粗、肚子变大开始的
P0909,1148,肥胖症患者的福音，这种药目前已在澳洲上市，赶快来看,,,,,,,,,在澳大利亚，80% 的肥胖青少年在成年后仍然肥胖，大约 70% 的青少年在 30 岁以后仍然肥胖
P0016,1149,29年前泳装照出土羞喊：太胖！贾静雯「浪姐」激瘦回国小体重,,,,,,,,,贾静雯日前被天心曝29年前泳装照，而她穿的款式有如小洋装，是最保守的一个，7日出席家扶基金会公益 活动，坦言以前「很胖、没自信」，根本不敢穿火辣泳装
P0698,1150,澳洲如此“划分阶层”：你的身材竟然决定了你的阶级！,,,,,,,,,与中上层阶级和中产阶级相比，中下阶层的肥胖者是前者的四倍
P0235,1151,全红婵遭网暴：新华字典都不会查！回农村老家吧,,,,,,,,,9月13日，她正式进入暨南大学，成为一名大学生，不过因为明显变胖、变壮，也遭到不少质疑，甚至有网友认为她可能处于半退役的状态，未来能否再次参加奥运会，也是未知数
P0951,1152,被质疑“体重反弹”，贾玲最新机场生图流出，网友傻眼：我快认不出她了！,,,,,,,,,可当看到过去那个胖胖的贾玲与现在瘦身的她同框时，不免让人有些心酸
P0920,1153,"胖子终于有救了! 澳洲药房推神奇黑科技! 做个简单小测试, 肉就没了...",,,,,,,,,#02： 变胖是基因决定的， 这个基因可以改变
P0770,1154,生活養生小妙招,,,,,,,,,"肚脐上放一物能活血去湿,减掉肚腩上的赘肉"
P0885,1155,职场有毒！24岁华人妹子上班1年增重40斤！辞职后的变化震惊全球网友…,,,,,,,,,同时，身在职场内就避免不了接触压抑的上班环境，身体就会持续摄入高油、高盐的食物，吃别的不香啊，身材就会持续发福，想减肥都减不下来，或是减下来了终会反弹
P0758,1156,狂吃不胖还减肥 减肥疫苗来了?美国人狂喜:快上市,,,,,,,,,研究人员表示，我们的日常饮食中，比如加工肉类，含糖的饮料，精致的谷物等都可能会让身体发炎，而炎症再加上过量的卡路里摄入，会使身体的皮质醇提高，从而促进脂肪增生，让人发胖
P0426,1157,孩子胖胖的，是好事吗？,,,,,,,,,很多家长都认为把孩子养得白白胖胖的是一件好事儿，看起来不仅萌，还跟年画娃娃一样有“福气”
P0568,1158,"最严重的青少年肥胖爆发:中国胖娃3000万,速度罕见",,,,,,,,,2018年，鲍秀兰医生在科普文中引用了一个浙江的4岁小胖墩在睡梦中去世的案例：孩子才4岁7个月，“腰围已经达到了95公分， BMI指数超过35”，父母带孩子去浙大儿科医院就诊，等待检查结果期间，孩子在宾馆没有了呼吸
P0042,1159,"60岁水均益现身加拿大,身材发福,大腹便便遭嘲笑",,,,,,,,,不过，能够很明显看出他与肚大如萝，许多网友看到他的近照，都忍不住发出感慨
P0321,1160,吃播鼻祖减肥200斤轰动全网：攒了两年的假视频骗过所有网友，只为整个大活？？！,,,,,,,,,但坏处是，短短几个月他就长出了双下巴和肚腩，体重足足上涨了50斤……（鳄梨开始发胖了）粉丝们提醒他注意身体，但鳄梨的选择却是，继续吃…… 多人份的炸鸡甜品：十几袋的方便面加芝士：作死挑战十几桶鬼椒面：毫无节制的结果就是，他的身材在短短几年里像吹气球一样迅速膨胀，等回过神来，已经变成了360多斤的超胖人士
P0321,1161,吃播鼻祖减肥200斤轰动全网：攒了两年的假视频骗过所有网友，只为整个大活？？！,,,,,,,,,（鳄梨和男友都变成了胖子）不仅如此，他们还经常面对镜头互殴、拿食物对打、给彼此强行喂食、搞身材羞辱……（拿食物互殴）要么就是互相威胁，玩分分合合，也不知道是真的还是剧本……（两人边吃边哭）两个人越“演”越抓马，与此同时，鳄梨的精神状况似乎也出现了问题，他依旧动不动就痛哭尖叫，有次边哭还边把头发剃光了
P1088,1162,陶洛诵：有情有义 有血有肉（连载一）,,,,,,,,,杨鸥中等个子，胖胖的，脸色红润，大眼睛单眼皮，说话声音很大很粗，语速很快
P0581,1163,服药发胖曾被催减肥 阿杜：自己舒服就好,,,,,,,,,阿杜在访问中透露自己瘦了，但也坦言自己曾经一度因病吃药而发胖，“我本来很瘦，但中间一度胖起来，因吃类固醇，就变成胖，有人问我为什么不减肥，我没有管，主要让自己舒服为主线
P1068,1164,"长在这两个部位的脂肪,其实是一种优势",,,,,,,,,北京大学第一医院内分泌内科主任医师袁振芳表示，在腰围正常的情况下，如果臀部或腿部脂肪多，往往更健康
P1093,1165,霍思燕胖一圈遭疑怀二胎 「腹部隆起」画面网疯传,,,,,,,,,而有眼尖网友发现，霍思燕身材似乎有些富态、小腹微微凸 起
P1059,1166,“重”视体重，“轻”松生活：肥胖问题我们说清楚,,,,,,,,,✅答：有些家长误以为“胖孩子就是营养好”，但儿童青少年肥胖很可能会持续到成年，并带来高血压、糖代谢异常、心理问题等风险
P0514,1167,打死也不回国！网红鼻祖“凤姐”逃往美国十余年，如今胖得不敢认！坦言：美国梦难做,,,,,,,,,6 最近在公园被偶遇，胖得认不出了 实际上，凤姐的外表一直都很有特点，基本上只要见过一次就很难忘记
P0373,1168,在澳洲，胖是可以被原谅的！,,,,,,,,,变胖并不是我们的错
P0014,1169,24岁大胃王胖到去世！狂吃成600斤“肉山”-,,,,,,,,,帖子发于2月，仔细看，那时候Kultur的状态就已经相当不妙了，面部通红，上半身皮肉全是肥胖纹…… （Kultur上半身皮肤已经裂开） 他离世的消息在土耳其引发热议，网友们深表遗憾，同时怒斥畸形的吃播文化： “多么悲哀且缓慢的自杀方式啊
P0159,1170,"乐基儿出席时尚活动:腹肌好美,42岁越胖越有幸福感",,,,,,,,,当时乐基儿显胖，脸上的婴儿肥也是超级明显
P1095,1171,面相变了!贾玲最新露面 体重竟反弹回归原状,,,,,,,,,她和沈腾齐名，是喜剧界的宠儿，连续 8 次登上春晚的舞台，为无数观众送去了欢乐，那时候的她，就是大家心中典型的 “胖演员” 形象，深受大家喜爱
P0163,1172,亚洲首富之子为结婚，18个月减肥216斤，婚礼还没办，又胖回去了,,,,,,,,,论文作者米雷耶·塞利博士表示，他们对此感到很吃惊，因为他们预计摄入食物后大脑会做出不同的应答反 应，但没有想到胖人的大脑竟然是没有反应
P0347,1173,唐代以胖为美？从唐代服饰探究其真假,,,,,,,,,可见，其实唐朝的女子不一定要胖才好看，她们也不是刻意地去追求“变胖”来变“美”
P0473,1174,徐静蕾定居美国气质大变 身材发福 胖出双下巴,,,,,,,,,值得一提的是，照片中的徐静蕾显然已经发福，双下巴清晰可见，肤色也并不白皙，甚至露齿笑时，牙齿看起来黄黄的，只看下半张脸 是已经认不出的程度了
P0410,1175,"女神?:刘亦菲发福,杨幂脸垮,林志玲僵硬,娄艺潇科技",,,,,,,,,不仅如此，林志玲现在也有双下巴了，下颌线没有以前那么紧致无瑕了
P1075,1176,防止肥胖，要像猪一样吃饭,,,,,,,,,猪猪的减肥经验总结 猪猪带给我们的减肥启示，总结如下： ① 不用上班按照身体的生理节律进食，不容易发胖
P0429,1177,"宋祖儿身材发福眼袋抢镜:被嘲星味全无,还不如素人",,,,,,,,,待业在家的宋祖儿似乎过得不错，脸部明显发胖发肿，笑起来像是一个弥勒佛，格外“慈祥”
P0728,1178,澳洲芭蕾少女骨瘦如柴仅27公斤！父母不给饭吃拼死训她，被捕后狡辩：女儿自愿的！,,,,,,,,,而且舞蹈学校的女孩们都太胖了，这才把小Q衬托成瘦子
P0927,1179,腹部、大腿還是手臂?,,,,,,,,,"另外,手臂过胖还可能意味著椎骨骨质较差,将来脊椎骨折的风险增加"
P0699,1180,澳洲婴儿食品“爆雷”！超75%不达标最新研究数据令人担忧,,,,,,,,,简单来讲，就是会长胖
P0028,1181,44岁女星回应“胖若两人”：焦虑症吃药导致,,,,,,,,,照片中，略显富态的她与此前曾经骨瘦如柴、出场自带风的“岩女郎”判若两人，引发热议
P0816,1182,研究显示:面包燕麦酸奶...长期吃这类食物会变胖还变傻,,,,,,,,,糖份为什么会让人如此容易变胖呢
P0565,1183,曝光温哥华超市打折内幕！这些天天打折的食品，有陷阱千万别买！,,,,,,,,,呵呵，对于料姐我这种手摇饮料爱好者来说，什么糖税苏打税的，分明就是看不起我们肥宅，变相征收“肥胖税”来剥夺我们唯一的爱好，明明奶茶也是很健康的好不好
P0697,1184,澳洲女胖子千辛万苦减肥，还没来得及看到自己瘦的样子，就死了！,,,,,,,,,姑娘们，只要不是过度肥胖，麻秆有麻秆的美，丰腴有丰腴的美
P0274,1185,"别超重!体重如果达到这个数,等于大脑早衰了12年",,,,,,,,,10年后，41%“健康的胖人”出现了健康问题，20年后这一数字变成了51%
P0271,1186,别再嘲沈腾老婆胖了，这5位男星都娶了“胖老婆”，却个个很宠妻,,,,,,,,,可见，沈腾对妻子的宠爱，难怪网友说王琦是“心宽体胖”
P0578,1187,"最美港姐复出:生病后胖成200斤,模样大变仍需服药",,,,,,,,,47岁香港女星李珊珊被评为“最美港姐”，昔日身材性感火辣的她，因多病缠身变成了200斤的大胖子，她近日宣布正式复出，坦言 要“重投社会，是更生人士
P0645,1188,清华学霸杀妻案又开庭！拖了359天还没初审，凶手却养得白白胖胖…,,,,,,,,,据在场记者报道，经过半年牢狱生活，陈立人明显发福了
P0927,1189,腹部、大腿還是手臂?,,,,,,,,,"如果男性超过0.9、女性超过0.85,就代表腰腹脂肪过多"
P1095,1190,面相变了!贾玲最新露面 体重竟反弹回归原状,,,,,,,,,面对外界的好奇，贾玲倒是坦然回应，称自己确实又胖回来了，还打趣说有了这样的反弹，多弹弹原来的玲儿不就又回来了嘛
P0871,1191,【美女】对不起！男人眼中的微胖，长这样,,,,,,,,,） 12:@Juasicko 日常做做减脂、增增肌肉，做一个不一样的胖女孩
P0387,1192,多囊卵巢綜合症影響深遠 不只健康更影響外觀生育,,,,,,,,,肥胖：特别是腹部肥胖，这与胰岛素抵抗有关
P0697,1193,澳洲女胖子千辛万苦减肥，还没来得及看到自己瘦的样子，就死了！,,,,,,,,,但是，如果你不是过度肥胖，甚至喝凉水都胖，运动都还胖，还是谨慎考虑减肥手术
P0063,1194,G胖变G瘦后玩家担心其健康状况:他出事游戏业将巨变,,,,,,,,,Gabe Newell肥胖的身材也引发了玩家们对其健康状况的担忧
P0004,1195,3类人的肝脏属于“易胖体质”，肝癌风险也在升高,,,,,,,,,脂肪堆在肚子上，不仅影响身材，还可能附赠一个“脂肪肝”
P0979,1196,【读者投稿】走去走来 -,,,,,,,,,一位中年人，壮如山，像富翁那样挺着大肚子，步子夯一般沉重，步伐六亲不认
P0657,1197,潘帅变潘叔？44岁潘玮柏中年发福不敢认，胖至200斤老10岁，网友：快减肥,,,,,,,,,他的脖子去哪里了呢
P0658,1198,潘玮柏大走钟「胖到看不见脖子」 网笑：应该改名叫「潘玮厚」,,,,,,,,,近来他在大陆展 开巡回演唱会，不料却因为身材走样意外引发热议
P0924,1199,脂肪肝泛滥背后，是中国人的代谢危机,,,,,,,,,根据脂肪在体内的分布位置，肥胖可以分为全身型肥胖和中心型肥胖，后者也称为腹型肥胖
P0345,1200,哪种体型的人更长寿？研究发现：这个部位“细”点好！,,,,,,,,,④ 2. 动：控制腰围，每天至少运动半小时 有话叫“肥胖不可怕，就怕胖在肚子上
P0430,1201,完蛋！澳洲科学家刚刚找到肥胖的终极原因！摸摸脑袋一切都懂了,,,,,,,,,错误减肥越减越胖，还越减越心塞，一场无用功
P0205,1202,【健康知识】胖哪儿都不能胖这里！,,,,,,,,,是不是胖肚子，测量一下就知道
P1094,1203,青少年减重别盲目：“饿瘦”不可取，“养瘦”才科学！,,,,,,,,,肥胖不仅仅是“长得圆”👇 ❤️ 心血管：血压、血脂异常风险高
P0278,1204,"北京这一夜:董璇苍老刘涛霸气,倪妮裙摆太大胆",,,,,,,,,这次刘涛的生图还是相当不错的，虽说姐姐身材似乎有些发福，腰臀比已经不算绝佳了，可面部状态如神
P0960,1205,許光漢飛韓國頂零下21度拍攝 自嘲吃澱粉有點變胖,,,,,,,,,许光汉分享日前到韩国拍「无路可走：轮盘赌」在零下21度低温拍摄，这趟也因吃多淀粉而变胖
P0239,1206,关晓彤最新状态惹争议:发福脸肿 年龄感尽显,,,,,,,,,关晓彤在节目上的打扮偏向运动风格，整体风格非常休闲，但却暴露了她的脸部状态，发福很明显
P0019,1207,33岁张含韵被骂“爆肥”！1.62米55公斤，本人晒秤自嘲“真的胖”,,,,,,,,,跟参加《浪姐》时的她相比，简直“胖若两人”
P0406,1208,奇葩！就因男友喜欢胖子！澳洲美女模特增肥至357斤！网友们都替她急死了！,,,,,,,,,如果你是故意把自己弄成这么胖的那么就没资格用医保 浪费纳税人的钱，不过对于网友的评论，罗西和杰夫则表示：，我们没有伤害别人 只是生活方式和选择的不同罢了，对此，你怎么看呢
P0055,1209,2025体重新标准公布！100斤都算超重？,,,,,,,,,我左思右想，都怪它们 其实很多时候你看上去比实际的体重胖，都不是真的长胖了，而是肿，然后整个人状态不好导致的
P0407,1210,女大学生怀胎7月被当肾病医治后身亡，当地卫健委介入调查,,,,,,,,,夫妻俩发现，平时消瘦的女儿胖了不少，干家务时还有些气喘
P0060,1211,BMI無肥胖少女高血脂 醫：有家族遺傳飲食要忌口,,,,,,,,,苏𫐄说，青少年高血脂通常没有明显症状，大多是透过健康检查发现，家有胖小孩，大人会有警觉，值得注意的是，体态正常的孩子容易被轻忽，但有些青少年血脂肪异常确实会找上这群孩子，小宜就属於单看体型无异状，BMI值正常，只是稍微倾向过重，凸显定期健康检查重要性
P0583,1212,杀人犯仅坐牢一年 体重飙升至400斤 竟获释回家减肥,,,,,,,,,原因是他太胖了，监狱没办法照顾他………… （弗里卡诺入狱前已开始变胖） 过去一年，弗里卡诺的体重飙升至约200公斤
P0871,1213,【美女】对不起！男人眼中的微胖，长这样,,,,,,,,,所谓的微胖，必须是看上去显瘦，摸上去有肉
P0158,1214,乌龙胖?贾玲上镜胖十斤 网友晒出对比照,,,,,,,,,专业摄像机中的她身形匀称、状态极佳，而同一时刻、同一角度下，手机拍摄的画面却让她仿佛“胖了整整一圈”
P0373,1215,在澳洲，胖是可以被原谅的！,,,,,,,,,"因为在澳洲，胖成了一种""不可抗力""澳洲，就想让我们胖"
P0740,1216,為雙蠟像揭幕 內地歌手蔡徐坤認之前較胖,,,,,,,,,不过蜡像望落好似有少许胖或baby fat，可能之前吃得东西较多，现在瘦了少少
P0487,1217,惊了！最新数据：全澳超4成上班族体重超标！上班没时间管理自己的身材？一套动作10分钟，相当于跑步3000米，健身房1小时,,,,,,,,,水桶腰、大屁股通通不见了，终于有了身材曲线~ 即使在家带宝宝，做家务，也不耽误练习，趁宝宝睡着的空，轻松练完一套瑜伽动作，时间足够
P0753,1218,爱情，爱的疑惑,,,,,,,,,"而有关林伟的传说有两种,一说他在加拿大刻苦工作,后来不幸因车福身亡;另一说有人在云顶赌场见到他,身体发福了不少"
P0949,1219,被傳復胖 賈玲生日照曝光,,,,,,,,,自从在电影「热辣滚烫」中一举减重百斤（50公斤）后，「贾玲复胖了」相关话题就屡次登上热搜
P0657,1220,潘帅变潘叔？44岁潘玮柏中年发福不敢认，胖至200斤老10岁，网友：快减肥,,,,,,,,,"但想不到,潘玮柏的身材成 了舆论焦点,很多网友发现,潘玮柏比起两年前的自己“圆润”了不止一点半点,身材膨胀 到不敢认的程度?但这两天看潘玮柏在重庆开演唱会的现场图，似乎又瘦回去一些了，侧脸重新找回 了下颌线"
P0178,1221,体脂秤是智商税吗？,,,,,,,,,体脂率是我们判断是否肥胖的重要标准，同样重量的脂肪其体积可以是肌肉的三倍，因此同样的身高体重，有些人可以看起来精瘦、有些人看起来肥胖
P0601,1222,“梨形身材是基因彩票”上热搜，网友：谢谢，有被安慰到,,,,,,,,,"The advantage of this body shape is that it has less abdominal fat, and a lower risk of developing metabolic and cardiovascular diseases. 而腰臀比（腰围/臀围）能反映中心型肥胖的程度"
P1095,1223,面相变了!贾玲最新露面 体重竟反弹回归原状,,,,,,,,,但不管怎 样，贾玲复胖已然成了既定事实
P0920,1224,"胖子终于有救了! 澳洲药房推神奇黑科技! 做个简单小测试, 肉就没了...",,,,,,,,,看似肥胖只是脂肪的堆叠，事实上因为体重增加，身体所有器官都会增加负荷，很容易出现其他并发症
P0239,1225,关晓彤最新状态惹争议:发福脸肿 年龄感尽显,,,,,,,,,录节目的时候，关晓彤还做了发型来修饰脸型，但也没能拯救得了她的状态，脸和脖子一样粗，脖子都不是很明显了
P0582,1226,朱珠一家三口在颐和园被偶遇，朱珠身材臃肿，引发争议,,,,,,,,,然而，有网友发现她的身材看上去比以前更 胖了，引发了一些争议
P0796,1227,"知名港星失联:手机号码停用,丧妻后与子女关系疏离",,,,,,,,,此前罗莽露面为新电影开工，他的身形发福不少，很多人都没有认出他，就连片场的一些演员遇到罗莽也不敢相认，看来他的变化不是一般的大
P0924,1228,脂肪肝泛滥背后，是中国人的代谢危机,,,,,,,,,中心型肥胖和全身型肥胖都跟非酒精性脂肪性肝病的患病风险相关，但前者构成的威胁可能更大
P0601,1229,“梨形身材是基因彩票”上热搜，网友：谢谢，有被安慰到,,,,,,,,,当然，如果不是梨形身材也没有关系，保持适度负重训练，维持合理的大腿肌肉比例，结合平衡的饮食，也有助于维持健康的体态
P0606,1230,歧视胖人？韩国地铁扶梯标识惹大量争议,,,,,,,,,有网友称，乘坐自动扶梯对于某些特定人群很有必要，这种贴纸仿佛在暗示使用它代表“你很懒或很胖”
P1008,1231,身体胖寿命短？医生却说：恭喜你！这2个地方“胖”是好事！,,,,,,,,,“细腰肥臀”意味代谢相关慢性病的风险较低，寿命更长
P0682,1232,澳洲42岁母亲体重高达247斤！多次减肥无果，心态爆炸的她不运动减下100斤！从此人生像开了挂一样！,,,,,,,,,相信很多人都有这样一个经历，屡次减肥屡次失败，甚至还越减越肥......故事的主人公是一个来自悉尼的妈妈Kim，42岁却拥有着过人的体重.....121.6公斤
P1050,1233,郭碧婷《浪姐5》路透，近状曝光胖了一圈，双下巴明显超有贵妇范,,,,,,,,,就连五官都不再立体，面部平滑，鼻子以及眼睛都被衬托的小了许多
P0347,1234,唐代以胖为美？从唐代服饰探究其真假,,,,,,,,,诚然，在这样服饰的衬托之下，女子的丰腴美才可以更加完美地体现出来
P1075,1235,防止肥胖，要像猪一样吃饭,,,,,,,,,后天遭遇也会影响 如果猪猪 在胎儿阶段或者在幼年阶段，遭遇过缺氧、营养不足等逆境，就会变成“易发胖”体质
P0042,1236,"60岁水均益现身加拿大,身材发福,大腹便便遭嘲笑",,,,,,,,,不少网友看到水均益的照片，评论道：“胖的，老的不认识了”、“水均益跟怀孕6个月似的”、“怀孕了
P0373,1237,在澳洲，胖是可以被原谅的！,,,,,,,,,""" 没错，自从来到澳洲，不管男女老少，不管身材如何，都逃不过澳洲的""变胖诅咒""…来澳洲前从不怎么注意自己的体重因为基本没什么大变化 而来澳洲后，每日三省吾身，为什么我的脸在屏幕上越来越看不全了"
P1069,1238,长得胖算什么，“体态崩了”才可怕！明明打扮精致，看着却更土了,,,,,,,,,tips2：穿搭得体，显瘦的同时掩盖不良的体态 ×不穿太暴露的衣服，自爆缺点更可怕 微胖不可怕，可怕的是身材不好还穿错了衣服，选择适合你的身材和体态的服装款式是非常重要的，如果你的体态偏胖，选择一些宽松、直筒或收腰的款式可以帮助你显瘦
P0410,1239,"女神?:刘亦菲发福,杨幂脸垮,林志玲僵硬,娄艺潇科技",,,,,,,,,而且她明明身材纤瘦，却还有双下巴的痕迹，给人感觉她的脸肿胀了许多，没有以往的精致美
P0963,1240,談文說藝  跑起來,,,,,,,,,"回到酒店,赶紧换上运动短裤往健身室走,戴上耳机在跑步机上来一个速度训练,半小时下来就已经淋漓大汗,可惜总 未能将晚饭时吃进的卡路裹减回去!看著自己日益发胖的身形和越来越俗气的嘴脸,与当年满怀理想抱负、孤高自赏的年少的我比较,虽未至于面目可憎,但已是俗不可耐"
P0885,1241,职场有毒！24岁华人妹子上班1年增重40斤！辞职后的变化震惊全球网友…,,,,,,,,,在那里，我每隔一天就会吃一些油腻的食物，但我几乎没有长胖
P1029,1242,追求长寿第一步：把自己吃胖一丢丢,,,,,,,,,微胖人群：我能扛
P0480,1243,怎么减掉15斤赘肉？学习8个实用方法，让身材瘦下一圈,,,,,,,,,每天坚持喝足够的 水，可以减缓饥饿感出现，有助于减少赘肉和加速减肥进程
P0451,1244,小李子为爱减肥？恋爱后怒减小肚子，瘦出下颌线,,,,,,,,,因为2020年往后，女友还是卡米拉，莱昂纳多多次被拍到在海滩度假，体型明显发福
P1074,1245,關曉彤胖成27歲少婦 網友辣評,,,,,,,,,看到她走红毯，网友们的眼睛​​直了——“这个身材，怎么看都像是初为人母的妈妈
P1005,1246,《跛豪》导演潘文杰去世，曾捧红吕良伟，与周星驰合作过，死因曝光,,,,,,,,,潘文杰的恩师发声证实，他说潘文杰在北京做手术时意外去世，具体原因并未透 露，但表示潘文杰一直很胖，肥胖一般会有不少慢性病
P1050,1247,郭碧婷《浪姐5》路透，近状曝光胖了一圈，双下巴明显超有贵妇范,,,,,,,,,保姆车中的光线很亮，完全将郭碧婷的模样超清晰的呈现出来，不得不说，现在的她确实比以往胖了许多，富态尽显，脸部圆润肉嘟嘟的
P0645,1248,清华学霸杀妻案又开庭！拖了359天还没初审，凶手却养得白白胖胖…,,,,,,,,,而这，或许就是他们想要的... 当地时间1月10日，我们终于等来了又一次开庭，此次出现在庭审中的陈立人，和去 年黝黑精瘦的形象大不相同，有旁听网友称其如今变得又白又胖，精神状态还不 错，不过依旧是不认罪
P0146,1249,中年發福不是福 腰圍超標是警訊,,,,,,,,,"腰围过大代表腹部脂肪堆积过多,这样的脂肪分布方式被认为与心脏病、高血压、糖尿病及高血脂等密切相关"
P0100,1250,七成高血压归因于“胖”！这种肥胖类型最危险……,,,,,,,,,尤其是东方人，发胖往往先从腹部开始，脂肪主要堆积在下腹部周围，被称为中心性肥胖
P0019,1251,33岁张含韵被骂“爆肥”！1.62米55公斤，本人晒秤自嘲“真的胖”,,,,,,,,,“甜妹”张含韵，突然“胖成球”了
P0356,1252,国家喊你减肥，真的是为你好，能帮你省大钱！,,,,,,,,,胖一点，疾病多一点 医学早已明确指出，肥胖不仅仅是外形上的问题，更是一种慢性、复发性且会进展的代谢性疾病
P1087,1253,陶洛诵 ： 小双的故事,,,,,,,,,她中等微胖的身材，四方大脸，皮肤微显粗糙，单眼皮，眼睛不大
P0944,1254,"著名网红“两周”瘦220斤,随即称这是一场“社会实验”",,,,,,,,,” 就在三个月前﹐尼古拉斯还在一段视频中表示“我放弃减肥之旅了﹐是时候再次增肥了﹐”随即就吃掉了一大盘子的食物
P0356,1255,国家喊你减肥，真的是为你好，能帮你省大钱！,,,,,,,,,它很花钱 很多人把肥胖戏称为“富贵病”，觉得顶多是“吃得好”引起的身材变化，甚至还有人认为“胖点也没啥大问题”
P0451,1256,小李子为爱减肥？恋爱后怒减小肚子，瘦出下颌线,,,,,,,,,尤其是《华尔街之狼》拍摄结束后，莱昂纳多宣布息影一年，彻底放飞自我… 2015年，莱昂纳多参加Amfar艾滋病慈善基金会晚宴时，也是壮硕到让人不敢认
P0657,1257,潘帅变潘叔？44岁潘玮柏中年发福不敢认，胖至200斤老10岁，网友：快减肥,,,,,,,,,话说回来，潘玮柏还被网友猜测，如今的身材莫非是结了婚的幸福肥
P1086,1258,陶洛诵 ： 从大S想到小四子,,,,,,,,,长得像她开猪肉铺子的爸爸，胖胖的
P0885,1259,职场有毒！24岁华人妹子上班1年增重40斤！辞职后的变化震惊全球网友…,,,,,,,,,据悉，妹子在中国上班后体态愈发臃肿，索性一狠心，辞职不干了
P0127,1260,中国儿童肥胖率激增：中餐是否在导致我们发胖？,,,,,,,,, “体型比较肥胖的儿童可能会在学校受到同学的霸凌，自尊心会下降，可能会有焦虑或抑郁的心理问题，”她说，“成年后如果继续超重，会导致慢性病的风险增加，比如心血管疾病、关节炎甚至是某些癌症
P0344,1261,哈佛畢業典禮 頂風作案,,,,,,,,,"那时她身后感动欲流泪的那个白人胖女教授,像荷里活励志电影Million Dollar Baby的大团圆结局,满堂吉庆,会扶著一根拐杖上台拥抱她的,她会更高与的"
P0205,1262,【健康知识】胖哪儿都不能胖这里！,,,,,,,,,怎样才算腹型肥胖 关于肚子胖，男性和女性的主观判断差别很大
P0328,1263,吃面食和吃米饭哪个容易胖？主食这样搭配，控糖又不胖！,,,,,,,,,除了口味的不同，如今很多人更关心的是：吃面食容易胖，还是吃米饭容易胖
P0372,1264,在澳洲，你的身材可能决定了你的阶级！,,,,,,,,,与中上层阶级和中产阶级相比，中下阶层的肥胖者是前者的四倍
P0192,1265,侮辱or玩笑？华人也在用的“修图神器”引发争议，已紧急下架,,,,,,,,,大家多是觉得好玩，好奇自己变胖后的样子
P1075,1266,防止肥胖，要像猪一样吃饭,,,,,,,,,这样， 即使总卡路里不变，猪猪也比较不容易发胖，肌肉也比较发达
P0347,1267,唐代以胖为美？从唐代服饰探究其真假,,,,,,,,,如果唐朝以胖为美，越胖越美的话，那么，在唐朝的发展史上可以称为第一美女的杨玉环是不是会胖到出奇呢
P0472,1268,彻底放飞自我?阿娇最新演出胖成“阿爆”演出划水,,,,,,,,,而就变胖而言，其实观众早就习惯了，这些年也算是见证了阿娇过山车般的体重，好不容易参加《浪姐》瘦了几十斤，结果参加完节目 后没有了高强度的排练，阿娇又胖回去了
P0602,1269,梨形身材是基因彩票引发热议 身材关乎多种健康问题,,,,,,,,,研究发现，大腿粗、臀部大的“梨形身材”，可能比肚子大的人长寿
P0783,1270,瘦不下来，是身体给你最好的信号,,,,,,,,,发现许多许久不见的老同学都逐渐发福，身材走样
P1063,1271,重马胖女孩”意外出圈 曾是8块腹肌“追风少女”,,,,,,,,,视频中，一位“胖女孩”扎着两条俏皮的小辫，身着黑色的紧身运动短袖、粉红色的豹纹紧身短裤，面对镜头，她大方地展示自我，绽放出阳光般灿烂的笑容
P0856,1272,网红入狱后怕变胖而节食.... 没想到，就这么被厌食症折磨到活活饿死....,,,,,,,,,在监狱中Nihal担心自己变胖，就坚持节食
P0261,1273,出現這些症狀 其實你正在「發福」,,,,,,,,,"很快就饿，不正常的饮食习惯,容易很快就产生机饿感,不断的进食导致血 糖的波动大,胰岛素不断分泌,更多的热量转变为脂肪储存, 睡眠不足 睡眠不足会影响抑制食欲的「瘦素」分泌,瘦素分泌的减少,导致食欲增加,越吃越多、越吃越胖 嗜睡打鼾 白天的嗜睡与肥胖有关"
P0057,1274,3900万新病例？儿童肥胖正在改写一代中国人的健康轨迹,,,,,,,,,原因包括运动机会少、校园体育资源匮乏、家庭对女孩体型关注度不足，以及青春期后能量需求变化更易导致体重增长
P0888,1275,肚子越大，脑子越小？肚子大可能“藏”着这些风险,,,,,,,,,⑥ 5. 早衰 中国农业大学食品学院教授范志红曾在个人微博刊文中表示，很多人对腰围的增长 完全无所谓，觉得腰围无非是影响穿衣服的美观，认为“年龄大了腰围粗点很正 常”
P0126,1276,中国人真的，越来越胖了,,,,,,,,,所以记得如果你开始有些往“膀大腰圆”上发展，得开始考虑减脂了，因为这意味着你的内脏脂肪正在堆积
P0974,1277,许玮甯产后首露面白到发光 孕期胖24斤没影响,,,,,,,,,她在41岁生产属于“高龄产妇”，不过许玮宁很幸运，儿子健康白胖，睡觉也很稳，称孕期情绪没太多波动，没什么不舒服，没受体重变化影响，现在儿子也很配合，不用怎么训练哄他睡觉
P0752,1278,爆火的减肥针：花6千瘦33斤，身体垮了,,,,,,,,,小齐常在江边跑步初中时，班上的同学给她取的外号是“坦克”、“肥婆”
P0337,1279,吴某凡监狱生活被曝！胖了20斤，当上小班长，天天创作正能量歌曲！粉丝组织劫狱！网友：电影都不敢这么演,,,,,,,,,如果这个满面油光、肥头大耳的人真是吴某凡
P0685,1280,澳洲专家建议“封杀”圣诞老人！说会教坏小孩！原因竟然是因为太胖？？？,,,,,,,,,即时我们都热爱胖胖的圣诞老人，但也不意味着必颂扬肥胖
P0990,1281,贾玲惊现巴黎奥运会 体重之谜再度引爆,,,,,,,,,"有人说,贾玲这是心宽体胖,事业顺风顺水,心情好自然就胖了"
P0042,1282,"60岁水均益现身加拿大,身材发福,大腹便便遭嘲笑",,,,,,,,,2月21日有网友晒出在加拿大与央视主持人水均益一起聚餐的合照，这名网友身材高挑漂亮，与身边身材发福，肚大如箩的水均益对比强烈
P1068,1283,"长在这两个部位的脂肪,其实是一种优势",,,,,,,,,世界卫生组织将中心型肥胖定义为，男性腰臀比超过0.9，女性超过0.85
P0441,1284,对比41岁贾玲和沈腾老婆后，才发现压力胖和幸福肥的差距一目了然,,,,,,,,,贾玲压力胖 在出道前，贾玲也是瘦过的，而且她长相清秀，五官端正，也是个甜美气质的萌妹 子
P0578,1285,"最美港姐复出:生病后胖成200斤,模样大变仍需服药",,,,,,,,,据悉，李珊珊在2019年宣布确诊惊恐症，也有传患上抑郁症和脑瘤，李珊珊病情很快加重，每天都陷入内耗，发病的时候连倒水、洗 脸的力气都没有，可能是药物副作用，李珊珊从窈窕的美女变成大胖子，期间又遭到网友的评头论足，让李珊珊更加悲观，传出不少坏 消息，在与病魔抗争6年后还是走了出来，宣布回归到台前，暂时开直播分享生活琐事，下一步可能会回归到演艺圈
P0146,1286,中年發福不是福 腰圍超標是警訊,,,,,,,,,"因此,晚上不要熬夜,保持足够的睡眠时间对于减少腹部脂肪非常重要"
P0505,1287,我的体型管理路径 几个月瘦了33斤,,,,,,,,,"我是从24年3月18至8月25 吃了几个月从一个大胖子瘦了33斤只为遇见更好的自己 没有更多的语言美化 直接数据说话 马上到农历春节了又是一轮各种美食 如果你也想找回更好的自己欢迎随时咨询我 体型管理作为全民刚需，不仅市场规模大，用户复购率较其他行业也更高 ✅亦餐作为澳洲植物基功能营养品牌，拥有多个爆款体型管理产品，荣获食品界“奥斯卡”权威认证 ✅亦餐小红粉可激发人体生成GLP-1,阻糖阻碳,养出轻盈体质，搭配代谢咖啡或绿粉，达到全方位体型管理需求 eimele亦餐受到业界多方认可 ✅现已入驻澳新多家药房,其在植物基领域的贡献，同时受邀加入澳大利亚补充药品协会 ✅eimele还与时尚芭莎携手开展乐享植物基活动，开启健康之旅 ✅亦餐爆款产品小红粉火爆中外，明星/达人/维密模特等纷纷大力推荐 VTN体型管理系列产品，满足客户体重管理全方位需求 ✅亦餐小红粉从底层阻糖阻碳，将肥胖从源头切断，让你的身体先养成易瘦体质"
P0621,1288,比伯空降来表演 全场疯狂!结果却是个假的,,,,,,,,,Gryffin和部分眼尖的观众产生了同样的疑惑，但也没多想，还以为“比伯”只是变胖了
P0419,1289,姚明女儿又胖了!14岁身高190体重近190斤,,,,,,,,,今年二月份，有网友偶遇姚沁蕾和妈妈外婆外出，从照片中可以看出来她的身形还是比较健壮的
P0550,1290,无数孩子正期待他的来访 你知道圣诞老人起源是什么吗？,,,,,,,,,我们对那个白头发、白胡须，在平安夜会偷偷溜进烟囱给孩子们送礼物的胖胖的男人都很熟悉，但你知道圣诞老人的起源吗
P1009,1291,身材决定寿命？研究发现：大腿粗、屁股大的人，可能更长寿,,,,,,,,,内脏肥胖导致腰围粗的危害不仅于此，当内脏脂肪过剩时会挤压到正常组织的空间，容易引起呼吸困难、消化不良、胸闷疲倦等症状出现，还可能会增加脑中风、冠心病的发生风险
P0328,1292,吃面食和吃米饭哪个容易胖？主食这样搭配，控糖又不胖！,,,,,,,,,在女性中，做类似的替换也能使腹型肥胖的发生风险降低8.2%
P0602,1293,梨形身材是基因彩票引发热议 身材关乎多种健康问题,,,,,,,,,近日，“梨形身材是基因彩票”的话题在社交平台引发热议
P0752,1294,爆火的减肥针：花6千瘦33斤，身体垮了,,,,,,,,,使用替尔泊肽前的林微体重超标并未给林微的生活造成不便，她身材高挑，现实中看起来不算太胖，但她的工作需要出镜，每每看到镜头中的自己，她都倍感焦虑
P0261,1295,出現這些症狀 其實你正在「發福」,,,,,,,,,"台湾知名营养师杯盖(本名萧玮霖),在粉专分享12个正在变 胖的征兆,大家可以观察自身状况,找出可能原因,并调整生活习 惯,预防体重失控·肥胖的危害和对健康的影响 肥许不仅是外在形象的问题,还会对健康产生严重影响"
P0915,1296,肾不好沒精神 醫師分享五招提升活力,,,,,,,,,"▲很多人是因为「假食欲」而变胖,一些小窍门可以帮助控制食欲"
P0031,1297,"47岁李湘前凸后翘体重飙涨,神秘男相伴疑有新恋情",,,,,,,,,也正因为自己是易胖体质，李湘这些年的衣服穿搭尽量选择了深色宽松类的款式，以此来掩盖在的肥胖
P0115,1298,世界最胖男人一辈子被肥胖困扰，多次减肥失败，曾经抑郁自杀，如今只想好好活下去…,,,,,,,,,但由于他再度增肥，加上当时他的电梯坏掉了，最后急救部门叫了2辆消防车，8名消防员合力用吊绳把他抬出去了
P1043,1299,那些一胖就胖肚子的人，后来都怎么样了？,,,,,,,,,判断腹型肥胖的重要方法是腰围，成年男性腰围≥ 90cm ，女性≥ 85cm 就属于腹型肥胖
P0373,1300,在澳洲，胖是可以被原谅的！,,,,,,,,,你根本不知道他在发胖前都经历了什么…每个在澳洲发胖的孩子都值得被好好关爱，来澳洲之前，总感觉自己是吃不胖的人…当初来澳洲时，因为瘦还经常嘚瑟，结果后来呵呵了…，每次赶due和final结束都觉得该犒劳下自己，结果…… 凌晨出门吃个麻辣烫已经成了我和室友的常态…其实，在澳洲发胖，也是有好处的…在威力巨大的妖风面前，拥有一个踏实的吨位，你就是人群中最安全的那个…在一年更比一年冷的冬天面前，拥有一身温暖的脂肪，你就是人群中最不怕冷的那一个…所以，不要害怕发胖了
P1009,1301,身材决定寿命？研究发现：大腿粗、屁股大的人，可能更长寿,,,,,,,,,1、腰围 男性腰围应<90cm、女性腰围<85cm，超过这个范畴就属于腹部型肥胖
P0124,1302,中国三成胖人为腹型肥胖 专家:减重不要求快,,,,,,,,,但BMI并非唯一标准，其中男性腰围≥90cm，女性腰围≥85cm则为腹型肥胖，这类肥胖所带来的健康隐患往往更大
P0904,1303,肥胖問題日益嚴重 桃園療養院推出專業減重門診,,,,,,,,,桃园疗养院脑医学中心主任洪育远医师指出，减重的真正挑战在于如何避免复胖，而不是单纯减少体重
P0885,1304,职场有毒！24岁华人妹子上班1年增重40斤！辞职后的变化震惊全球网友…,,,,,,,,,” 然而，当他走进了办公室，“班味”就找上了门，“现在我在办公室工作，从一月份开始我的体重就增加了20磅（9公斤），我的体重达到了顶峰
P0657,1305,潘帅变潘叔？44岁潘玮柏中年发福不敢认，胖至200斤老10岁，网友：快减肥,,,,,,,,,就这样，那些甩掉的体重迅速又回到了潘玮柏身上，五公表演之后又胖回了8斤，还 被陈小春取笑为“肥仔”
P0088,1306,一个让你容易变胖、代谢变差的习惯，很多人天天都在做,,,,,,,,,一旦胖起来，就很难瘦下去
P0630,1307,河南一幼儿园餐食走红 20元能吃到龙虾鲍鱼,,,,,,,,,”王女士称，自家孩子在幼儿园吃得挺胖，回家都不愿意吃饭了
P0146,1308,中年發福不是福 腰圍超標是警訊,,,,,,,,,"英文有句谚语是「You are what you eat」,意思是你吃甚么,食物给予的营养或热量,会反应在我们的身体与外观上,饮食是影响腹部脂肪积累的主要因素,除了饮食,还要注意甚么才能「全方位瘦肚子」? 1.均衡饮食:饮食要均衡,控制总热量和脂肪摄入量,减少高糖和高脂食物的摄入"
P0079,1309,USANA优莎纳蛋白营养粉——甩掉游泳圈，赢回人生C位,,,,,,,,,小心“腹型肥胖”
P0066,1310,減重也可以切換「休息模式」不復胖的秘訣,,,,,,,,,减重「休息模式」的饮食如何不复胖 至于阶段性休息的饮食该怎么做，才不会复胖呢
P1009,1311,身材决定寿命？研究发现：大腿粗、屁股大的人，可能更长寿,,,,,,,,,很多人一胖就是先胖肚子，这是为什么呢
P0557,1312,日本贵族胖哥减肥逆袭成最帅校草，人生刚开挂却意外被捕！,,,,,,,,,"就是这么一句无心之言，却被传到了系洲朝贵的班里，""一个胖子也想要参加校草比赛""，全班人都觉得神奇和不可思议，不少人甚至当着系洲朝贵的面冷嘲热讽"
P1054,1313,醫：全台青少年每3人就有1個胖 成年後死亡風險較高,,,,,,,,,台中荣总儿童肝胆肠胃科医师林捷忠表示，8成的肥胖青少年成年后会继续肥胖，死亡风险高出一般人
P0303,1314,发胖真有“分界线” 从这个年龄开始代谢急转直下,,,,,,,,,03如何防止长胖
P0772,1315,用餐习惯改变恐非怪癖 专家示警:失智初期征兆,,,,,,,,,有人发胖，有人体重减轻，因为饮食方面有强迫行为，只吃特定种类食物
P0685,1316,澳洲专家建议“封杀”圣诞老人！说会教坏小孩！原因竟然是因为太胖？？？,,,,,,,,,专家提出，作为一名尽责的营养学家，应该肩负向这个国家的小孩和青年们传达正确的理论...孩子们看到胖乎乎的圣诞老人是很快乐，但是胖乎乎的圣诞老人的形象会影响到他们的观念，吃的越来越多，然后就会超重和肥胖
P1032,1317,逆轉民眾代謝症候群 8成腰粗或肥胖民眾 參加計畫後超過5成有改善,,,,,,,,,代谢症候群是一种慢性病，罹患代谢症候群的病人后续发生心血管疾病、糖尿病、高血压、高血脂的风险，比一般民众高出2至6倍，因此由医师找出健康检查数值异常民众，帮助民众掌握代谢症候群的危险因子(腰粗、肥胖、吸烟、不运动、不健康饮食)，教会病人疾病自我管理的方法，是控制疾病进展的重要关键
P0214,1318,健身，榨干了多少女生的胸,,,,,,,,,遗传因数 女生胸部一般分两种 乳腺型和脂肪型 顾名思义 脂肪型的胸就是 胸上有大量脂肪 运动减脂后也会把胸的脂肪减掉 毕竟脂肪是流动性的 不可能光减腰不减胸 而这样的“大胸” 跟男胖子的大胸没有任何区别 如果运动减脂了 胸自然会变小 当然 也会有一些很瘦胸很大 健身许多年依旧波涛汹涌的 那一般都是乳腺型的胸 属于乳腺腺叶占大部分 少数组织为脂肪 脂肪那么少 自然再怎么减也不会下去的 如何辨别胸的类型 妹纸们可以拿出你的两根手指 捏一捏胳膊窝旁有副乳的地方 如果捏起来感觉到里面 有米粒一样的东西 那就是乳腺型乳房 反之便是脂肪型 训练因素 许多中国女孩始终对撸铁有所抵触 认为练多了会有肌肉 所以选择的方法大多是 跑步、健身操和普拉达 之类的有氧运动 这几项运动的减肥效果确实很好 但对于大胸或增胸的朋友们 并不友好 因为那种大幅度的剧烈运动 乳房也会随之晃动 时间久了自然会下垂 胸型变得难看 甚至会出现胸大肌撕裂的危险 这也是为什么大胸妹子 在训练时会难受的原因 加之减脂效果出众 胸部的脂肪随之减少 胸部自然会变小 那如何训练能把胸变大
P0601,1319,“梨形身材是基因彩票”上热搜，网友：谢谢，有被安慰到,,,,,,,,,从健康的角度来看，大家不能只看胖不胖，更应该关注的是脂肪的分布，脂肪越是往肚子上堆，风险越高
P0459,1320,巨石强森变“鹅卵石”:大肌霸的诸神黄昏,,,,,,,,,网友的每一笔打赏，都变成了吸入良子缺牙大口的一坨坨“焖子”，大伙都在等着良子哪天撑不住飞升，但他如同一只肥硕的赛博肉蛆，依旧在众人的方寸屏幕之间蠕动
P0126,1321,中国人真的，越来越胖了,,,,,,,,,造成如今中国人越来越胖的局面，跟每个地区经济发展水平、饮食生活习惯都存在比较大的差异，全国人民各有各的胖
P0061,1322,BMI落伍了!医学专家建议重新定义肥胖,,,,,,,,,而像③那样体内存在多余脂肪，即使BMI为28.8，也属于“亚临床肥胖”——器官功能正常情况下的肥胖状态
P1022,1323,这寒假杭州大批孩子不敢胖!超过5斤成绩可能要下降,,,,,,,,,过年的气氛正浓，大多数孩子都在“躺乐”，每天吃吃喝喝，大鱼大肉，体重直线飙升
P0176,1324,伊能靜巴黎狂吃甜點稱發福了,,,,,,,,,坦言巴黎的甜食实在太好吃，导致体重确实增加了一些，「再度重回了微胖圈」
P0530,1325,揭秘米饭与面食：哪个更容易让你胖？澳洲减肥保健品推荐,,,,,,,,,今天，我们来探讨一个大家都非常关心的话题：米饭和面食，哪个更容易让人发胖
P0487,1326,惊了！最新数据：全澳超4成上班族体重超标！上班没时间管理自己的身材？一套动作10分钟，相当于跑步3000米，健身房1小时,,,,,,,,,别看我现在身材傲人，曾经的我却因为患上肥胖症，身材发福走样，胖成了130斤的“壮汉”
P0179,1327,体重120斤以上的女人，别再穿阔腿裤了！换成这3种打扮更时尚显瘦,,,,,,,,,这种束脚设计也让腿型不明显成了刻意遮肉的优势之一，如今微胖女性更是格外青睐
P0847,1328,「經濟艙症候群」恐致死 醫：久坐、肥胖皆高風險,,,,,,,,,60岁的陈姓教授中年后一直有肥胖问题，定期健康检查发现有血压与血脂偏高问题，但并无特别症状，平时往返住家与校园车程约1、2个小时，回家后也长时间坐在沙发上看电视，有天突然发现右脚肿胀疼痛、泛红，就医进行血管超音波才发现深层静脉内有大块血栓阻断血流，住院使用抗凝血药后获得缓解
P1059,1329,“重”视体重，“轻”松生活：肥胖问题我们说清楚,,,,,,,,,🔎除了BMI，别忘了还有这些重要指标： 腰围 腰臀比 体脂率 尤其是“将军肚”“啤酒肚”等腹型肥胖，危险更高，和胰岛素抵抗、高血脂等密切相关
P0451,1330,小李子为爱减肥？恋爱后怒减小肚子，瘦出下颌线,,,,,,,,,近看还有许久不见的刀削下颌线…而不是双下巴
P0441,1331,对比41岁贾玲和沈腾老婆后，才发现压力胖和幸福肥的差距一目了然,,,,,,,,,网友们忍不住调侃：沈腾老婆终究还是胖成了以前的贾玲，甚至还开了一个相关话 题
P1068,1332,"长在这两个部位的脂肪,其实是一种优势",,,,,,,,,腿粗屁股大是优势，肚子大是劣势 此次研究纳入了英国生物银行数据库中的21241名参与者，研究人员基于126个心血管图像和机器学习模型，预测出了参与者的心血管年龄、脂肪体积和分布情况
P0450,1333,【小基数减重服务案例】我的冻龄秘密：常年保持体脂率19%，时光的脚步真的变慢了,,,,,,,,,不知道问题出在了哪里，我甚至还有长胖的趋势
P0920,1334,"胖子终于有救了! 澳洲药房推神奇黑科技! 做个简单小测试, 肉就没了...",,,,,,,,,#01： 来到澳洲以后， 很多人控制不住的，“肿了” 澳洲仿佛有一种魔力，很多人来到这里，慢慢的就会控制不住胖了
P0872,1335,美女一顿炫20碗面，体重却常年不过百？！粉丝疑她假吃，体检结果太惊人…,,,,,,,,,在观众眼中，她简直是个“黑洞”级别的选手，最让人震惊的是——吃得多还不长胖，体重常年维持在50公斤，简直让人羡慕到质疑人生
P0019,1336,33岁张含韵被骂“爆肥”！1.62米55公斤，本人晒秤自嘲“真的胖”,,,,,,,,,路演当天，张含韵用白色西装外套，搭配牛仔半裙，虽然穿着宽松休闲，遮挡了身材曲线，但从裙身的线条还是可以看出，她的腰身和大腿都比较“扎实”
P0503,1337,我200斤了？懒人佛系生活化减肥进行中,,,,,,,,,把本篇发在美食版 恳求版主不要被移除 因为我也没怎么运动 发在体育版不合适 也不是女性 更不能发在美容版 之前一段时间 一直借口于压力或繁忙 把吃东西作为某种心理慰藉 经常吃炸鸡等等外卖 而且通常在晚上 吃完就很快睡觉了 久而久之 也就变得越来越胖 但是也没有去主动称体重所以当时也不知道到了多重 因为很长一段时间我的‘心理体重’在85kg 感觉只要我不测量 就还是85 直到有一天家人刚好用体重秤测量行李 我也顺便测了一下 突然发现到了99kg 心理上 感觉这是个不可接受的“临界点” 变成了200斤的胖子 于是决定开始减肥 上网看到了各种五花八门的方法 不知道用什么好 除了各种离谱的食谱完全断碳水什么的 常见的有16+8 5+2这些断食法 然而我觉得都比较难实现 要么不健康要么会反弹 16+8或5+2还比较合理 但是我比较懒 觉得16+8在工作日难执行 5+2要那2天貌似也得“脱产” 于是我就开始摸索自己的 懒人佛系生活化减肥 不知道是否‘最科学’或者效率最高 但是我觉得比较容易执行或坚持（或者叫改变生活习惯） 至少对我是有效果的 目前进度如下 10周从99kg到大概85kg 一周大概减1.5kg 可能比不上各种极端或者更科学方法的速度 仅供参考
P1063,1338,重马胖女孩”意外出圈 曾是8块腹肌“追风少女”,,,,,,,,,” “重马胖女孩”名叫李利，是一名川妹子，今年32岁
P0088,1339,一个让你容易变胖、代谢变差的习惯，很多人天天都在做,,,,,,,,,随着年纪变大，很多人会默默感觉到自己代谢变差了：吃得不多，但就是很容易胖起来
P0628,1340,沈腾儿子6岁生日宴在高级餐厅举行，小狮子蹦蹦跳跳，白白胖胖,,,,,,,,,姐弟俩到了一定的年龄，明显沈腾已经中年发福，姐姐看上去挺清瘦的
P0259,1341,凤姐美国被偶遇坐公交车 身材发福体重近200斤,,,,,,,,,因为外面下着雨，凤姐还拿了一把伞，被拍到时凤姐正专注看手机，丝毫没有注意到被人认出，不过对比她前后的乘客，凤姐的坐姿十分霸气，看上去又胖了不少
P0021,1342,"38岁凤姐现身美国坐公交,身材臃肿发福内裤外露",,,,,,,,,此时的凤姐已经臃肿发福，并且大肚腩十分明显，好几层游泳圈
P0048,1343,200斤女孩为美狂瘦至90斤 ！要么瘦，要么死,,,,,,,,,与其说服自己爱上腿上的肥胖纹，不如感谢那双结实的腿让我们跑得快、跳得高
P0126,1344,中国人真的，越来越胖了,,,,,,,,,有人会觉得，胖点就胖点，现代审美讲究包容
P1063,1345,重马胖女孩”意外出圈 曾是8块腹肌“追风少女”,,,,,,,,,受访者供图 众多网友被她的自信、阳光所感染，并称呼她为“重马胖女孩”
P0565,1346,曝光温哥华超市打折内幕！这些天天打折的食品，有陷阱千万别买！,,,,,,,,,周末就爱窝在家里，看个剧、喝个可乐、吃个零食，再加上温哥华各大超市的垃圾食品，都动不动就打折... 所以啊，加拿大胖子多是真有原因的，看着这么便宜的肥宅快乐XXX，肯定一箱一箱的扛回家吨吨吨... 要知道，加拿大有67%超重或肥胖人口，不仅如此，在近30年内，这个国家的肥胖率，从1978年的14%上升至2014年的28%，整整翻了一番
P0405,1347,奇葩！300斤网红坐飞机要求免费加3座，还以命相逼地勤推自己下机？网友：又胖又作！,,,,,,,,,最近，一位美国大码网红吐槽某航空公司的空姐，表示对方不仅对着她的身材阴阳怪气、指桑骂槐，还故意忽视她发出的求助信号，让她差点在飞机上一命呜呼
P1012,1348,辛芷蕾在国外带火了一种贵妇穿法：短外套+短裤，微胖圆脸真优雅,,,,,,,,,这条高腰的牛仔喇叭裤穿上身不仅能够遮挡住腿部的肌肉，还能够呈现出一种浓浓 的复古感，上身之后相当的显瘦，增高，腿长优势展现淋漓尽致，对于腿粗的梨形 身材来说真的是救星
P0133,1349,“中国肥胖地图”火了:41%中国男人超重 这个省最苗条,,,,,,,,,因此，种种原因造成了北方人在饮食结构方面更易胖
P0601,1350,“梨形身材是基因彩票”上热搜，网友：谢谢，有被安慰到,,,,,,,,,此类人群通常体脂率较低，腹部脂肪较少，健康风险也相对较低
P0391,1351,夢繞湄公河畔,,,,,,,,,"那声波像魔术师的戏法,哇哇连绵,人人喜形于色,奔走相告,佣人将我紧紧搂抱,笑著告诉我,妈妈生了个胖弟弟"
P0586,1352,李湘有儿子风波升级，知情人曝更多内幕，疑合影被扒,,,,,,,,,妈妈表示李湘生一个胖了很多，要再生二胎无疑还要更胖，那就没法工作了
P0019,1353,33岁张含韵被骂“爆肥”！1.62米55公斤，本人晒秤自嘲“真的胖”,,,,,,,,,为电影拍摄宣传照时，穿上紧身上衣和皮裙后，能看出她确实胖了不少，腰部都被勒出了小肉肉
P0085,1354,一个人胖不胖，看“圆度指数”，比 BMI 更靠谱,,,,,,,,,还有很多女性胖在屁股和大腿而腰不粗，俗称“梨形身材”，这些部位脂肪堆积也会造成相关代谢性慢病风险，同样不容忽视
P0192,1355,侮辱or玩笑？华人也在用的“修图神器”引发争议，已紧急下架,,,,,,,,,02 胖人反击：被在这儿传递焦虑 如果大家仔细看的话，会发现使用这个滤镜的，多是身材本来就比较苗条的
P0871,1356,【美女】对不起！男人眼中的微胖，长这样,,,,,,,,,01：@Jinyouyi 体重翻倍，性感加倍，这样的美来源于凹凸有致的身材曲线
P0265,1357,刘晓庆现身:身材发福大妈感十足 衣品被网友吐槽,,,,,,,,,刘晓庆上了年纪以后身材发福不少，看起来胖了很多，身材十分的臃肿
P0341,1358,周華健身材變化引熱議 曬「腹肌」幽默回應,,,,,,,,,原来周华健在舞台上演唱歌曲时，被观众发现他的腹部明显凸起
P1007,1359,身体有5 个表现，建议查查甲状腺,,,,,,,,,“胖” 是指体重增加、颜面虚肿
P0175,1360,以为是健康零食！她上班狂吃「脸烂爆痘」 中医师揭5隐忧,,,,,,,,,相信不少上班族午休之后，都会容易感到疲倦，此时小零食即成为提神、解嘴馋必备，果干类以及坚果类更 是大部分人首选，只因吃完后比较不用担心变胖或充满罪恶感
P0563,1361,普通女生减肥后能变多美？她晒了2张图震惊570w网友：仿佛换了个人！,,,,,,,,,但胖乎乎的自己穿衣服并不好看，她想，“如果自己的身体线条看起来更漂亮的话就好了”
P0605,1362,欧阳娜娜「腰间肉溢出」画面疯传！网一看全愣了：太尴尬,,,,,,,,,影片中，只见欧阳娜娜穿着细肩带皮质两件式套装，中间小露蛮腰相当性感，不料 当她开唱后在舞台上走动时，却意外发现「腰间肉」被挤出来，引来网友狂酸：「腰旁边挤出来的是肉 吗
P0288,1363,"华人: 来澳洲后, 失去了打扮的欲望! 体重不管理, 出门随便穿, 还有人剃光头...",,,,,,,,,这是真的我都长胖快20斤了…体重只增不减… 没错，一回国发现自己肥的不行 完全没有身材焦虑了 还有爱美的华人从国内带来或者海运来很多美美的衣服，结果到了澳洲根本没有开箱穿的欲望
P0135,1364,中国胖子，即将反超美国,,,,,,,,,胖子的数量正在增长 超加工食品很容易让人发胖
P0057,1365,3900万新病例？儿童肥胖正在改写一代中国人的健康轨迹,,,,,,,,,在文化认知层面，传统“以胖为福”的养育观念与现代健康理念存在冲突，家长对科学干预的接受度亟待提升
P1069,1366,长得胖算什么，“体态崩了”才可怕！明明打扮精致，看着却更土了,,,,,,,,,在这样的状态下，你即便打扮精致且穿上好看的碎花裙，但也比不过别人的一个背影，这也太残酷了~ 再来看看下面这组对比你就知道对比多么强烈了，如果坚持健身，即便体重超标也能拥有很好的精气神和很好的身材状态，但如果不注重健身和体态的管理，小肚腩突出，看起来精气神很差，油腻大妈感直接就写在脸上了
P1069,1367,长得胖算什么，“体态崩了”才可怕！明明打扮精致，看着却更土了,,,,,,,,,此外，脖子前倾还会缩短颈椎的长度，从而在视觉上给人一种身高矮一截的感觉，如果你本身就不瘦，那更是会显得又矮又胖了
P0606,1368,歧视胖人？韩国地铁扶梯标识惹大量争议,,,,,,,,,据新加坡《今日报》7日报道，视频中，该网友将手机镜头对准地铁站台路面上的两个人形贴纸（如图），左边的明显较瘦，指 向楼梯，右边的较胖，指向自动扶梯
P0732,1369,"澳洲超市陷阱曝光! 这些天天打折的食品, 华人千万别买!",,,,,,,,,01 为什么在澳洲容易发胖 这是个问题，而且是一个全澳人亟待解决的大问题
P0048,1370,200斤女孩为美狂瘦至90斤 ！要么瘦，要么死,,,,,,,,,她能感觉到身边人鄙夷的眼神，去到餐厅，服务员上下打量的眼光里都好像在说：“你都这么胖了，你少吃点吧”，但她无暇顾及
P0568,1371,"最严重的青少年肥胖爆发:中国胖娃3000万,速度罕见",,,,,,,,,也就是说，山东农村的胖孩子，30年间，从几近千里挑一，变成了每6个男孩和每11个女孩中就分别有一个
P0549,1372,“无意识变胖的四个习惯”上热搜，你中了几条？,,,,,,,,,爱吃汤泡饭、乱喝“咖啡”、爱喝鲜榨果汁、吃伪健康早餐……你知道吗，这些习惯可能导致你无意识变胖
P0990,1373,贾玲惊现巴黎奥运会 体重之谜再度引爆,,,,,,,,,"不看不 知道,一看吓一跳,咱们的贾玲姐姐好像又胖了一圈! 这可让大家的八卦之心熊熊燃烧起来"
P0031,1374,"47岁李湘前凸后翘体重飙涨,神秘男相伴疑有新恋情",,,,,,,,,不过，不需要再抛头露面的李湘，似乎是放飞了自我，对于自己的身材管理也没那么严格了，被网友偶遇拍下的照片来看，李湘的体重又飙涨了不少
P0341,1375,周華健身材變化引熱議 曬「腹肌」幽默回應,,,,,,,,,近日周华健因身材发胖，登上微博热搜，引发许多网民热议
P0986,1376,賈玲被質疑「復胖」 現身活動被「搶拍」,,,,,,,,,有网友说，「不P图就挺好的」、「看起来比之前胖了一点，但是更好看了」、「健康阳光自信，好棒的状态」、「还是那么可爱幽默的贾玲，一点没变」
P0026,1377,42岁姚笛近照曝光，身材发福胖到认不出，自曝已经三年没化妆,,,,,,,,,"与以往相比,她的身材显得胖了一些,脸庞也显得更加丰裕"
P0158,1378,乌龙胖?贾玲上镜胖十斤 网友晒出对比照,,,,,,,,,换句话说，不是你眼花了，是物理规律真的让手机里的她“胖了一圈”
P0608,1379,殘缺也是美,,,,,,,,,"因此汽车登记号码也设法要用888或者168(谐音一路发)?可惜这些人士忘记了「发」字除了发达、发福、发财的寓意外,尚且蕴含了「发疯」、「发呆」、「发侵」、「发颠」、「发枉」等负面之事呢? 月前观看连续剧集,故事是一对青梅竹马的情侣,本应顺理成章的牵手到老"
P0005,1380,4成過年變胖均增1.7公斤 營養師：冬天瘦身黃金時期,,,,,,,,,根据卫生福利部国民健康暑2022年「国人春节期间体重控制电话访问调查」，有39%民众年后变胖，平均增加1.7公斤
P0357,1381,国家喊你减肥真相曝光：中国已成超重大国，胖下去后果太严重,,,,,,,,,即使BMI正常，腰围超标也能让早逝风险翻倍
P0014,1382,24岁大胃王胖到去世！狂吃成600斤“肉山”-,,,,,,,,,如今回想起来，他病倒其实早有征兆，每次拍视频，还什么也没干就呼吸急促，眼睛也被肥肉压得睁不开，永远半睁半闭，而且总是一副很没精神的样子
P0356,1383,国家喊你减肥，真的是为你好，能帮你省大钱！,,,,,,,,,不少人依然觉得肥胖只是“身材不好看”，事实上它是一种潜伏的代谢危机
P1063,1384,重马胖女孩”意外出圈 曾是8块腹肌“追风少女”,,,,,,,,,这一次，她被称为“重 马胖女孩”，体重160斤
P0347,1385,唐代以胖为美？从唐代服饰探究其真假,,,,,,,,,社会发展好了，人们的物质生活条件相对来说也更好了，贵族女子在“养尊处优”的环境下，就十分容易发展成“心宽体胖”
P0872,1386,美女一顿炫20碗面，体重却常年不过百？！粉丝疑她假吃，体检结果太惊人…,,,,,,,,,医生检查后发现，她的结肠干净得发光，没有任何息肉或异常堆积，这也解释了她为何“吃得快、排得快、吸收少”——进食量大但营养转化率低，自然不容易发胖，还时常感到饥饿，仿佛身体总在待机补能状态
P0261,1387,出現這些症狀 其實你正在「發福」,,,,,,,,,"正在「发福」的征兆营养师杯盖强调,及早发现 以下12种正在变胖的征兆,并采取 相应的措施,是避免肥胖的关键"
P0685,1388,澳洲专家建议“封杀”圣诞老人！说会教坏小孩！原因竟然是因为太胖？？？,,,,,,,,,”Candrawinata 博士有意见的不仅仅是圣诞老人大腹便便的一贯形象
P0249,1389,减肥5年成健美冠军 少年惊传家中猝逝年仅19岁,,,,,,,,,他在社交媒体上多次分享自己的体态转变，从肥胖的少年变成肌肉发达的运动员
P0686,1390,澳洲人的地域黑太精确！四位数字把你看得透透的！破解方法只有一个！,,,,,,,,,6112=胖子 再看看数据的细节， 还有更多扎心的发现： 你住的地方跟你的体重之间存在联系 住在穷的区体重超标的可能性 比住在富人区的人要高出两倍多... 珀斯的传统富人区Cottesloe和Claremont平均肥胖率为15.6%
P0964,1391,談談健身室,,,,,,,,,"因为之前脚伤的关系,给了自己一 段时间的借口和休息,所以身体都有点变 化,胖了一些"
P0337,1392,吴某凡监狱生活被曝！胖了20斤，当上小班长，天天创作正能量歌曲！粉丝组织劫狱！网友：电影都不敢这么演,,,,,,,,,没有高强度的偶像生活，吴某凡可能确实有着发胖的趋势
P0299,1393,原来华人来澳洲后，发胖都是因为它！澳洲家庭随处可见！,,,,,,,,,原来《小不列颠》骗了我们这么多年… 从细胞的角度来说，我们变胖其实是因为脂肪细胞增大和增多
P0657,1394,潘帅变潘叔？44岁潘玮柏中年发福不敢认，胖至200斤老10岁，网友：快减肥,,,,,,,,,要说他几个月前穿着红西服唱跳的这组照片，那壮硕的三层下巴实在太出圈了，有 人惊呼，潘玮柏怎么胖成杜海涛了
P0831,1395,私教立即请回家，看到的人都别错过...,,,,,,,,,*体重低，体脂高，身上也是肉肉的 但想随时掌握自己的体脂率，每天往医院或者健身中心跑难免麻烦
P0648,1396,「減肥100斤後觀眾緣變差」 賈玲稱體重少了魂又沒換,,,,,,,,,在电影「热辣滚烫」中一举减重百斤（50公斤）后，「贾玲复胖了」这个话题就数次登上热搜
P0752,1397,爆火的减肥针：花6千瘦33斤，身体垮了,,,,,,,,,亲戚们每回逢年过节来家里做客看到她时，都会调侃她父母给她做什么好吃的了，怎么又胖了
P0257,1398,"减肥还能“健脑”!体重减少1%,大脑年轻了9个月",,,,,,,,,动：越简单越容易养成习惯 研究显示，慢跑、爬山、步行、快步走、跳舞、瑜伽，均可有效降低易胖体质人群的BMI
P0478,1399,微胖入秋别这么穿！显胖又土气，真的太丑了！,,,,,,,,,所以接下来囤囤就来给你们分享一期针对微胖女生的穿搭法则，姐妹们都给我学起来~ 众所周知，微胖的姐妹可能腰线的肉肉会多一点，所以就喜欢把自己的身材遮掩起来，这其实是一个错误的认知❌ 如果再穿一件宽松的衣服把自己完全盖住的话，那真的就是一个行走的水桶没错了 所以首先要跟姐妹们强调的就是，⚠️腰线真的超级超级重要
P0406,1400,奇葩！就因男友喜欢胖子！澳洲美女模特增肥至357斤！网友们都替她急死了！,,,,,,,,,而是真真正正的胖女孩
P0040,1401,58岁巩俐出席活动，网纱上衣搭鱼尾裙身材超绝，自然老去获赞,,,,,,,,,值得一提的是，巩俐还常年保持锻炼，这大概是她身上没有赘肉，身材紧致有型的 原因
P1078,1402,阿娇复胖30斤！网友批评太不敬业，她却不受影响带狗去吃冰激凌,,,,,,,,,所以说，阿娇从来都不是瘦弱无骨类型，身上始终有肉随性谈恋爱，从来不长进除了对身材这方面管理不是很严格之外，她个人的感情生活那就更是肆意妄为了， 娱乐圈鼎鼎有名的渣男测定仪
P0133,1403,“中国肥胖地图”火了:41%中国男人超重 这个省最苗条,,,,,,,,,从先天条件看，女性的身体承担生育功能，往往有更多的体脂，这些体脂优先以皮下脂肪的形式储存在下半身，因此更易发胖
P0890,1404,肥肉长在哪里最危险？50岁后脂肪长在这个部位或更易老年痴呆！,,,,,,,,,以腹型肥胖的女性为例，每天主食摄入不超过100克，三餐比例是5:3:2
P0697,1405,澳洲女胖子千辛万苦减肥，还没来得及看到自己瘦的样子，就死了！,,,,,,,,,1 我一定要瘦 作为一个胖子，曾经的她当然走过所有胖子想要变瘦的道路， 1 “哼，今天晚上我不吃，我坚决不吃
P0941,1406,“菲律宾警察总长放大招：超重就丢饭碗，减肥or失业你选哪个？”,,,,,,,,,比如，你现在是不是也老坐着不动，手机刷到半夜，肚子上的肉越来越多
P0299,1407,原来华人来澳洲后，发胖都是因为它！澳洲家庭随处可见！,,,,,,,,,前言 经常有小伙伴问小编，为什么到了澳洲之后莫名其妙的变胖了
P0192,1408,侮辱or玩笑？华人也在用的“修图神器”引发争议，已紧急下架,,,,,,,,,Duncan认为，很具迹象表明，大家又开始不喜欢胖的身体了
P0601,1409,“梨形身材是基因彩票”上热搜，网友：谢谢，有被安慰到,,,,,,,,,与之相对，最不健康的是“标准苹果”，上半身肉多得很，腿上却没多少脂肪
P0406,1410,奇葩！就因男友喜欢胖子！澳洲美女模特增肥至357斤！网友们都替她急死了！,,,,,,,,,罗西则说：很多人会好奇为什么我会长到这么胖，其实也没什么特别的
P0176,1411,伊能靜巴黎狂吃甜點稱發福了,,,,,,,,,伊能静身穿较贴身连身裙时，小腹部分似乎有些微凸
P0396,1412,大腹便便同時出現這些症狀 當心是腫瘤,,,,,,,,,"中年以上的人,几乎都有腹部变大的现象,可能是心宽体胖,缺乏运动、营养过剩,造过多的脂肪沉积在皮下及腹部网状组织内,使得腹部往外鼓起"
P0258,1413,减重季｜北京大学与USANA合作研究：纤维粉与代餐对健康的促进作用,,,,,,,,,吃的不一定多，但脂肪代谢不掉，所以常听说:喝水都长肉!            肥胖是一种代谢类的慢性疾病
P0032,1414,49岁林心如时装周生图曝光 身材发福脸颊圆润,,,,,,,,,当时林心如整个头仿佛开了放大镜，又浮肿又松垮，五官都像被挤到一样，还有了双下巴
P0239,1415,关晓彤最新状态惹争议:发福脸肿 年龄感尽显,,,,,,,,,笑起来的时候脸部状态也不是很好，不知道是因为脸上肉太多还是什么原因，法令纹非常明显，哪怕只是微笑，双下巴都被挤出来，面 部状态给人感觉非常油腻
P1075,1416,防止肥胖，要像猪一样吃饭,,,,,,,,,在重力作用下，身上多余的脂肪就很容易下垂，看上去也就更容易显老
P0430,1417,完蛋！澳洲科学家刚刚找到肥胖的终极原因！摸摸脑袋一切都懂了,,,,,,,,,伏隔核和内侧眶额叶皮质天生大的人，从一出生就注定了要付出比普通人两倍甚至很多倍的努力来克服美食的诱惑，来承担成为胖子的风险
P0280,1418,医生点名:这种“富贵包”很危险 怎样能缓解?,,,,,,,,,而肥胖的人由于脂肪沉积更为明显，因此更容易出现，尤其是脖子较短者
P1063,1419,重马胖女孩”意外出圈 曾是8块腹肌“追风少女”,,,,,,,,,3月2日，重庆马拉松开赛，一位参赛的胖女孩开心地面对镜头展示自我
P0013,1420,24岁中国妹子火上外媒！工作1年长胖40斤，她一怒之下辞职，前后转变惊呆网友...,,,,,,,,,“过劳肥”、“被累丑”，纯纯都是工伤
P0866,1421,美國男嬰接受客製化基因編輯治療 全球首例為罕病患者帶來希望,,,,,,,,,这位有著胖胖的脸颊和蓝色大眼睛的婴儿在出生后被诊断患有一种罕见并且严重的疾病，被称为氨甲酰磷酸合成酶I缺乏症(CPS1缺乏症）
P0007,1422,5 个专门胖肚子的坏习惯，你可能天天在做,,,,,,,,,「腰围越粗命越短」真不是谣言越来越多的研究发现：肚子越大，心脏越差
P0862,1423,美国女子为活命狂减400磅，她穿上泳衣亮相后，网友惊呆了...,,,,,,,,,根据Tammy的回忆，她似乎是一个“天选胖子”
P0024,1424,"41岁发福松弛的蒋欣,打脸了多少“假冻龄”女神",,,,,,,,,一边扎着双马尾把照片里的自己修饰得像20岁年轻人，但面对镜头还是无法说服观众，不管丰腴的身材还是脸上的肿胀僵硬都是岁月 的证据
P1043,1425,那些一胖就胖肚子的人，后来都怎么样了？,,,,,,,,,大概很多人都有这样的困扰： 很多女孩明明不算胖，但小肚子特别突出，而男的一过某个岁数，就是挺着 6 个月的啤酒肚，连全球最帅的男人小李子也难逃此劫
P0549,1426,“无意识变胖的四个习惯”上热搜，你中了几条？,,,,,,,,,双语君中国日报双语新闻2025年04月18日 18:31北京 近日，“无意识变胖的4个习惯”冲上热搜，引发网友广泛讨论
P0347,1427,唐代以胖为美？从唐代服饰探究其真假,,,,,,,,,那么，唐朝的审美真的发展成唯胖才美了吗
P0239,1428,关晓彤最新状态惹争议:发福脸肿 年龄感尽显,,,,,,,,,当时关晓彤的状态就 比较圆润了，红毯造型也比较臃肿，被网友吐槽了很久
P0029,1429,"45岁张柏芝最新露面:扎麻花辫略发福,颜值有变化",,,,,,,,,和以前相比，张柏芝好像发福了一些，整个人的轮廓还比以前更宽
P1039,1430,道家養生祛病延年(六),,,,,,,,,"例如七十年前的杨家太极掌门人杨澄甫宗师,后来的付钟文大师,以及现时的少林寺功夫大师主持人,都是肥胖雍肿的超重身材,他们在年轻时代功夫非常了得,并无身材肥胖过重的问题,究竟因何会发福肥胖呢?间题出在那里?相信是出在不懂僻谷服气这一题目上"
P1076,1431,"阿娇2个月内体重如过山车,最新巡演体重失控又复胖",,,,,,,,,就在刚刚结束的伦敦站巡演，有网友发了一张阿娇的现场照，没想 到阿娇又双叒叕胖了
P1046,1432,"郑伊健爱妻在日4年胖27斤,希望观众接受全新的她",,,,,,,,,蒙嘉慧表示与节目的另外一位主持人陈海宁很早就认识，对方曾和郑伊健合作，介绍她吃日本的“牛肠窝”，从此就爱上这份美食，变 得越来越胖，从15磅又加到30磅
P0480,1433,怎么减掉15斤赘肉？学习8个实用方法，让身材瘦下一圈,,,,,,,,,以上是8个减肥小妙招，帮助你轻松减掉15斤赘肉，让你的身材瘦下一圈
P0290,1434,华人惊恐发现，来了澳洲以后体重开始超标！全球肥胖榜，澳洲排名靠前，据说与地理位置有关？,,,,,,,,,原本，澳洲还是有机会改变肥胖问题的，可是一场疫情，大家被迫居家隔离，自暴自弃之下，澳洲的肥胖率进一步升高...其实澳洲人变胖真的有情可原，这一点大家也都知道
P0277,1435,助眠神器竟然是纯天然的，澳洲全球消费大户,,,,,,,,,研究发现：睡得更好，而非心血管改善 研究团队追踪了 969名25岁及以上、具有腹部肥胖特征的成年人，在为期26周的试验中，一半参与者每天食用一个大型Hass牛油果，另一半维持原有饮食
P1078,1436,阿娇复胖30斤！网友批评太不敬业，她却不受影响带狗去吃冰激凌,,,,,,,,,"在全球举办巡回演唱会,时代记忆里的女团Twins从北美开完回到了亚洲,最新一站到了新 加坡随着国人抛出来的小视频越来越多，大家发现，阿娇真的胖得没边儿了，尤其是和 年初她巡回演唱会的身材一对比，简直是胖若两人"
P0373,1437,在澳洲，胖是可以被原谅的！,,,,,,,,,为什么我的第二个下巴越来越明显了
P0459,1438,巨石强森变“鹅卵石”:大肌霸的诸神黄昏,,,,,,,,,肥胖畸形的身体带来了巨大的流量，让他的财富随体重一同起飞，住上了豪宅但也戴上了呼吸器
P0935,1439,英国肥胖求助者增多 消防员4小时提供一次转移救援,,,,,,,,,而抛开求助数量不谈，英国的成年人肥胖率也是在增加的，据2022年的数据显示，成年人的肥胖率已经达到了27%，尽管这其中大多 数人都不至于胖到无法移动
P0472,1440,彻底放飞自我?阿娇最新演出胖成“阿爆”演出划水,,,,,,,,,据悉，twins最近一段时间一直在忙着海外巡演，前不久刚结束伦敦站，按理来说，在海外忙着巡演，肯定会很忙很累，阿娇理应会瘦 一些，但是万万没想到，阿娇比伦敦站的时候，还要胖一点
P0023,1441,40 万学费换地狱体验？澳媒爆料： 悉尼顶私丑闻清单曝光,,,,,,,,,其中一条写道：”你这个愚蠢的胖 XX...”，另一条则充满羞辱：”没朋友的 滋味不好受吧
P0884,1442,"老戏骨林雪健康令人担忧!体重飙升,做运动表情痛苦",,,,,,,,,许久没露面的他居然体重已经飙升至288磅（约261斤），尤其是他的巨腩尤为突出，如此庞大的身躯，想必给林雪带来了很多的烦恼
P1059,1443,“重”视体重，“轻”松生活：肥胖问题我们说清楚,,,,,,,,,🥤不良生活方式： 高热量饮食（炸鸡、蛋糕、奶茶...） 久坐不动，缺乏运动 睡眠不足，影响控制食欲的激素 🧬遗传因素：有些人确实“更容易胖”，但后天努力可以逆转趋势
P1050,1444,郭碧婷《浪姐5》路透，近状曝光胖了一圈，双下巴明显超有贵妇范,,,,,,,,,近距离侧面拍摄的郭碧婷就更显富态了，脸部线条都没出道时那般流畅，下颌线由尖变圆，双下巴明显可见
P0490,1445,惊人报告！澳洲超市里的这些东西，吃多了中风早死风险飙升！吓得手里可乐都掉了！,,,,,,,,,月初，有研究毫不意外地证明这一类食品极其容易让人发胖
P0600,1446,梨形身材才是最完美身材！中了基因彩票 寿命更长,,,,,,,,,9月3日消息，微博话题“梨形身材是中了基因彩票”上了热搜榜
P0988,1447,贾玲回应“体重反弹” 最新出镜发声:维持不住的,,,,,,,,,贾玲称，自己现在确实比原来胖了点儿，“拍《热辣滚烫》时的体脂率太低了，是维持不住的，当时只是为了视觉效果
P0347,1448,唐代以胖为美？从唐代服饰探究其真假,,,,,,,,,我们后世之所以传出唐朝以胖为美的句子也离不开朝代的更迭
P0169,1449,什么时候才能停止对马思纯身材的审视？,,,,,,,,,所以小肚子是人间常态，你硬要减掉它，无处安放的内脏表示很委屈
P0132,1450,中国社会面临肥胖危机 超重人口比例或将超过美国,,,,,,,,,“在中国文化中，他们喜欢小孩子长得胖乎乎的，”悉尼营养师陈莉莎（Lisa Chen）说
P1069,1451,长得胖算什么，“体态崩了”才可怕！明明打扮精致，看着却更土了,,,,,,,,,当然，每个人都有自己独特的美丽之处，我们应该学会欣赏和接纳不同的美，所以即便身材微胖，也无需焦虑，你不需要因为别人的看法一味地去减肥，像这些中年妈妈们，只要体态好＋状态足够自信，和年轻女孩站一起也丝毫不逊色
P0176,1452,伊能靜巴黎狂吃甜點稱發福了,,,,,,,,,不过伊能静却被粉丝发现怎么「发福了」，而她也大方坦承，并自嘲「重回微胖圈」
P0885,1453,职场有毒！24岁华人妹子上班1年增重40斤！辞职后的变化震惊全球网友…,,,,,,,,,” 俗称“一白遮百丑，一胖毁所有”，随着体重上升，人们也越来越不敢面对镜子里的自己
P0490,1454,惊人报告！澳洲超市里的这些东西，吃多了中风早死风险飙升！吓得手里可乐都掉了！,,,,,,,,,这类食品最明显的危害和垃圾食品一样，是会让人发胖
P0261,1455,出現這些症狀 其實你正在「發福」,,,,,,,,,"糖尿病:过度肥胖会增加患糖尿病的风险,特别是2型糖尿 关节问题:过重的体重对关节产生额外压力,增加患关节炎等 问题的风险"
P1010,1456,身材决定寿命？研究发现：活过80岁的老人，身材大多有两个特征,,,,,,,,,2.屁股大，血脂好 臀围大的人说明下身的肌肉发达，《国际肥胖症杂志》上的研究指出，这类人的血脂会更好
P0918,1457,胖一点的老人和瘦一点的老人，谁更长寿？调查55万人后给出答案,,,,,,,,,二、胖一点的老人和瘦一点的老人，谁更长寿
P0593,1458,杭州女大生擺攤賣畫救母傳來好消息 媽媽康復「白白胖胖」,,,,,,,,,」罗钰婷的母亲出院后，她答应网友要监督她好好休养，把妈妈养得白白胖胖的
P0126,1459,中国人真的，越来越胖了,,,,,,,,,很多家长觉得小朋友胖点没关系，等长大后就会“抽条”变瘦，但实际上，小时候胖的小朋友长大后胖的概率更大
P0145,1460,中年因“发福”变“大妈”？网友：不同阶段不同美，别身材焦虑,,,,,,,,,中年因“发福”变“大妈”
P1074,1461,關曉彤胖成27歲少婦 網友辣評,,,,,,,,,【本报讯】关晓彤，27岁，怎么看上去像是快40的中年少妇
P0157,1462,久违现身!47岁赵薇发福 素颜显老眼睛水肿,,,,,,,,,47岁赵薇久违现身，素颜显老发福不少，眼睛水肿凸出变得好奇怪
P0884,1463,"老戏骨林雪健康令人担忧!体重飙升,做运动表情痛苦",,,,,,,,,俗话说，一胖毁所有，尤其是对于年纪越来越大的人，晚年一旦肥胖健康就很容易出问题
P1045,1464,郑伊健夫妇移居日本逛超市 50岁蒙嘉慧发福疑怀孕,,,,,,,,,再看蒙嘉慧显然发福得多，不止有很明显的双下巴，肚子也是鼓鼓的
P0871,1465,【美女】对不起！男人眼中的微胖，长这样,,,,,,,,,看到越来越多的微胖女生，敢于大方地展现自己的身材
P0756,1466,物理治疗是医疗界最鲜为人知的秘密,,,,,,,,,她说，“即使没有严重肥胖，体重也可能影响活动能力
P0412,1467,她患“白雪公主综合征”，嫉妒亲女儿：她长大成美女，我变野兽了...,,,,,,,,,生完两个娃，再加上年纪上来，基础代谢下降，Michelle身材近年来有点发福走样
P0167,1468,人设崩塌! 以瘦著称的法国人近半数超重?,,,,,,,,,为什么男女“变胖”趋势有所不同
P0299,1469,原来华人来澳洲后，发胖都是因为它！澳洲家庭随处可见！,,,,,,,,,因为到处去“网红”餐厅打卡，自然环境安逸，再加上各种五花八门的甜食总是吸引你的目光和钱包，填补你的脂肪和生活…这样的理由虽然能说一大堆，但是你绝对想不到：“吃土”也会导致变胖
P0220,1470,全台每2人就有1人胖 肥胖比例每年增幅達4.1%,,,,,,,,,台湾肥胖医学会理事长林文元表示，「小时候胖不是胖」是错误的观念，在肥胖儿童中，超过7成成年会继续肥胖，肥胖对健康造成许多冲击，罹患糖尿病、代谢症候群、血脂异常的风险比一般人高出3倍以上，罹癌风险也增加，具较高的死亡风险
P0927,1471,腹部、大腿還是手臂?,,,,,,,,,"脂肪囤积位置,决定你的健康密码 谈到“发胖”,大部分人第一反应是体重计上的数字,但其实真正决定健康风险的,并不是你胖不胖,而是你胖在哪里"
P0569,1472,最新！谷歌工程师杀妻案再开庭，律师再用“拖延战术”，凶手等得都发福了！,,,,,,,,,相比于之前的几次出庭，他看上去明显发福，引发了外界对其健康状况的猜测
P0597,1473,柜姐评论刘亦菲微胖被辞退 政府劳动部门回应了,,,,,,,,,据社交媒体截图，该柜姐以“Lefame南京德基-安娜”评论网友“你穿的比刘亦菲好看”“其实刘亦菲有点微胖，所以你们穿也比她好 看”
P0472,1474,彻底放飞自我?阿娇最新演出胖成“阿爆”演出划水,,,,,,,,,而且阿娇仿佛陷入了恶性循环一样，越胖在舞台上越懒得动，越懒得动越胖，twins巡演这么久，阿娇也不止一次被吐槽演出划水，但 凡舞台上能够把动作做到位，阿娇也不至于演唱会越开越胖
P0274,1475,"别超重!体重如果达到这个数,等于大脑早衰了12年",,,,,,,,,当身上的赘肉一点点减少，你收获的不仅是好身材，还有健康、自信与成就感
P0509,1476,才30岁，杭州小伙确诊癌症！以为只是胖！医生提醒：太危险,,,,,,,,,"近年来,他的体重更是直接飙升到300多斤,BMI指数高达惊人45.4(正常值为18.5-23.9 kg/m2),属于重度肥胖状态"
P1024,1477,这样吃饭的人，患脂肪肝风险大大增加！很多人这样吃还不自,,,,,,,,,吃饭三个改变，很多疾病都少了 一、吃饭速度慢一点 1. 吃饭速度慢，不容易长胖
P0406,1478,奇葩！就因男友喜欢胖子！澳洲美女模特增肥至357斤！网友们都替她急死了！,,,,,,,,,渐渐的，他们达成了共识，都觉得女生胖一点更可爱
P1063,1479,重马胖女孩”意外出圈 曾是8块腹肌“追风少女”,,,,,,,,,李利笑称，今年32岁的她早已过了“女孩”的年纪，不过，如今160斤的自己曾经也是拥有8块腹肌的“追风少女”…… 曾是8块腹肌的“追风少女”“谁说胖女孩跑不完全马42.195公里
P0932,1480,"英国最胖的人:体重890斤创世界纪录,成功减重‘三个贾玲’!被美国女子求爱追到英国…",,,,,,,,,看着儿子身材日渐臃肿，家庭积蓄也在减少，保罗的母亲决定不能再纵容他了
P1029,1481,追求长寿第一步：把自己吃胖一丢丢,,,,,,,,,这里公开批评下我的老父亲，身高挺高，皮脂不厚，浑身脂肪都聚集到肚子里成为了内脏脂肪，还天天嚷嚷自己BMI特别标准
P0411,1482,她因巨大鼻子走红 大量恶评让她整容 她却自信,,,,,,,,,她出生于赞比亚，在她的国家，女性美的标准是曲线优美、身材丰腴
P0922,1483,胖瘦由“菌”决定！增加肠道「瘦菌」，日本美慈利：这些食物让你越吃越瘦！,,,,,,,,,当人体肠道内「瘦菌」占优势时，即使稍微吃多了，也不容易发胖
P0345,1484,哪种体型的人更长寿？研究发现：这个部位“细”点好！,,,,,,,,,如何保持“微胖腰细”的身材
P0905,1485,肥胖增13種癌症風險 防癌、減肥飲食法正夯,,,,,,,,,而且，当一个人越胖、体重超重的时间越长，罹癌的风险就会增加
P0102,1486,三年前一個決定讓他成為「網紅」 收穫積極支持,,,,,,,,,我开始变胖，也变得懒散起来
P1010,1487,身材决定寿命？研究发现：活过80岁的老人，身材大多有两个特征,,,,,,,,,对于老年朋友来说，过去“千金难买老来瘦”的观念要适度转变下，微胖可能是更符合老人的身材，日常生活中，也要注意营养跟上，这样才会身体越来越好
P0922,1488,胖瘦由“菌”决定！增加肠道「瘦菌」，日本美慈利：这些食物让你越吃越瘦！,,,,,,,,,另外，我们还可以在日常生活中，多吃一些「瘦菌」喜欢吃的食物，增加肠道内的有益菌，养成稍微吃多一点也不会发胖的身体! 「瘦菌」最喜欢的食物是高膳食纤维、低脂肪、低糖的食物，比较将下面这六种食物搭配使用，坚持两周，增加肠道内的「瘦菌」，打造不易发胖的肠道! 【食物1】酸奶乳清，增加减肥荷尔蒙 乳清是酸奶中的上清液
P0528,1489,挺住，别躺平！30岁后的男人，减掉肚腩才能赢未来,,,,,,,,,从少年到中年，体重悄悄失控 不少人发现，曾经的清秀少年一过30岁，就像“吹了气”一样迅速发福
P1075,1490,防止肥胖，要像猪一样吃饭,,,,,,,,,②营养均衡，就不容易发胖
P0037,1491,53岁袁立现身巴黎，瘦身15斤颜值回春，小12岁老公邋遢似老头,,,,,,,,,之前有很多人说“袁立离开娱乐圈后都胖成了村妇”，殊不知，人家稍微一减肥，立马就会成为明艳大美人
P0290,1492,华人惊恐发现，来了澳洲以后体重开始超标！全球肥胖榜，澳洲排名靠前，据说与地理位置有关？,,,,,,,,,不少华人来到澳洲以后，慢慢的发现自己的体重也绷不住了...即便胖成这样，澳洲也只是在世界肥胖排行中名列25位，前面还有24个国家
P0184,1493,你以为在减肥，其实很伤身！常见的 5 个“无效减肥”行为，比发胖还可怕,,,,,,,,,"“我明明很努力了,怎么又胖了 ?! “ 这到底是怎么回事?其实,问题不在你不够自律,而是很多流行的减肥方法本身就是“无效”的"
P0557,1494,日本贵族胖哥减肥逆袭成最帅校草，人生刚开挂却意外被捕！,,,,,,,,,才从胖子生涯中逆袭成功的系洲朝贵瞬间跌落至了更黑暗的深渊中，出生于贵族血统家庭，最终却只能锒铛入狱
P0556,1495,日本综艺减肥实测:51岁胖妈两周怒减6斤,,,,,,,,,楼梯、走道全部加设了自动化电梯，要吃饭有外卖可以叫……沉浸在便利环境的同时，不少人也慢慢得上了“富贵病“，其中很多病都是身体肥胖所引起的
P1043,1496,那些一胖就胖肚子的人，后来都怎么样了？,,,,,,,,,一般男性腰围≥ 90cm 、女性腰围≥ 85cm ，就属于腹部肥胖[1]
P0723,1497,澳洲研究：女性腰部有点赘肉，可降低骨折危险！身体上的这6个“缺陷”反而让你更健康,,,,,,,,,“我个子不高” “我的腿好粗”“我皮肤好黑” ..... 如今不少人存在容貌焦虑
P0441,1498,对比41岁贾玲和沈腾老婆后，才发现压力胖和幸福肥的差距一目了然,,,,,,,,,王琦也是如此，虽然被网友诟病“不修边幅”，但是王琦却乐在其中，纯纯的幸福 肥
P0472,1499,彻底放飞自我?阿娇最新演出胖成“阿爆”演出划水,,,,,,,,,这话是不假，但胖成“阿爆”的阿娇，在 舞台上真的很影响演出效果，现在随便一个阿娇的演出视频，都能让人隔着屏幕就能感受到阿娇“虎背熊腰”带来的视觉冲击力
P0587,1500,李湘机场照火了！身材又胖了一圈，走路时连肉都在抖动！喜感十足,,,,,,,,,"近日,李湘再次穿了一条暖色系为主的花色长裙现身机场,最新照片中不难看出李湘纤细的 身材好像又胖了一圈,但李湘整个人的状态甚为在线"
P0180,1501,体重不知不觉就增加？7个方法帮你减肥,,,,,,,,,许多人到了五十多岁才会注意到自己长胖，就是因为体重是缓慢稳定地长起来的
P0462,1502,常吃这4类食物的人，肚子最容易长肉！,,,,,,,,,饱和脂肪酸相对不利于减腹部皮下脂肪，虽然不是内脏脂肪，但是腹部皮下脂肪多了肚子也会大
P0776,1503,男子身材偏瘦酒後突心肌梗塞 壞膽固醇超過2倍,,,,,,,,,黄祺耀说，男子身高约170公分，体重约60多公斤，身材偏瘦，一般人认为，身材肥胖的人胆固醇比较容易过高，这名患者抽血检查发现总胆固醇高达335mg/dl，是正常值的1.5倍，三酸甘油脂也超过正常值，追问得知过去都没有体检过
P0605,1504,欧阳娜娜「腰间肉溢出」画面疯传！网一看全愣了：太尴尬,,,,,,,,,影片中，只见欧阳娜娜穿着细肩带皮质两件式套装，中间小 露蛮腰相当性感，不料当她开唱后在舞台上走动时，却意外发现「腰间肉」被挤出来，引来网友 狂酸：「腰旁边挤出来的是肉吗
P0825,1505,硅谷杀妻案新进展：陈立人变白变胖，妈妈头发变白，将做无罪辩护,,,,,,,,,其他听众也同样分享了此次庭审的感受，同样提到陈立人胖了一些
P0657,1506,潘帅变潘叔？44岁潘玮柏中年发福不敢认，胖至200斤老10岁，网友：快减肥,,,,,,,,,他在节目里自曝，从国中时期就 开始发胖，被朋友起外号“小肥”
P0743,1507,热搜爆了！贾玲大波浪晚礼服惊艳网友！专家：贾玲减肥的案例普通人可以复刻,,,,,,,,,刘猛说，大多数肥胖者都是后发性肥胖，就是伴随年龄增长、工作压力增大和生活忙碌，逐渐胖起来的
P1009,1508,身材决定寿命？研究发现：大腿粗、屁股大的人，可能更长寿,,,,,,,,,老李在踏入40岁“大关”后，明显觉得自己身材变胖了，原先的裤子总是腰围小了
P0032,1509,49岁林心如时装周生图曝光 身材发福脸颊圆润,,,,,,,,,如今看来，林心如当时就是在为时装周做准备，半个月时间刚好恢复，只是现在的效果似乎并不算太好，要么是还没有彻底恢复最佳状态，要么就是她真的发福了
P0370,1510,在国外穿S码 回国居然穿不了XL码 怎么回事?,,,,,,,,,尤其在像纽约这样的大城市，有很多美国女性害怕变胖，而且深受媒体的影响
P1029,1511,追求长寿第一步：把自己吃胖一丢丢,,,,,,,,,为什么微胖人群的死亡风险，比身材完全标准的人要更低呢
P0126,1512,中国人真的，越来越胖了,,,,,,,,,中国人，越来越胖 首先来说什么样的算胖
P0345,1513,哪种体型的人更长寿？研究发现：这个部位“细”点好！,,,,,,,,,其实这个说法并非正确，原来“微胖腰细”才是最佳的长寿身材
P0019,1514,33岁张含韵被骂“爆肥”！1.62米55公斤，本人晒秤自嘲“真的胖”,,,,,,,,,” 虽然全网都在吐槽她“胖”，但她的心态还是很淡定的，甚至晒出了露双下巴的自拍照，大方自黑
P0462,1515,常吃这4类食物的人，肚子最容易长肉！,,,,,,,,,气球肚 气球肚的肚腩向外突出，触摸很硬，通常由肠胃胀气、便秘引起
P0919,1516,胖到認不出 42歲姚迪罕見現身,,,,,,,,,6月29日，有网友分享了姚笛罕见参加活动的照片，42岁的她胖了很多，网友直呼认不出来了
P0192,1517,侮辱or玩笑？华人也在用的“修图神器”引发争议，已紧急下架,,,,,,,,,”Thomas认为，这种滤镜加深了社会对胖体型的偏见
P0927,1518,腹部、大腿還是手臂?,,,,,,,,,"有些人虽然圆润,但大多数脂肪长在大腿和臀部,对代谢影响不大;有些人外观看似不胖,却肚子圆、腿细,这就是典型的“隐性肥胖”"
P0108,1519,不是错觉：过了这个年纪，长胖真的更容易,,,,,,,,,因为过多的脂肪会增加疾病的风险，也使我们的身材变得臃肿
P1083,1520,"陈瑶一句“我胖了”惹怒网友, 明星都是怎么瘦下来的!",,,,,,,,,通过利用闹钟，我们可以把一天的生活安排得更加有条理，避免不规律生活带来的发胖的风险
P0430,1521,完蛋！澳洲科学家刚刚找到肥胖的终极原因！摸摸脑袋一切都懂了,,,,,,,,,只要大家掌握自己的肥胖类型，坚持科学减肥，就算没有逆天减肥科技加持，相信大家即使和天生瘦子比不了体重，也至少能成为一个微胖界的丰腴美人儿～ 谁说我们瘦不了，我们偏要美给你看
P0385,1522,多做这件事，真的能更聪明！,,,,,,,,,二是“隐性肥 胖”者（外表正常、BMI正常），体脂率（尤其内脏脂肪）可能超标，需进一步检 测确认
P0595,1523,柜姐因评论刘亦菲微胖被辞退 网友称没必要 品牌回应,,,,,,,,,近日南京德基一柜姐评论刘亦菲微胖被辞退引起热议 据社交媒体截图，该柜姐曾评论网友“你穿的比刘亦菲好看”“其实刘亦菲有点微胖，所以你们穿也比她好看”，且均以“Lefame南 京德基”的显著标识账号发文
P0441,1524,对比41岁贾玲和沈腾老婆后，才发现压力胖和幸福肥的差距一目了然,,,,,,,,,看完贾玲，再反观同龄人王琦的“幸福肥”，简直差距甚大，虽然都是胖，但也不 全是一样的
P0206,1525,【健康知识】这些关于身体健康的常识，一定有人不知道！（建议收藏）,,,,,,,,,睡不好和长胖的背后，可能隐藏着各种躯体问题和情绪问题不及时解决，会给身心健康带来更大负担遇到睡眠问题或是异常的体重变化，必要时请一定及时向医生求助
P1098,1526,韩庚演唱会被嘲吃相难看！脸僵像王阳身材像黄渤，舞都跳不动了,,,,,,,,,"韩庚的状态也大不如前,从脸到身材都发福走形,最关键的是业务能力急速下降,不但唱功 气息不足,连他最拿手的舞蹈都跳不动了,跳得跟养生操一样,实在是没眼看"
P0022,1527,39岁郭碧婷正式复出！虎背熊腰胖了50斤，复出原因疑曝光,,,,,,,,,侧面看，双下巴也是若隐若现，比之前胖了不止一星半点
P1008,1528,身体胖寿命短？医生却说：恭喜你！这2个地方“胖”是好事！,,,,,,,,,大腿粗，降低高血压和心脏病风险
P0345,1529,哪种体型的人更长寿？研究发现：这个部位“细”点好！,,,,,,,,,研究发现：在高龄长寿老人中，体重指数较 高且腰围较细的体型，死亡风险最低
P0428,1530,學童愛逛便利商店 營養師推薦健康課後點心清單,,,,,,,,,台湾人体重仿佛坐上失速列车，最可怕的是，台湾不只胖子大人多，小胖子也不少
P0014,1531,24岁大胃王胖到去世！狂吃成600斤“肉山”-,,,,,,,,,可成名的代价，是他的体重一路飙升，健康状况亮起红灯…… 其实早在入行以前，Kultur就有严重的肥胖症，他身材宽大，面部几乎被肥肉填满， 做了吃播以后，饮食毫无节制，也不锻炼身体，肥胖问题自然加剧，有媒体透露，他的体重已经超过了300公斤
P0950,1532,"被潘玮柏老婆泳装照惊艳:身材凹凸有致,白到发光",,,,,,,,,她上身丰满，腰线纤细，曲线自然，很有女人的韵味
P0066,1533,減重也可以切換「休息模式」不復胖的秘訣,,,,,,,,,」阶段性休息非常重要，能带给身体固定体重不复胖、打破停滞期等好处，同时萧捷健医师也教大家四招，阶段性休息不复胖的秘诀
P0192,1534,侮辱or玩笑？华人也在用的“修图神器”引发争议，已紧急下架,,,,,,,,,” “这个滤镜不仅对胖人有害，也影响着整个社会
P0594,1535,林生斌新照曝光，身体发福，有人再曝纵火案另有猫腻，反噬真的来了？,,,,,,,,,3 网友推算时间轴，算出林生斌2017年身边已有其他女人 2024年7月，林生斌在澳大利亚果园里的生活照被网友曝光，照片里，他身体发福，状态不错，看上去早已走出失去老婆和三个孩子的阴霾
P0245,1536,内马尔最新照片大变样 明显发福成“肉马尔”,,,,,,,,,现场视频显示，内马尔在养伤期间确实长胖了，但没有上面照片那么明显
P0126,1537,中国人真的，越来越胖了,,,,,,,,,变胖的主要原因就是两点：吃的食物热量太高，运动消耗的太少
P0032,1538,49岁林心如时装周生图曝光 身材发福脸颊圆润,,,,,,,,,不过远看全身造型，这身行头并不太突出，红唇红腰带红鞋子，看着十分和谐，却显得很沉闷，风衣也不够利落，显得整个人好像很胖
P0173,1539,以为会发胖，实际很减肥的 6 个行为，别再误解它们了！,,,,,,,,,实际上，适当吃碳水，尤其是粗杂粮，不仅不会让你变胖，反而能帮助我们维持食欲稳定、避免暴食
P0654,1540,減重後被說復胖 賈玲分享運動日常,,,,,,,,,但「贾玲复胖了」这个话题数次登上热搜」
P0134,1541,中国肥胖地图来了！超四成男性超重,,,,,,,,,关注“大肚腩” 中国41.1%男性体重超重 《人民日报》健康客户端报道，报告数据显示，从肥胖的“性别差异”来看，超重和肥胖在中国男性中比女性更普遍，超重男性占比41.1，女性占比27.7%，肥胖男性占比18.2%，女性占比9.4%
P0108,1542,不是错觉：过了这个年纪，长胖真的更容易,,,,,,,,,吃得多了，运动还少了，能量就更不能消耗掉，也就更容易长胖了
P0430,1543,完蛋！澳洲科学家刚刚找到肥胖的终极原因！摸摸脑袋一切都懂了,,,,,,,,,我们有名字，我不叫胖子
P0070,1544,台湾电影《大饿》：肥胖与自我的和解之旅,,,,,,,,,这部电影讲述了一个两百多斤的女孩阿娟因为过胖的体型，在生活中处处受到嘲笑和侮辱而后奋力减肥的故事
P0922,1545,胖瘦由“菌”决定！增加肠道「瘦菌」，日本美慈利：这些食物让你越吃越瘦！,,,,,,,,,想要不变胖，日常生活中，我们可以补充可增加有益菌的健康食品，比如美慈利奇迹源生，含有乳酸菌生成物质，可以调整肠道菌群平衡，增加有益菌的数量，增强免疫力，并帮助您养成易瘦体质，拥有健康光滑美肌
P0042,1546,"60岁水均益现身加拿大,身材发福,大腹便便遭嘲笑",,,,,,,,,很多网友也都将注意力放在了他发福的身材，要知道年轻时候的他，帅气英俊，可是迷倒了不少观众
P0130,1547,中国男人配不上中国女人？,,,,,,,,,中国男人中膀阔腰圆、雄姿英发的极其罕见
P0441,1548,对比41岁贾玲和沈腾老婆后，才发现压力胖和幸福肥的差距一目了然,,,,,,,,,一次在参加综艺的时候，节目组给的选题是《那些年我们追过的女孩》，王子文见 贾玲要参加，直接说“贾玲姐跑更不对了，杨颖跑还差不多”，言外之意贾玲那么 胖怎么会有人追
P0406,1549,奇葩！就因男友喜欢胖子！澳洲美女模特增肥至357斤！网友们都替她急死了！,,,,,,,,,希望更多的世人了解他们这样的群体在节目里，他们对这段感情分别发表了自己的看法：杰夫表示:罗西现在很胖，我喜欢她，在奔现之前我们就聊了很久了，也对彼此有很深入的了解
P1009,1550,身材决定寿命？研究发现：大腿粗、屁股大的人，可能更长寿,,,,,,,,,一、柳叶刀：腰围粗的人更易患痴呆 《中国居民营养与慢性病状况报告（2020）》内发表的数据显示，我国成年人中肥胖超重的比例已经超过了50%，6~17岁的儿童青少年比例接近20%、6岁以下儿童的比例也达到了10%，且该数值还在不断上升中
P0321,1551,吃播鼻祖减肥200斤轰动全网：攒了两年的假视频骗过所有网友，只为整个大活？？！,,,,,,,,,（鳄梨跳舞庆祝减肥成功）紧接着今年上半年又宣布放弃减肥，决定再度变胖
P0462,1552,常吃这4类食物的人，肚子最容易长肉！,,,,,,,,,减肚腩除了注意吃，还要会动 北京体育大学运动人体科学学院教授苏浩建议，对腹部进行减脂，一要坚持长时间的规律运动，如有氧运动、高强度间歇训练、负重训练、伸展运动
P1059,1553,“重”视体重，“轻”松生活：肥胖问题我们说清楚,,,,,,,,,“壮”≠“健康”👀 你可能想问：“我只是圆润一点，是不是肥胖
P0126,1554,中国人真的，越来越胖了,,,,,,,,,此时你的BMI水平可能正常，但若腰围男性超过90厘米（大于等于），女性超过85厘米时，就算“中心性肥胖”了[9]
P0004,1555,3类人的肝脏属于“易胖体质”，肝癌风险也在升高,,,,,,,,,脂肪肝离肝癌仅4步之遥： 单纯性脂肪肝 肝脏变胖，但还没有炎症，通常没有明显不适，一般在体检时通过B超发现
P0451,1556,小李子为爱减肥？恋爱后怒减小肚子，瘦出下颌线,,,,,,,,,2023年初，和维托莉亚约会之前，肉肚顽固存在
P0149,1557,中醫在癌症晚期病人中的輔助治療(個案分享),,,,,,,,,"患者走的时候,因为长期能够吃饭,胖 胖的,没有皮包骨头"
P0921,1558,“胖死”成真！欧洲人拿什么拯救失控的体重…连“小瘦子”法国人都“膨胀”了？,,,,,,,,,欧洲“小瘦子”法国人居然也会体重失控
P0928,1559,良医支招减重秘籍：吃对动好心情佳，告别肥胖就这么简单！,,,,,,,,,更别提压力大时，不少人会暴饮暴食，体重蹭蹭上涨
P0406,1560,奇葩！就因男友喜欢胖子！澳洲美女模特增肥至357斤！网友们都替她急死了！,,,,,,,,,就因为杰夫喜欢超胖的女人，所以她涨了12磅来满足他
P0158,1561,乌龙胖?贾玲上镜胖十斤 网友晒出对比照,,,,,,,,,”“镜头对微胖体型实在太苛刻
P0478,1562,微胖入秋别这么穿！显胖又土气，真的太丑了！,,,,,,,,,我发现，很多姐妹真的有很严重的身材焦虑，因为每次我在推荐衣服的时候，就总能收到这样的留言：“这些衣服都是瘦的人才能穿的” “像我这样的身材根本穿不出去” “能不能推荐一些胖的人适合穿的” 虽然但是，我不允许我的姐妹们有任何这方面的想法，你们都是最最最好看的，都给我自信起来 而且有一说一，我觉得很多时候姐妹们不需要去care别人的想法，做好自己就可以啦
P0921,1563,“胖死”成真！欧洲人拿什么拯救失控的体重…连“小瘦子”法国人都“膨胀”了？,,,,,,,,,虽然法国人速来让人有吃不胖的印象，在报告上看，法国人体重问题也似乎是欧洲人里比较乐观的，但是与自身相比的话，法国人在今年确实全体“膨胀”了
P0276,1564,劉亦菲驚爆發福 臉圓身材腫一圈 網：肉肉的才好看,,,,,,,,,不过，她日前被狗仔拍到外出模样，被指身材发福严重
P0426,1565,孩子胖胖的，是好事吗？,,,,,,,,,但是事实上，孩子过度肥胖可不是什么好事
P0359,1566,【圆桌健谈】专家详解轻断食：怎样才能吃得少 身体还更好？,,,,,,,,,“ “那脂肪储存在腹部呢，就是肥胖
P0451,1567,小李子为爱减肥？恋爱后怒减小肚子，瘦出下颌线,,,,,,,,,2013年为了拍电影才达到这些年的苗条巅峰，大部分时候都处于肥胖和圆润这两个区间
P1113,1568,"高云翔被曝再婚生女,发福发腮变化大,疑带二胎旅游",,,,,,,,,只是怼脸看，高云翔发福发腮明显，笑起来皱纹更是无处躲藏，和之前的俊秀的模样相比反差很大
P1069,1569,长得胖算什么，“体态崩了”才可怕！明明打扮精致，看着却更土了,,,,,,,,,一、“体态崩了”为什么可怕，看到这些对比你就知道了 ⑴身材微胖的女人不注重体态，很容易显得油腻 女性不应该因为自己的身材而感到自卑或羞耻，而是应该通过适当的锻炼和穿着来展现出自己的美丽和自信，如果你因为体重增加或者是身材发福导致心态不好，自暴自弃就让自己变得越来越胖，再加上疏于锻炼和健身，身上的肉肉越来越松弛，油腻感也就不请自来了
P0515,1570,打造「不發胖體質」 的飲食祕訣,,,,,,,,,"打造「不发胖体质」的饮食，那么,甚么是打造「不发胖体脂」的饮食呢?最有效的秘决就是「活用维生素B群」维生素B群有助代谢,可提高「瘦身效果」,肥胖体型的人特别需要这种饮食力法·维生素B1又称「消除疲劳维生素」,因为「身体容易疲累一易胖体质」,若缺乏维生素B1,无法制造能量,就会变成易胖体质"
P0169,1571,什么时候才能停止对马思纯身材的审视？,,,,,,,,,”所以，在不影响健康的前提下，胖女孩也能很完美学过美术的人都知道，女性在放松状态下小腹微微隆起是完全正常的生理现象
P0430,1572,完蛋！澳洲科学家刚刚找到肥胖的终极原因！摸摸脑袋一切都懂了,,,,,,,,,很可能，一不小心，败给了脑中的恶魔诱惑，吃成了个胖子
P0853,1573,经济学人周刊：世界肥胖之都在哪儿？,,,,,,,,,一项新研究显示，几乎全球所有地方的腰围都在增宽 不久前，世界上还有更多的人食不果腹而不是吃得过多
P0441,1574,对比41岁贾玲和沈腾老婆后，才发现压力胖和幸福肥的差距一目了然,,,,,,,,,生了娃之后，王琦的身材彻底发了福，可是王琦却一点都不在意，即使去接孩子放 学被媒体拍到，王琦还是大大方方的
P0885,1575,职场有毒！24岁华人妹子上班1年增重40斤！辞职后的变化震惊全球网友…,,,,,,,,,而上班一年后，她体态发福，没有了双休日，倒是有了双下巴
P0568,1576,"最严重的青少年肥胖爆发:中国胖娃3000万,速度罕见",,,,,,,,,因为肥胖，小月的脂肪肝 很严重，还出现了黑棘皮症的现象——那是胰岛素抵抗的表现
P0890,1577,肥肉长在哪里最危险？50岁后脂肪长在这个部位或更易老年痴呆！,,,,,,,,,此类肥胖就是中心性肥胖（腹型肥胖、内脏性肥胖）
P0207,1578,“健康老年人”的标准你达到了吗？,,,,,,,,,体重方面，稍增加呈“微胖”状态最好，适当超重，其营养状态相对更好，在发生急性疾病的时候也就更容易抵抗疾病的伤害
P0568,1579,"最严重的青少年肥胖爆发:中国胖娃3000万,速度罕见",,,,,,,,,在国人的传统印象中，胖，往往给人一种好脾气，易沟通的印象，然而，在儿童肥胖门诊中，刘云曼介绍：学龄前肥胖儿童，家庭往往 不给予足够重视学龄前儿童肥胖问题，可能还只是认为孩子很“壮”，看着很有趣
P0258,1580,减重季｜北京大学与USANA合作研究：纤维粉与代餐对健康的促进作用,,,,,,,,,在保证有饱腹感的情况下还不会发胖
P0272,1581,别太胖!胃癌诱因重新排名了!“肥胖”挤进前三名,,,,,,,,,3、肥胖 肥胖已被普遍认为是一种能够诱发炎症和致癌的状态，有研究表明，与腰围较小的人相比，腰围较大的人胃癌风险升高了38%
P1009,1582,身材决定寿命？研究发现：大腿粗、屁股大的人，可能更长寿,,,,,,,,,世界卫生组织将中心型肥胖定义为，男性腰臀比超过0.9，女性超过0.85
P0048,1583,200斤女孩为美狂瘦至90斤 ！要么瘦，要么死,,,,,,,,,“因为当时我跟很多人都相处不来，就喜欢把压力用食物去解决，所以就胖得特别严重，然后别人越笑话我我压力就越大，越大就吃得越猛，然后就越胖，变成一种恶性循环
P1112,1584,體脂偏高小心罹患「CKM症候群」 心、腎、代謝疾病連環爆,,,,,,,,,此外，肥胖、腰部周围的额外体脂肪、高胆固醇、高血压、肾脏疾病、糖尿病、代谢症候群等都是「CKM症候群」的风险因子
P1029,1585,追求长寿第一步：把自己吃胖一丢丢,,,,,,,,,也就是说， 平安无事时瘦点好，突逢意外时胖点好
P0054,1586,2023中国肥胖地图出炉！41.1%男性体重超标......,,,,,,,,,保持身材为健康 清华大学玉泉医院内分泌免疫科副主任李步满表示，由于不良饮食习惯和久坐行为，现代社会以腹部肥胖为特征的代谢综合征患者明显增多
P0124,1587,中国三成胖人为腹型肥胖 专家:减重不要求快,,,,,,,,,”李小英教授指出，中国人群体脂分布更趋向于腹腔内积聚，近三成中国成年人为腹型肥胖，这可能是人种差异或其他生理原因导致的
P1059,1588,“重”视体重，“轻”松生活：肥胖问题我们说清楚,,,,,,,,,你有没有发现，身边的“小胖墩”和“大肚腩”似乎越来越多
P0119,1589,业内曝88岁范曾天大喜讯，此前娇妻被曝怀孕了,,,,,,,,,据悉，当时有人指出女方状态异常，身材发福，五官似乎走样，因此引发网友猜测她可能怀孕，但当事人始终未作回应
P1010,1590,身材决定寿命？研究发现：活过80岁的老人，身材大多有两个特征,,,,,,,,,与之一起的是，张大爷的肚子也慢慢鼓起来，往日平坦的小腹不见了，取而代之的是个将军肚
P1097,1591,韩庚演唱会被嘲吃相难看 身材像黄渤 跳不动了,,,,,,,,,韩庚的状态也大不如前，从脸到身材都发福走形，最关键的是业务能力急速下降，不但唱功气息不足，连他最拿手的舞蹈都跳不动了，跳得跟养生操一样，实在是没眼看
P0135,1592,中国胖子，即将反超美国,,,,,,,,,中国人越来越胖，而国内肥胖情况也有一定地域差异
P0775,1593,男子肚大如孕妇，减肥12年肚子就不瘦！结果是54斤巨大肉瘤...哪吒啊,,,,,,,,,肥胖的人不仅仅是腹部充满脂肪，四肢和脸部也会发胖的
P0585,1594,李小璐拍广告疑似正式复出 小腹凸起身材发福,,,,,,,,,此外，李小璐坐下时，她的腰间赘肉明显，又是穿的高腰上衣，形成“游泳圈”，看起来有点尴尬
P0260,1595,出席《世界肥胖日2024》宣傳活動 車婉婉與陳志雲呼籲關注肥胖問題,,,,,,,,,」身形一向纤瘦的车婉婉原来也试过重磅，她说：「在美国读大学时的同屋密友都是中东朋友，他们吃饭有很多菜式，前菜、主菜又要甜品，我样样都吃自然冲破了体重数字，又试过经常吃零食如吃薯片，吃到块面像光酥饼一样大，腮骨都见不到，最高试过有140磅
P0783,1596,瘦不下来，是身体给你最好的信号,,,,,,,,,每次聚会，也总有人说自己又胖了，减肥无果
P0979,1597,【读者投稿】走去走来 -,,,,,,,,,中年人腹部外突
P0993,1598,赌王女儿何超盈暴瘦？结婚时发福似两百斤，减肥速度堪比贾玲,,,,,,,,,有网友戏称何超盈为“胖妹富婆”，但现在她减肥成功后简直堪比贾玲，颜值和身材都让人惊艳
P0555,1599,日本妹子因被家人嫌弃太胖，一怒之下减掉134斤​！美得太惊艳...网友：减肥如整容啊,,,,,,,,,突然，以前娇惯绫香的爸爸和爷爷都开始冲她发火，嫌她太胖
P1069,1600,长得胖算什么，“体态崩了”才可怕！明明打扮精致，看着却更土了,,,,,,,,,（不良体态①)脖子前倾，导致虎背熊腰＋身高矮一截 脖子前倾是一种常见的姿势问题，如果不及时纠正，可能会导致身体形态越来越难看哦
P0658,1601,潘玮柏大走钟「胖到看不见脖子」 网笑：应该改名叫「潘玮厚」,,,,,,,,,潘玮柏近日在苏州举办演唱会，有眼尖网友发现，他在南京场时还有明显下颚线，不料到了苏州场时脖子与 下巴乍看之下紧黏在一起，而变胖的潘玮柏也因为跳舞显得 笨拙
P0924,1602,脂肪肝泛滥背后，是中国人的代谢危机,,,,,,,,,除了中心型肥胖，肌少症性肥胖也容易藏起来
P1083,1603,"陈瑶一句“我胖了”惹怒网友, 明星都是怎么瘦下来的!",,,,,,,,,大家是否还记得之前陈瑶参加《非常静距离》时说过，自己其实是个吃货，喜欢吃火锅，一周能吃6次火锅，但是因为脸小、骨骼不大的原因，并不会发胖
P0019,1604,33岁张含韵被骂“爆肥”！1.62米55公斤，本人晒秤自嘲“真的胖”,,,,,,,,,今年2月份，张含韵被拍到与演员佟梦实一同出门逛超市，恋情曝光后，她主演的电影又马不停蹄地上映，爱情事业双丰收之际，难免会有点“幸福肥”
P0313,1605,史上最变态残忍的饥饿实验：36名健康男子被活活饿24周，再恢复正常饮食，结果令人瞠目…,,,,,,,,,这就是为什么很多人减肥后反而比以前更胖，甚至更难控制自己的食欲
P1043,1606,那些一胖就胖肚子的人，后来都怎么样了？,,,,,,,,,腰围超过这个数，你就是“腹部肥胖”了这种肚子变胖的情况，在营养学上称为腹部肥胖（腹型肥胖）
P0129,1607,中国多地开设减重门诊 关注“胖”更要关心“人”,,,,,,,,,正如当前中国许多医疗卫生机构所倡导，减重门诊的开设和运行要以人为本、以健康为中心、以效果为导向，不仅关注“人的胖”，更要关心“胖的人”
P0840,1608,第一批打司美格鲁肽减肥的人，已被反弹劝退,,,,,,,,,四个月后，因为司美格鲁肽瘦身到104斤的王小姐后，体重反弹到了130斤——比用药前还重了两斤
P0146,1609,中年發福不是福 腰圍超標是警訊,,,,,,,,,中年发福和圆滚滚的肚子是许多人都会面临的困扰
P0830,1610,离婚9年后，41岁白百何嫁导演老公被宠溺，50岁陈羽凡胖到认不出,,,,,,,,,而另一边，50 岁的陈羽凡在一家小餐馆埋头吃着肥牛火锅，宽松的白 T 恤遮不住明 显发福的身形，双下巴凸显，脖子几乎与脸同宽，与当年舞台上那个嘶吼的摇滚主 唱判若两人，令人感慨不已
P1008,1611,身体胖寿命短？医生却说：恭喜你！这2个地方“胖”是好事！,,,,,,,,,大腿粗，骨密度更高
P0916,1612,肿瘤患者到底“胖点好”还是“瘦点好”？营养师表示,,,,,,,,,例如国际顶尖肿瘤学期刊 JAMA Oncology 杂志发表的一项研究揭示：BMI较高（超重或肥胖）的非小细胞肺癌患者对免疫治疗的敏感性更高，说明胖点可能一定程度上提高治疗的效果和降低死亡率
P1084,1613,陈飞宇曝私照后复出，自曝225斤瘦下来全靠跑步，因太胖被排挤,,,,,,,,,剧中男主角通过跑步寻找到了人生方向，而陈飞宇同样有着类似的经历，他透露自 己最胖的时候有两百多斤，而在减肥过程中唯一做的一项运动就是跑步
P1068,1614,"长在这两个部位的脂肪,其实是一种优势",,,,,,,,,正常范围内，大腿围越大，意味着腿部肌肉越强壮
P0585,1615,李小璐拍广告疑似正式复出 小腹凸起身材发福,,,,,,,,,侧面更加直观，如图，李小璐的小腹凸起，她的身材发福明显，如果不说名字，只看这个侧面，估计很多观众都没认出，这是李小璐
P0108,1616,不是错觉：过了这个年纪，长胖真的更容易,,,,,,,,,4 体内激素改变，让人很容易变胖 激素是体内各种新陈代谢反应的化学信使，调控着大多数身体机能的改变
P0629,1617,"没想到!如果胖得「稳定」,其实是一种长寿优势",,,,,,,,,体重指数较低同时腰围较高的人， 死亡风险高22%
P0916,1618,肿瘤患者到底“胖点好”还是“瘦点好”？营养师表示,,,,,,,,,事实上，肿瘤患者到底胖点好还是瘦点好
P0557,1619,日本贵族胖哥减肥逆袭成最帅校草，人生刚开挂却意外被捕！,,,,,,,,,就是这样一个在不一般的家庭长大并且众人公认和羡慕的神童，长大后却意外地变成了一个胖子加懒汉
P0033,1620,49岁林心如被网友恶评“肥大婶”，她高情商回复“羞耻心在哪”,,,,,,,,,甚至不少网友留下恶评“肥大婶”
P0989,1621,“贾玲在手机里胖了十斤”，那个快乐的贾玲又回来了,,,,,,,,,也有人怀念那个胖乎乎、天然带喜感的贾玲，觉得瘦了之后少了一份独特的幽默感
P1077,1622,阿娇又复胖？ ！圆脸粗手粗腿 对比女主持超残酷,,,,,,,,,钟欣潼2021年曾出现过身材暴肥的情况，之后她靠运动与饮食控制慢慢瘦下来，后来参加「浪姐 3」时更是让体重下降到4字头，近日她现身一场活动时，可以明显看出手臂及大腿变粗，脸也较 为圆润，与一旁又高又瘦的主人相比，画面让网友看了直呼「怎么变得这么肥美」香港女星钟欣潼（阿娇）日前出席一场活动，身形看起来变得较为臃肿，而且当她与活动主持人站一起时， 超明显的对比就宛如「公开处刑」，引发网友热议
P0303,1623,发胖真有“分界线” 从这个年龄开始代谢急转直下,,,,,,,,,高能量食物吃得多了，能量摄入也随之升高，自然就更容易长胖
P1095,1624,面相变了!贾玲最新露面 体重竟反弹回归原状,,,,,,,,,从 “胖演员” 到 “瘦导演” 的转型之路 曾经的贾玲，那可是舞台上响当当的开心果，凭借着胖乎乎的可爱形象，再加上一个个令人捧腹的包袱，总能轻而易举地把观众逗得哈 哈大笑
P0441,1625,对比41岁贾玲和沈腾老婆后，才发现压力胖和幸福肥的差距一目了然,,,,,,,,,虽然有很多网友觉得，胖胖的贾玲明明很可爱啊，像年画娃娃一样，可是却能明显 的看出，胖了的贾玲并不开心，相反，她还受了很多歧视
P0504,1626,【我们的故事】“偷报纸的人”和流浪者的礼包：Phoebe奶吧里的故事,,,,,,,,,L是个光头，身上纹着纹身，膀阔腰圆，跟电影里的机车男一模一样
P0303,1627,发胖真有“分界线” 从这个年龄开始代谢急转直下,,,,,,,,,体内激素改变，让人很容易变胖，激素是体内各种新陈代谢反应的化学信使，调控着大多数身体机能的改变
P0382,1628,外食族身材管理挑戰多 營養師揭健康餐盒4地雷,,,,,,,,,营养师徐佳靖今天在记者会分享常见的健康餐盒地雷选项，第1种是餐盒淀粉类比蛋白质加上蔬菜还要多，淀粉过多不仅不利血糖稳定，容易变胖，更空有热量，营养不均，「这是CP值（性价比）最低，吃心酸的
P0758,1629,狂吃不胖还减肥 减肥疫苗来了?美国人狂喜:快上市,,,,,,,,,他们宣称，疫苗主要是通过母牛分枝杆菌抑制炎症导致的身体发胖
P0274,1630,"别超重!体重如果达到这个数,等于大脑早衰了12年",,,,,,,,,总之，“一胖生百病”不是玩笑话
P1029,1631,追求长寿第一步：把自己吃胖一丢丢,,,,,,,,,这种可以把自己卡住的情况除外｜giphy 我想起一位在ICU当护士的朋友说的话：“那些瘦瘦的病人可能扛不了一两天， 人还是要有点肥肉才撑过难关
P0490,1632,惊人报告！澳洲超市里的这些东西，吃多了中风早死风险飙升！吓得手里可乐都掉了！,,,,,,,,,超加工食品令人肥胖
P0345,1633,哪种体型的人更长寿？研究发现：这个部位“细”点好！,,,,,,,,,体重指数（BMI）较低、腰围较粗的老人，全因死亡风险则是最高
P0628,1634,沈腾儿子6岁生日宴在高级餐厅举行，小狮子蹦蹦跳跳，白白胖胖,,,,,,,,,小家伙长 成一个“小肉球”，全身都是肉，又白又胖，而且越长越壮
P0920,1635,"胖子终于有救了! 澳洲药房推神奇黑科技! 做个简单小测试, 肉就没了...",,,,,,,,,最后 很多人想要减肥，但是苦于没有办法，基因上的肥胖让人哪怕喝凉水都长肉
P0205,1636,【健康知识】胖哪儿都不能胖这里！,,,,,,,,,减小肚腩，让我们从现在开始吧
P0027,1637,43岁贾玲近照曝光！和汪顺一起打球，身材苗条年轻有活力，没复胖,,,,,,,,,有观众将这一句话解读为“胖子时期的贾玲一切搞笑行为都是伪装，都是在欺骗观众”，因此对她十分不满
P0502,1638,成年女性逾半腰圍過粗 醫籲母親節用擁抱關心健康,,,,,,,,,更年期则因雌激素下降，代谢大幅减少，若活动量不足、饮食不当，腹部脂肪更易堆积，体重平均增加约3.4公斤，腰围增加5.7公分
P0883,1639,《老情歌》吕方暴肥模样曝光 「胖到看不见脖子」身材大走钟,,,,,,,,,影片曝光后，掀起网友毒舌评论：「现在真的是吕方了，确实是『方』了」 、「胖到声线都变了，明显中气 不足，和以前相比真的差很多」 、「不说根本认不出来是吕方」 、「居然胖成这个样子，太让人难以置信 了」 、「真的该好好减肥一下了」
P0013,1640,24岁中国妹子火上外媒！工作1年长胖40斤，她一怒之下辞职，前后转变惊呆网友...,,,,,,,,,在那里，我每隔一天就会吃一些油腻的食物，但我几乎没有长胖
P0004,1641,3类人的肝脏属于“易胖体质”，肝癌风险也在升高,,,,,,,,,02 脂肪肝离肝癌仅需4步 肝脏长胖之后，肝细胞可经历慢性炎症
P0459,1642,巨石强森变“鹅卵石”:大肌霸的诸神黄昏,,,,,,,,,打药打死，还是活活胖死，终究都是殊途同归
P0932,1643,"英国最胖的人:体重890斤创世界纪录,成功减重‘三个贾玲’!被美国女子求爱追到英国…",,,,,,,,,长时间的放纵让保罗的体重不断飙升，最终达到了445kg，整个人的脂肪堆积成一团，形如怪物
P0304,1644,只会为角色减肥的女演员，真的放下体重焦虑了？！,,,,,,,,,说到梨形身材，懂得都懂，这类身型就算再瘦也没办法变成那种纤细骨感的身材，但很多梨形身材很会“藏肉”，尤其是阚清子这种天生小头小脸，衣服穿对了可以很好地修饰一些“胯宽、胳膊粗等”问题，迎着阳光这种生命力的美好，为什么还非要管他体重是否过百呢
P0291,1645,华人教授当着儿女面枪杀妻子！清华学霸杀妻案终于开庭，凶手却被养的白白胖胖...,,,,,,,,,直到6月7日的第二次认罪听证会，陈才终于入座被告席，但明显有些发福
P0053,1646,"《731》票房破10亿:央视祝贺,它的火爆皆因这三点",,,,,,,,,在大众的印象里，王志文近几年很胖，很有文艺气质，一直是文艺大叔的代表人物
P0816,1647,研究显示:面包燕麦酸奶...长期吃这类食物会变胖还变傻,,,,,,,,,他跟很多人一样，信奉一句话，只要坚持少吃低脂肪类的食物，并坚持运动，就不会变胖，以及保持健康
P0357,1648,国家喊你减肥真相曝光：中国已成超重大国，胖下去后果太严重,,,,,,,,,这种“隐形肥胖”让很多人浑然不觉，却已迈入超重行列
P0388,1649,多寶月子,,,,,,,,,"二十五天过后,护士再来查房时,发现孩子真的吃胖了, 脸上红扑扑的,肌肉紧绷绷的,眼睛水灵灵的,一过磅,竟然8斤5量,她高兴地欢天喜地,满脸堆她变样了,我放心了"
P0867,1650,【美女】35岁翘臀姐姐，竟泡走26岁小鲜肉，这“水蜜桃“身材我沦陷了...,,,,,,,,,金恩熙天生就是易胖体质， 少女时期的她，肉肉的还挺可爱， 而结婚生子后，她的体重开始直线飙升
P0441,1651,对比41岁贾玲和沈腾老婆后，才发现压力胖和幸福肥的差距一目了然,,,,,,,,,如今被拍到也是如此，即使自己身材走形、样貌与从前也是天差地别，可是王琦还 是笑吟吟的，发胖也是幸福肥
P0274,1652,"别超重!体重如果达到这个数,等于大脑早衰了12年",,,,,,,,,20年中，还有11%“健康的胖人”变成了“健康的瘦人”
P0888,1653,肚子越大，脑子越小？肚子大可能“藏”着这些风险,,,,,,,,,比如，肚子大、 腰围粗就是动脉硬化正在进展的一个重要指示
P0009,1654,7个不起眼的小习惯，其实可以养肝,,,,,,,,,肚子隆起，不仅增加脂肪肝风险，若不及时干预，还会拉升肝癌风险
P0528,1655,挺住，别躺平！30岁后的男人，减掉肚腩才能赢未来,,,,,,,,,生活中的“小尴尬”也层出不穷——喜欢的裤子穿不上、动作稍微剧烈裤裆就顶不住……这些问题无不提醒我们：减肥迫在眉睫
P0459,1656,巨石强森变“鹅卵石”:大肌霸的诸神黄昏,,,,,,,,,从Rock瘦成Stone，从Johnson（强森）变成Thinson（瘦身），演员增肥很容易，但瘦下去可没那么容易，何况还是短期掉如此大的体重，所以有一大批观众都在猜测是不敢继续上类固醇了
P0043,1657,62岁千百惠去世原因曝光，患病后发胖到150斤，知三当三晚年凄凉,,,,,,,,,到了2021年年底，千百惠接受专访时透露，她因得了带状疱疹，连声音都变了，因为药物的原因，明明吃得很少，却看起来很胖，脸像发胀的气球一样，当时她的体重增至150斤
P0273,1658,"别看潘粤明现在胖若两人,顶顶跟他发福前一模一样",,,,,,,,,想来演《甄嬛传》也才四十出头，已成“胖大爷”，一屋子的佳丽在侧，像差了辈
P1083,1659,"陈瑶一句“我胖了”惹怒网友, 明星都是怎么瘦下来的!",,,,,,,,,在出演该剧时，她还能明显看出有一些婴儿肥，但如今在她晒出的照片中，可以明显感觉到脸上的婴儿肥消失了，腰更细了，腿也更长了，整体颜值提升至少一个档次
P0261,1660,出現這些症狀 其實你正在「發福」,,,,,,,,,"胃口变大吃下过多的食物是造成肥的关键原因,在没有特殊疾病的情 况下,突然食欲大增,饮食不规律,都是发胖的迹象"
P0609,1661,每4个孩子就有一人超重：这份小胖墩“减负”指南请收好,,,,,,,,,心理受创伤：肥胖儿童常因体型遭受同伴嘲笑，进而产生自尊心受损、自卑感等问题
P0685,1662,澳洲专家建议“封杀”圣诞老人！说会教坏小孩！原因竟然是因为太胖？？？,,,,,,,,,现在有人连Santa都嫌弃 NO.01 一位澳洲健康研究员和食品科学家公开喊话：希望我们不要再故意把枕头或其他填充物 塞进圣诞老人那件著名的红衣服前面从而让圣诞老人变胖得“圆滚滚”Dr Vincent Candrawinata知道他这么说不一定会受欢迎，但他说需要有人这么做
P0927,1663,腹部、大腿還是手臂?,,,,,,,,,"研究显示,大腿圆润的人高血压风险较低,骨质疏松的概率也下降,甚至能在更年期女性中延缓骨质流失"
P0585,1664,李小璐拍广告疑似正式复出 小腹凸起身材发福,,,,,,,,,然而前段时间，李小璐发了一些照片，她的腰间没有一丝多余的赘肉，小蛮腰十分引人注目
P0486,1665,惊！小哥挑战只练一侧肌肉，左边壮汉右边细狗！竟是因为“不想太受欢迎”…,,,,,,,,,为了可以更科学，更快速获得完美的下颚线，他专门找来练下颚线的器具放在嘴里，还通过视频、直播的形式和网友们一边分享，一边打卡，2016年开始他坚持每天练习下颚线的咬肌，终于将圆润的侧脸练出了有菱有角的方方下颚线，最后也如愿的获得了模特的入场券
P0407,1666,女大学生怀胎7月被当肾病医治后身亡，当地卫健委介入调查,,,,,,,,,今年2月，放寒假回家的丽丽因身体发胖，在家人的带领下去河南南阳邓州市人民医院检查，被确诊为肾病综合征
P0174,1667,以为只是变胖！澳洲妹子就医才知怀孕9个半月，17小时后生了,,,,,,,,,夏洛特（Charlotte Summers）在TikTok平台PO影片分享经历，透露在生下儿子之前，她意识到体重增加，牛仔裤尺度也变大，「显然我变胖了，但我已经谈了2年半的恋爱，应该是幸福肥吧」，加上当时生活压力不少，因此并没想太多
P0019,1668,33岁张含韵被骂“爆肥”！1.62米55公斤，本人晒秤自嘲“真的胖”,,,,,,,,,” 不过，正如粉丝所说，“糊”了这么多年，好不容易凭借《浪姐》和一些综艺节目翻红，如今又有电影要到处宣传，就不应该放纵自己胖到现在这个样子，担心会因此影响到她的事业
P0601,1669,“梨形身材是基因彩票”上热搜，网友：谢谢，有被安慰到,,,,,,,,,梨形身材又叫A型身材，其主要特点就是指像梨一样，上细下宽，肌肉和脂肪主要堆积在腰部和下肢，主要特征表现为肩窄、腰细、胯宽、腿粗
P0609,1670,每4个孩子就有一人超重：这份小胖墩“减负”指南请收好,,,,,,,,,肝脏变油囊：肝脏是肥胖的直接受害者之一
P0022,1671,39岁郭碧婷正式复出！虎背熊腰胖了50斤，复出原因疑曝光,,,,,,,,,如今的郭碧婷美则美矣，但身材却被嘲虎背熊腰，气质也和向太愈发神似
P0048,1672,200斤女孩为美狂瘦至90斤 ！要么瘦，要么死,,,,,,,,,12岁时，甜的体重已经到了140斤，周围有人用“死猪”来称呼她，无端的恶意连绵不绝
P0773,1673,甲辰回國續記,,,,,,,,,"某旅友虽与我年龄相彷,但健步如飞,爱当排头,我腹大如牯,难以追随,便调侃道,男性每次射精上亿,而有幸钻入卵子成活者,唯一二而已,再则即使成人,也是苦不堪言,何必争当人先,驴(旅)友们听罢,一阵哄笑"
P1027,1674,进入更年期女性的养生保健,,,,,,,,,"如果 还是和以前一样的饮食,就容易长胖"
P0135,1675,中国胖子，即将反超美国,,,,,,,,,超加工食品为什么能让人发胖
P0657,1676,潘帅变潘叔？44岁潘玮柏中年发福不敢认，胖至200斤老10岁，网友：快减肥,,,,,,,,,就这样，到了2022年末录制披哥的衍生综艺，潘玮柏庞大的身躯又受到了瞩目
P0943,1677,萬聖節別落入甜蜜陷阱 親子共煮南瓜點心好健康,,,,,,,,,小时候胖就是胖，台湾儿童过重、肥胖问题严重，每3名孩子就有1人体重失控
P0462,1678,常吃这4类食物的人，肚子最容易长肉！,,,,,,,,,压力肚 压力肚的胸部往下像缠了一圈面包
P1029,1679,追求长寿第一步：把自己吃胖一丢丢,,,,,,,,,但研究结果出来的时候，研究人员（以及我）还是瞠目结舌了： 与BMI（即体重的公斤数除以身高米数的平方）处于22.5到24.9，也就是美国标准下的标准身材相比， 偏胖的人死亡风险更低
P0410,1680,"女神?:刘亦菲发福,杨幂脸垮,林志玲僵硬,娄艺潇科技",,,,,,,,,而在精修图中，她的双下巴就被P掉了
P0478,1681,微胖入秋别这么穿！显胖又土气，真的太丑了！,,,,,,,,,柔软轻薄的衣服虽然是凉爽，但真的非常容易没有质感，这点微胖的姐妹一定要避雷 像是这种亚麻的款式姐妹们一定不要买，真的很容易皱，一皱巴就很显廉价
P0079,1682,USANA优莎纳蛋白营养粉——甩掉游泳圈，赢回人生C位,,,,,,,,,肥胖：不仅是“肉多”，还是健康隐患 肥胖是病吗
P0283,1683,十大傷腎邪恶美食曝光 原來我們都吃過,,,,,,,,,"时常吃炸鸡排,不只会发胖,更会伤肝、伤肾、伤血管及提升致癌率"
P0191,1684,你过得好不好，从吃饭就能看出来,,,,,,,,,当嘉宾说她这是过劳肥时，她只能苦笑着调侃自己：“我这是因工负伤
P0247,1685,冯巩67岁大寿 贾玲搂恩师合影 复胖身形引关注,,,,,,,,,想当初，从前的贾玲胖胖的脸蛋肉感十足，后来减肥成功后，只要一大笑，立刻暴露出了脸上的鱼尾纹、木偶纹，就算后来脸上长了肉，但再也掩盖不住这些纹路的痕迹
P0304,1686,只会为角色减肥的女演员，真的放下体重焦虑了？！,,,,,,,,,贾玲破靠着自身的努力破茧成蝶，让整个娱乐圈都看到了全新的自己，仪态良好，身材紧致，自信沉稳，并拿下多个高奢代言，她甚至带着“中国演员、电影导演“走向国际的舞台，然而人们却只关注到她瘦得脱相了、甚至更多人看到她穿黑色，觉得是为了显瘦，因为她“不出意外”地复胖了
P0187,1687,“你太胖了吧”！25岁女网红为了一口气，全身注射“减脂神器”，结果……,,,,,,,,,"双下巴、拜拜肉、小肚子、大象腿 ...... 只要打一针,统统没有了,整个人暴瘦一圈!真有这种好事? 25岁的小美(化名)毕业不久后,就来到了杭州从事直播工作,由于容貌姣好,又勤快肯干,很快吸引了不少的粉丝"
